idTicket,idEmpresa,empresaNombre,idUsuario,fechaEmision,horaEmision,metodoPago,estacion,lineas,baseImponible,iva,total,moneda,tipoDocumento
T-0C1311ADF29F,EMP001,Transporte_01 S.L.,EMP001-U001,2025-04-13,04:23:15,Tarjeta de empresa,"{'id': '1492', 'nombre': 'COOP. LA SIBERIA EXTREMEÑA', 'provincia': 'BADAJOZ', 'municipio': 'TALARRUBIAS', 'direccion': 'AVENIDA EXTREMADURA, 118', 'lat': 39.042917, 'lon': -5.234583, 'grupo': 'COOP. LA SIBERIA EXTREMEÑA', 'nifEmpresa': 'R2181960B'}","[{'producto': 'Gasolina 95 E5', 'litros': 17.44, 'precioUnitario': 1.5, 'importe': 26.16}]",21.62,4.54,26.16,EUR,Factura simplificada
T-55903B782FD8,EMP001,Transporte_01 S.L.,EMP001-U001,2025-06-14,00:57:19,Tarjeta de empresa,"{'id': '6170', 'nombre': 'E.S SANT ISIDRE', 'provincia': 'LLEIDA', 'municipio': 'BORGES BLANQUES (LES)', 'direccion': 'AVINGUDA JAUME SEGARRA, S/N', 'lat': 41.523167, 'lon': 0.861694, 'grupo': 'E.S SANT ISIDRE', 'nifEmpresa': 'E08386377'}","[{'producto': 'Gasolina 95 E5', 'litros': 25.64, 'precioUnitario': 1.489, 'importe': 38.18}]",31.55,6.63,38.18,EUR,Factura simplificada
T-3B130BF0D608,EMP001,Transporte_01 S.L.,EMP001-U001,2025-01-03,13:38:09,Tarjeta de empresa,"{'id': '3956', 'nombre': 'REPSOL', 'provincia': 'CÓRDOBA', 'municipio': 'CASTRO DEL RÍO', 'direccion': 'CALLE RONDA PUENTE NUEVO, SN', 'lat': 37.691333, 'lon': -4.486028, 'grupo': 'REPSOL', 'nifEmpresa': 'A78374725'}","[{'producto': 'Gasóleo A', 'litros': 50.44, 'precioUnitario': 1.434, 'importe': 72.33}]",59.78,12.55,72.33,EUR,Factura simplificada
T-C3C4181BF9CE,EMP001,Transporte_01 S.L.,EMP001-U001,2025-06-04,00:23:23,Tarjeta de empresa,"{'id': '550', 'nombre': 'GLOBAL OIL', 'provincia': 'ALICANTE', 'municipio': 'SAN MIGUEL DE SALINAS', 'direccion': 'CALLE CV-95, 17,4', 'lat': 37.990083, 'lon': -0.799444, 'grupo': 'GLOBAL OIL', 'nifEmpresa': 'Z35116151'}","[{'producto': 'Gasolina 98 E5', 'litros': 23.02, 'precioUnitario': 1.707, 'importe': 39.3}]",32.48,6.82,39.3,EUR,Factura simplificada
T-AC20A854020A,EMP001,Transporte_01 S.L.,EMP001-U001,2025-07-26,17:43:18,Tarjeta de empresa,"{'id': '451', 'nombre': 'BP', 'provincia': 'ALICANTE', 'municipio': 'JÁVEA/XÀBIA', 'direccion': 'CARRETERA JAVEA BENITACHELL KM. 7,093', 'lat': 38.74075, 'lon': 0.150944, 'grupo': 'BP', 'nifEmpresa': 'A28011559'}","[{'producto': 'Gasóleo A', 'litros': 52.21, 'precioUnitario': 1.442, 'importe': 75.29}]",62.22,13.07,75.29,EUR,Factura simplificada
T-7FDC2B5B57D9,EMP001,Transporte_01 S.L.,EMP001-U001,2025-04-21,12:50:49,Efectivo,"{'id': '644', 'nombre': 'REPSOL', 'provincia': 'ALMERÍA', 'municipio': 'ALHAMA DE ALMERÍA', 'direccion': 'CARRETERA A-348 KM. 138,830', 'lat': 36.949944, 'lon': -2.555722, 'grupo': 'REPSOL', 'nifEmpresa': 'A78374725'}","[{'producto': 'Gasóleo Premium', 'litros': 33.33, 'precioUnitario': 1.502, 'importe': 50.06}]",41.37,8.69,50.06,EUR,Factura simplificada
T-3F3F238DCF84,EMP001,Transporte_01 S.L.,EMP001-U001,2025-06-05,22:32:49,Tarjeta de empresa,"{'id': '8951', 'nombre': 'AIRA SILLEDA', 'provincia': 'PONTEVEDRA', 'municipio': 'SILLEDA', 'direccion': 'CARRETERA DE SIADOR KM. 1', 'lat': 42.688083, 'lon': -8.253111, 'grupo': 'AIRA SILLEDA', 'nifEmpresa': 'E59310342'}","[{'producto': 'Gasóleo Premium', 'litros': 37.9, 'precioUnitario': 1.563, 'importe': 59.24}]",48.96,10.28,59.24,EUR,Factura simplificada
T-9E072F5ED082,EMP001,Transporte_01 S.L.,EMP001-U001,2025-01-25,02:29:33,Efectivo,"{'id': '6090', 'nombre': 'MOEVE', 'provincia': 'LEÓN', 'municipio': 'VILLAGATÓN', 'direccion': 'AUTOVIA A-6 (MRG.DCHO.) KM. 350', 'lat': 42.60175, 'lon': -6.232, 'grupo': 'MOEVE', 'nifEmpresa': 'A28003119'}","[{'producto': 'Gasolina 95 E5', 'litros': 30.06, 'precioUnitario': 1.519, 'importe': 45.66}]",37.74,7.92,45.66,EUR,Factura simplificada
T-C3233CE791E5,EMP001,Transporte_01 S.L.,EMP001-U001,2025-07-06,18:20:49,Tarjeta de empresa,"{'id': '3250', 'nombre': 'REPSOL', 'provincia': 'CÁDIZ', 'municipio': 'SAN ROQUE', 'direccion': 'AUTOVIA A-7 KM. 116,000', 'lat': 36.207222, 'lon': -5.410139, 'grupo': 'REPSOL', 'nifEmpresa': 'A78374725'}","[{'producto': 'Gasóleo Premium', 'litros': 45.52, 'precioUnitario': 1.527, 'importe': 69.51}]",57.45,12.06,69.51,EUR,Factura simplificada
T-AD0D2D830DC7,EMP001,Transporte_01 S.L.,EMP001-U001,2025-01-11,16:19:34,Tarjeta de empresa,"{'id': '4566', 'nombre': 'E.S.QUINTANAR', 'provincia': 'CUENCA', 'municipio': 'QUINTANAR DEL REY', 'direccion': 'CARRETERA N320 KM. 43,5', 'lat': 39.333472, 'lon': -1.928833, 'grupo': 'E.S.QUINTANAR', 'nifEmpresa': 'N1928327D'}","[{'producto': 'Gasóleo A', 'litros': 37.52, 'precioUnitario': 1.446, 'importe': 54.25}]",44.83,9.42,54.25,EUR,Factura simplificada
T-878FE4C87D6A,EMP001,Transporte_01 S.L.,EMP001-U001,2025-05-24,13:19:23,Efectivo,"{'id': '218', 'nombre': 'GOTETA', 'provincia': 'ALICANTE', 'municipio': 'ALICANTE/ALACANT', 'direccion': 'AVENIDA DENIA, 60', 'lat': 38.355389, 'lon': -0.472306, 'grupo': 'GOTETA', 'nifEmpresa': 'J35030568'}","[{'producto': 'Gasóleo Premium', 'litros': 25.31, 'precioUnitario': 1.515, 'importe': 38.34}]",31.69,6.65,38.34,EUR,Factura simplificada
T-01DDDD6EFC81,EMP001,Transporte_01 S.L.,EMP001-U001,2025-01-30,21:41:50,Efectivo,"{'id': '4124', 'nombre': 'BALLENOIL', 'provincia': 'CÓRDOBA', 'municipio': 'PUENTE GENIL', 'direccion': 'CALLE LAUREL, 3', 'lat': 37.399306, 'lon': -4.762528, 'grupo': 'BALLENOIL', 'nifEmpresa': 'B65371171'}","[{'producto': 'Gasóleo A', 'litros': 46.96, 'precioUnitario': 1.414, 'importe': 66.4}]",54.88,11.52,66.4,EUR,Factura simplificada
T-C7ECC0AAE2ED,EMP001,Transporte_01 S.L.,EMP001-U001,2025-06-02,14:38:33,Tarjeta de empresa,"{'id': '2933', 'nombre': 'GRANAOIL', 'provincia': 'CÁCERES', 'municipio': 'MOHEDAS DE GRANADILLA', 'direccion': 'PASEO PASEO DEL CRUCE, 16', 'lat': 40.240528, 'lon': -6.192194, 'grupo': 'GRANAOIL', 'nifEmpresa': 'S2423884B'}","[{'producto': 'Gasóleo A', 'litros': 34.09, 'precioUnitario': 1.476, 'importe': 50.32}]",41.59,8.73,50.32,EUR,Factura simplificada
T-0391D77AC4E5,EMP001,Transporte_01 S.L.,EMP001-U001,2025-07-08,07:06:42,Tarjeta de empresa,"{'id': '7784', 'nombre': 'ROYMAGA PETROLEOS,SL', 'provincia': 'MURCIA', 'municipio': 'CARTAGENA', 'direccion': 'CARRETERA DEL ALBUJON KM. S/N', 'lat': 37.720417, 'lon': -1.021583, 'grupo': 'ROYMAGA PETROLEOS,SL', 'nifEmpresa': 'R2871012G'}","[{'producto': 'Gasóleo Premium', 'litros': 42.17, 'precioUnitario': 1.499, 'importe': 63.21}]",52.24,10.97,63.21,EUR,Factura simplificada
T-08C55318F1B4,EMP001,Transporte_01 S.L.,EMP001-U001,2025-07-29,04:41:07,Tarjeta de empresa,"{'id': '2729', 'nombre': 'BEROIL', 'provincia': 'BURGOS', 'municipio': 'BUNIEL', 'direccion': 'CARRETERA A 62 KM. 14', 'lat': 42.300722, 'lon': -3.835139, 'grupo': 'BEROIL', 'nifEmpresa': 'P6697848G'}","[{'producto': 'Gasolina 98 E5', 'litros': 30.72, 'precioUnitario': 1.712, 'importe': 52.59}]",43.46,9.13,52.59,EUR,Factura simplificada
T-141D191BDFFD,EMP001,Transporte_01 S.L.,EMP001-U001,2025-04-07,00:51:07,Tarjeta de empresa,"{'id': '9967', 'nombre': 'GALP', 'provincia': 'SEVILLA', 'municipio': 'SEVILLA', 'direccion': 'AVENIDA MOLINI, 3', 'lat': 37.369361, 'lon': -5.988139, 'grupo': 'GALP', 'nifEmpresa': 'A28559573'}","[{'producto': 'Gasolina 95 E5', 'litros': 34.53, 'precioUnitario': 1.509, 'importe': 52.11}]",43.07,9.04,52.11,EUR,Factura simplificada
T-A411B888D3A7,EMP001,Transporte_01 S.L.,EMP001-U001,2025-05-12,12:49:57,Tarjeta de empresa,"{'id': '3070', 'nombre': 'REPSOL', 'provincia': 'CÁDIZ', 'municipio': 'CÁDIZ', 'direccion': 'AVENIDA ALCALDE MANUEL DE LA PINTA, 22', 'lat': 36.5025, 'lon': -6.271111, 'grupo': 'REPSOL', 'nifEmpresa': 'A78374725'}","[{'producto': 'Gasóleo A', 'litros': 38.24, 'precioUnitario': 1.437, 'importe': 54.95}]",45.41,9.54,54.95,EUR,Factura simplificada
T-9F653FA8A881,EMP001,Transporte_01 S.L.,EMP001-U001,2025-07-16,14:03:40,Tarjeta de empresa,"{'id': '2799', 'nombre': 'GALP', 'provincia': 'BURGOS', 'municipio': 'OQUILLAS', 'direccion': 'AUTOVIA A-2 KM. 176,6', 'lat': 41.824917, 'lon': -3.703972, 'grupo': 'GALP', 'nifEmpresa': 'A28559573'}","[{'producto': 'Gasóleo A', 'litros': 42.48, 'precioUnitario': 1.442, 'importe': 61.26}]",50.63,10.63,61.26,EUR,Factura simplificada
T-39EA157FBB80,EMP001,Transporte_01 S.L.,EMP001-U001,2025-07-11,05:40:40,Tarjeta de empresa,"{'id': '2567', 'nombre': 'BP PLANAMAR', 'provincia': 'BARCELONA', 'municipio': 'VILASSAR DE MAR', 'direccion': 'CARRETERA NACIONAL II KM. 639,5', 'lat': 41.495722, 'lon': 2.379111, 'grupo': 'BP PLANAMAR', 'nifEmpresa': 'Q1489325I'}","[{'producto': 'Gasóleo A', 'litros': 37.5, 'precioUnitario': 1.428, 'importe': 53.55}]",44.26,9.29,53.55,EUR,Factura simplificada
T-5BFF7133D511,EMP001,Transporte_01 S.L.,EMP001-U001,2025-07-23,11:21:38,Tarjeta de empresa,"{'id': '7405', 'nombre': 'BP ES CARTAMA', 'provincia': 'MÁLAGA', 'municipio': 'CÁRTAMA', 'direccion': 'AUTOVIA A-357 KM. 57', 'lat': 36.720194, 'lon': -4.592056, 'grupo': 'BP ES CARTAMA', 'nifEmpresa': 'Q0957015A'}","[{'producto': 'Gasolina 98 E5', 'litros': 70.23, 'precioUnitario': 1.734, 'importe': 121.78}]",100.64,21.14,121.78,EUR,Factura simplificada
T-23B059440D9F,EMP001,Transporte_01 S.L.,EMP001-U001,2025-06-25,04:17:49,Tarjeta de empresa,"{'id': '10275', 'nombre': 'COPVILAR', 'provincia': 'TARRAGONA', 'municipio': 'VILA-RODONA', 'direccion': 'CARRETERA TP-2003 KM. 0,110', 'lat': 41.306611, 'lon': 1.354611, 'grupo': 'COPVILAR', 'nifEmpresa': 'V11718228'}","[{'producto': 'Gasóleo A', 'litros': 53.69, 'precioUnitario': 1.428, 'importe': 76.67}]",63.36,13.31,76.67,EUR,Factura simplificada
T-E65D4E4723F6,EMP001,Transporte_01 S.L.,EMP001-U001,2025-02-14,10:00:41,Tarjeta de empresa,"{'id': '4925', 'nombre': 'PETROLIS', 'provincia': 'GIRONA', 'municipio': 'OLOT', 'direccion': 'AVENIDA EUROPA - PARCELA, 7', 'lat': 42.192861, 'lon': 2.482639, 'grupo': 'PETROLIS', 'nifEmpresa': 'Q9638346H'}","[{'producto': 'Gasóleo Premium', 'litros': 45.58, 'precioUnitario': 1.539, 'importe': 70.15}]",57.98,12.17,70.15,EUR,Factura simplificada
T-DFA4D3072140,EMP001,Transporte_01 S.L.,EMP001-U001,2025-05-01,15:40:50,Tarjeta de empresa,"{'id': '2361', 'nombre': 'EVOLUTION', 'provincia': 'BARCELONA', 'municipio': 'SANT FELIU DE LLOBREGAT', 'direccion': 'CALLE ARMENTERES, 62', 'lat': 41.376861, 'lon': 2.044806, 'grupo': 'EVOLUTION', 'nifEmpresa': 'X33150988'}","[{'producto': 'Gasóleo A', 'litros': 18.79, 'precioUnitario': 1.426, 'importe': 26.79}]",22.14,4.65,26.79,EUR,Factura simplificada
T-0DBF27A21E84,EMP001,Transporte_01 S.L.,EMP001-U001,2025-06-28,12:09:19,Tarjeta de empresa,"{'id': '10969', 'nombre': 'CARBURANTS+DEL+CAMP+DE+LLUTXENT', 'provincia': 'VALENCIA / VALÈNCIA', 'municipio': 'LLUTXENT', 'direccion': 'CAMI DEL PLA, S/N', 'lat': 38.9405, 'lon': -0.360389, 'grupo': 'CARBURANTS+DEL+CAMP+DE+LLUTXENT', 'nifEmpresa': 'H31051832'}","[{'producto': 'Gasolina 98 E5', 'litros': 36.65, 'precioUnitario': 1.732, 'importe': 63.48}]",52.46,11.02,63.48,EUR,Factura simplificada
T-D1E6AABC3B39,EMP001,Transporte_01 S.L.,EMP001-U001,2025-04-10,15:47:34,Tarjeta de empresa,"{'id': '9955', 'nombre': 'BP', 'provincia': 'SEVILLA', 'municipio': 'SEVILLA', 'direccion': 'AVENIDA MANUEL SIUROT, 5', 'lat': 37.366806, 'lon': -5.984528, 'grupo': 'BP', 'nifEmpresa': 'A28011559'}","[{'producto': 'Gasóleo A', 'litros': 29.17, 'precioUnitario': 1.447, 'importe': 42.21}]",34.88,7.33,42.21,EUR,Factura simplificada
T-A0BD07984C65,EMP001,Transporte_01 S.L.,EMP001-U001,2025-04-27,14:45:46,Efectivo,"{'id': '1417', 'nombre': 'NIEVES', 'provincia': 'BADAJOZ', 'municipio': 'MÉRIDA', 'direccion': 'CALLE POLIGONO INDUSTRIAL EL PRADO CL SUP-PA-01 B8., S/N', 'lat': 38.919111, 'lon': -6.37425, 'grupo': 'NIEVES', 'nifEmpresa': 'V73763112'}","[{'producto': 'Gasolina 98 E5', 'litros': 54.59, 'precioUnitario': 1.682, 'importe': 91.82}]",75.88,15.94,91.82,EUR,Factura simplificada
T-7BF302391EC4,EMP001,Transporte_01 S.L.,EMP001-U001,2025-01-15,17:30:55,Tarjeta de empresa,"{'id': '3593', 'nombre': 'GMR', 'provincia': 'CASTELLÓN / CASTELLÓ', 'municipio': 'ONDA', 'direccion': 'CALLE MEJICO, 7', 'lat': 39.981361, 'lon': -0.156861, 'grupo': 'GMR', 'nifEmpresa': 'H10651339'}","[{'producto': 'Gasóleo Premium', 'litros': 37.02, 'precioUnitario': 1.532, 'importe': 56.71}]",46.87,9.84,56.71,EUR,Factura simplificada
T-A154BDE62C25,EMP001,Transporte_01 S.L.,EMP001-U001,2025-03-24,09:31:34,Tarjeta de empresa,"{'id': '522', 'nombre': 'BALLENOIL', 'provincia': 'ALICANTE', 'municipio': 'PETRER', 'direccion': 'CALLE PRESBITERO CONRADO POVEDA, 1', 'lat': 38.489028, 'lon': -0.783861, 'grupo': 'BALLENOIL', 'nifEmpresa': 'B65371171'}","[{'producto': 'Gasolina 98 E5', 'litros': 16.95, 'precioUnitario': 1.729, 'importe': 29.31}]",24.22,5.09,29.31,EUR,Factura simplificada
T-9E42D5D8A47B,EMP001,Transporte_01 S.L.,EMP001-U001,2025-06-05,23:46:03,Tarjeta de empresa,"{'id': '1915', 'nombre': 'SPAROIL', 'provincia': 'BARCELONA', 'municipio': 'CANYELLES', 'direccion': 'CARRETERA VILAFRANCA KM. 45', 'lat': 41.280222, 'lon': 1.723639, 'grupo': 'SPAROIL', 'nifEmpresa': 'P7810801F'}","[{'producto': 'Gasolina 98 E5', 'litros': 45.06, 'precioUnitario': 1.72, 'importe': 77.5}]",64.05,13.45,77.5,EUR,Factura simplificada
T-E339F21D4C55,EMP001,Transporte_01 S.L.,EMP001-U001,2025-06-11,09:24:28,Tarjeta de empresa,"{'id': '6775', 'nombre': 'SHELL', 'provincia': 'MADRID', 'municipio': 'LOZOYUELA-NAVAS-SIETEIGLESIAS', 'direccion': 'CTRA. N-I km 64,650', 'lat': 40.906667, 'lon': -3.610167, 'grupo': 'SHELL', 'nifEmpresa': 'W6026064C'}","[{'producto': 'Gasolina 98 E5', 'litros': 28.11, 'precioUnitario': 1.721, 'importe': 48.38}]",39.98,8.4,48.38,EUR,Factura simplificada
T-15E73E74FE79,EMP001,Transporte_01 S.L.,EMP001-U001,2025-07-27,16:07:00,Tarjeta de empresa,"{'id': '2341', 'nombre': 'ESCLATOIL', 'provincia': 'BARCELONA', 'municipio': 'SANT CELONI', 'direccion': 'CARRETERA C-35 KM. 56,1', 'lat': 41.687306, 'lon': 2.494722, 'grupo': 'ESCLATOIL', 'nifEmpresa': 'J72343098'}","[{'producto': 'Gasóleo Premium', 'litros': 25.64, 'precioUnitario': 1.483, 'importe': 38.02}]",31.42,6.6,38.02,EUR,Factura simplificada
T-37C84E6070DD,EMP001,Transporte_01 S.L.,EMP001-U001,2025-07-25,19:50:05,Tarjeta de empresa,"{'id': '10365', 'nombre': 'REPSOL', 'provincia': 'TERUEL', 'municipio': 'RUBIELOS DE MORA', 'direccion': 'CR TE - 200, 16,4', 'lat': 40.19075, 'lon': -0.655917, 'grupo': 'REPSOL', 'nifEmpresa': 'A78374725'}","[{'producto': 'Gasolina 95 E5', 'litros': 57.38, 'precioUnitario': 1.511, 'importe': 86.7}]",71.65,15.05,86.7,EUR,Factura simplificada
T-4C853AD27513,EMP001,Transporte_01 S.L.,EMP001-U001,2025-01-07,11:20:12,Efectivo,"{'id': '7947', 'nombre': 'UTE ESTACION DE MURCIA', 'provincia': 'MURCIA', 'municipio': 'MURCIA', 'direccion': 'CALLE BOLOS  EN  MURCIA, 4', 'lat': 37.985667, 'lon': -1.139389, 'grupo': 'UTE ESTACION DE MURCIA', 'nifEmpresa': 'Y08121915'}","[{'producto': 'Gasóleo Premium', 'litros': 23.13, 'precioUnitario': 1.482, 'importe': 34.28}]",28.33,5.95,34.28,EUR,Factura simplificada
T-6CB55F0FE522,EMP001,Transporte_01 S.L.,EMP001-U001,2025-03-06,04:35:08,Efectivo,"{'id': '11273', 'nombre': ' E.S. LA TORRETA', 'provincia': 'VALENCIA / VALÈNCIA', 'municipio': 'VALENCIA', 'direccion': 'CALLE LLANO DE LA ZAIDIA, 6', 'lat': 39.483056, 'lon': -0.3785, 'grupo': ' E.S. LA TORRETA', 'nifEmpresa': 'V39909163'}","[{'producto': 'Gasolina 98 E5', 'litros': 48.11, 'precioUnitario': 1.72, 'importe': 82.75}]",68.39,14.36,82.75,EUR,Factura simplificada
T-B403F1CBEB35,EMP001,Transporte_01 S.L.,EMP001-U001,2025-02-12,13:03:39,Tarjeta de empresa,"{'id': '11427', 'nombre': 'REPSOL', 'provincia': 'VALLADOLID', 'municipio': 'SERRADA', 'direccion': 'CARRETERA C A-610 KM. 26', 'lat': 41.461389, 'lon': -4.861028, 'grupo': 'REPSOL', 'nifEmpresa': 'A78374725'}","[{'producto': 'Gasóleo A', 'litros': 29.11, 'precioUnitario': 1.44, 'importe': 41.92}]",34.64,7.28,41.92,EUR,Factura simplificada
T-CBC4B1FF2E46,EMP001,Transporte_01 S.L.,EMP001-U001,2025-06-18,02:51:57,Tarjeta de empresa,"{'id': '4756', 'nombre': 'E.S. ZESTOA-AVIA', 'provincia': 'GIPUZKOA', 'municipio': 'ZESTOA', 'direccion': 'CARRETERA GI-631 KM. 5,00', 'lat': 43.241444, 'lon': -2.259444, 'grupo': 'E.S. ZESTOA-AVIA', 'nifEmpresa': 'A75107995'}","[{'producto': 'Gasóleo A', 'litros': 31.36, 'precioUnitario': 1.465, 'importe': 45.94}]",37.97,7.97,45.94,EUR,Factura simplificada
T-46F914E251AD,EMP001,Transporte_01 S.L.,EMP001-U001,2025-03-06,01:00:34,Tarjeta de empresa,"{'id': '6777', 'nombre': 'CEPSA', 'provincia': 'MADRID', 'municipio': 'MADRID', 'direccion': 'CALLE SEGOVIA C/V A PASEO VIRGEN DEL PUERTO, S/N', 'lat': 40.413778, 'lon': -3.721472, 'grupo': 'CEPSA', 'nifEmpresa': 'A28003119'}","[{'producto': 'Gasolina 95 E5', 'litros': 13.76, 'precioUnitario': 1.53, 'importe': 21.05}]",17.4,3.65,21.05,EUR,Factura simplificada
T-62B1BD394A06,EMP001,Transporte_01 S.L.,EMP001-U001,2025-07-01,00:15:44,Tarjeta de empresa,"{'id': '2272', 'nombre': 'REPSOL', 'provincia': 'BARCELONA', 'municipio': 'ROCA DEL VALLÈS (LA)', 'direccion': 'CR C-1415, 17,4', 'lat': 41.596694, 'lon': 2.309139, 'grupo': 'REPSOL', 'nifEmpresa': 'A78374725'}","[{'producto': 'Gasóleo A', 'litros': 53.71, 'precioUnitario': 1.389, 'importe': 74.6}]",61.65,12.95,74.6,EUR,Factura simplificada
T-70F517DB78A9,EMP001,Transporte_01 S.L.,EMP001-U001,2025-04-17,08:58:57,Tarjeta de empresa,"{'id': '1018', 'nombre': 'PETROPRIX', 'provincia': 'ASTURIAS', 'municipio': 'GIJÓN', 'direccion': 'AVENIDA DE LOS CAMPONES, 2', 'lat': 43.535667, 'lon': -5.689361, 'grupo': 'PETROPRIX', 'nifEmpresa': 'B23709892'}","[{'producto': 'Gasolina 95 E5', 'litros': 72.8, 'precioUnitario': 1.566, 'importe': 114.0}]",94.21,19.79,114.0,EUR,Factura simplificada
T-F3472B980BE2,EMP001,Transporte_01 S.L.,EMP001-U001,2025-04-15,16:00:10,Tarjeta de empresa,"{'id': '710', 'nombre': 'TRANSPORTES BEARCA S.L.', 'provincia': 'ALMERÍA', 'municipio': 'EJIDO (EL)', 'direccion': 'RAMBLA BERNAL, 19', 'lat': 36.797944, 'lon': -2.727306, 'grupo': 'TRANSPORTES BEARCA S.L.', 'nifEmpresa': 'A98084122'}","[{'producto': 'Gasolina 98 E5', 'litros': 53.2, 'precioUnitario': 1.67, 'importe': 88.84}]",73.42,15.42,88.84,EUR,Factura simplificada
T-D40B1E0849D7,EMP001,Transporte_01 S.L.,EMP001-U001,2025-06-24,18:54:53,Tarjeta de empresa,"{'id': '2464', 'nombre': 'PLENERGY', 'provincia': 'BARCELONA', 'municipio': 'TERRASSA', 'direccion': 'AVENIDA DEL VALLÈS, 720 B', 'lat': 41.580278, 'lon': 2.028583, 'grupo': 'PLENERGY', 'nifEmpresa': 'J24493538'}","[{'producto': 'Gasóleo A', 'litros': 20.81, 'precioUnitario': 1.406, 'importe': 29.26}]",24.18,5.08,29.26,EUR,Factura simplificada
T-01AC6B3F450A,EMP001,Transporte_01 S.L.,EMP001-U001,2025-03-16,13:33:29,Tarjeta de empresa,"{'id': '5407', 'nombre': 'REPSOL', 'provincia': 'GUADALAJARA', 'municipio': 'YEBRA', 'direccion': 'CALLE CONDESA DE SAN RAFAEL, 57', 'lat': 40.358389, 'lon': -2.970472, 'grupo': 'REPSOL', 'nifEmpresa': 'A78374725'}","[{'producto': 'Gasóleo A', 'litros': 21.9, 'precioUnitario': 1.446, 'importe': 31.67}]",26.17,5.5,31.67,EUR,Factura simplificada
T-88651D37A8D5,EMP001,Transporte_01 S.L.,EMP001-U001,2025-04-20,10:54:05,Tarjeta de empresa,"{'id': '561', 'nombre': 'REPSOL', 'provincia': 'ALICANTE', 'municipio': 'SAN VICENTE DEL RASPEIG/SANT VICENT DEL RASPEIG', 'direccion': 'CARRETERA AGOST KM. 68', 'lat': 38.401417, 'lon': -0.534111, 'grupo': 'REPSOL', 'nifEmpresa': 'A78374725'}","[{'producto': 'Gasolina 95 E5', 'litros': 34.91, 'precioUnitario': 1.519, 'importe': 53.03}]",43.83,9.2,53.03,EUR,Factura simplificada
T-6B54E39C7938,EMP001,Transporte_01 S.L.,EMP001-U001,2025-07-12,07:45:56,Tarjeta de empresa,"{'id': '8563', 'nombre': 'PETROPRIX', 'provincia': 'PALMAS (LAS)', 'municipio': 'AGÜIMES', 'direccion': 'AVENIDA DEL SURESTE, 1', 'lat': 27.86975, 'lon': -15.430111, 'grupo': 'PETROPRIX', 'nifEmpresa': 'B23709892'}","[{'producto': 'Gasóleo A', 'litros': 39.84, 'precioUnitario': 1.404, 'importe': 55.94}]",46.23,9.71,55.94,EUR,Factura simplificada
T-6B858188190A,EMP001,Transporte_01 S.L.,EMP001-U001,2025-03-14,11:30:59,Tarjeta de empresa,"{'id': '3614', 'nombre': 'COOP. Nª Sª DE LA ASUNCION DE SONEJA', 'provincia': 'CASTELLÓN / CASTELLÓ', 'municipio': 'SONEJA', 'direccion': 'CARRETERA TERUEL, S/N KM. 0', 'lat': 39.813056, 'lon': -0.430833, 'grupo': 'COOP. Nª Sª DE LA ASUNCION DE SONEJA', 'nifEmpresa': 'S8680112C'}","[{'producto': 'Gasolina 98 E5', 'litros': 42.5, 'precioUnitario': 1.675, 'importe': 71.19}]",58.83,12.36,71.19,EUR,Factura simplificada
T-BB5E666399EC,EMP001,Transporte_01 S.L.,EMP001-U001,2025-06-02,16:10:56,Tarjeta de empresa,"{'id': '5436', 'nombre': 'CEPSA', 'provincia': 'HUELVA', 'municipio': 'BOLLULLOS PAR DEL CONDADO', 'direccion': 'AVENIDA 28 DE FEBRERO, 167', 'lat': 37.348222, 'lon': -6.540361, 'grupo': 'CEPSA', 'nifEmpresa': 'A28003119'}","[{'producto': 'Gasolina 95 E5', 'litros': 73.79, 'precioUnitario': 1.536, 'importe': 113.34}]",93.67,19.67,113.34,EUR,Factura simplificada
T-294C3B7B5E08,EMP001,Transporte_01 S.L.,EMP001-U001,2025-01-15,20:07:27,Tarjeta de empresa,"{'id': '1660', 'nombre': 'REPSOL', 'provincia': 'BALEARS (ILLES)', 'municipio': 'PALMA DE MALLORCA', 'direccion': 'CAMI CAMI DE SON RAPINYA ESQ.CAMI DEL REIS, S/N', 'lat': 39.584944, 'lon': 2.618722, 'grupo': 'REPSOL', 'nifEmpresa': 'A78374725'}","[{'producto': 'Gasolina 98 E5', 'litros': 30.26, 'precioUnitario': 1.686, 'importe': 51.02}]",42.17,8.85,51.02,EUR,Factura simplificada
T-170EA430843A,EMP001,Transporte_01 S.L.,EMP001-U001,2025-02-22,00:29:01,Tarjeta de empresa,"{'id': '6662', 'nombre': 'REPSOL', 'provincia': 'MADRID', 'municipio': 'FUENLABRADA', 'direccion': 'CARRETERA M-506 KM. 21,900', 'lat': 40.265972, 'lon': -3.742694, 'grupo': 'REPSOL', 'nifEmpresa': 'A78374725'}","[{'producto': 'Gasóleo A', 'litros': 60.78, 'precioUnitario': 1.458, 'importe': 88.62}]",73.24,15.38,88.62,EUR,Factura simplificada
T-E8B0D873E909,EMP001,Transporte_01 S.L.,EMP001-U001,2025-04-18,15:29:32,Tarjeta de empresa,"{'id': '1434', 'nombre': 'IBERDOEX', 'provincia': 'BADAJOZ', 'municipio': 'MONTEMOLÍN', 'direccion': 'CARRETERA CASTUERA KM. 194', 'lat': 38.112806, 'lon': -6.150583, 'grupo': 'IBERDOEX', 'nifEmpresa': 'R1586923C'}","[{'producto': 'Gasolina 95 E5', 'litros': 28.5, 'precioUnitario': 1.53, 'importe': 43.61}]",36.04,7.57,43.61,EUR,Factura simplificada
T-68E88DF081FF,EMP001,Transporte_01 S.L.,EMP001-U001,2025-02-23,18:42:17,Tarjeta de empresa,"{'id': '7152', 'nombre': 'SHELL', 'provincia': 'MADRID', 'municipio': 'RIVAS-VACIAMADRID', 'direccion': 'CTRA. N-III km 19,5', 'lat': 40.325667, 'lon': -3.520167, 'grupo': 'SHELL', 'nifEmpresa': 'U02563427'}","[{'producto': 'Gasolina 98 E5', 'litros': 70.74, 'precioUnitario': 1.726, 'importe': 122.1}]",100.91,21.19,122.1,EUR,Factura simplificada
T-E3A1DB6DA010,EMP001,Transporte_01 S.L.,EMP001-U002,2025-04-04,12:12:21,Tarjeta de empresa,"{'id': '126', 'nombre': 'INLOCOR S.L.', 'provincia': 'ALBACETE', 'municipio': 'POZUELO', 'direccion': 'CARRETERA M 313 KM. 50', 'lat': 38.804722, 'lon': -2.098778, 'grupo': 'INLOCOR S.L.', 'nifEmpresa': 'F33754334'}","[{'producto': 'Gasolina 95 E5', 'litros': 38.44, 'precioUnitario': 1.508, 'importe': 57.97}]",47.91,10.06,57.97,EUR,Factura simplificada
T-958684B4E862,EMP001,Transporte_01 S.L.,EMP001-U002,2025-06-08,02:34:09,Tarjeta de empresa,"{'id': '2036', 'nombre': 'ALIARA ENERGIA', 'provincia': 'BARCELONA', 'municipio': 'GRANOLLERS', 'direccion': 'PASSEIG CONCA DE BESOS, 26', 'lat': 41.605333, 'lon': 2.27875, 'grupo': 'ALIARA ENERGIA', 'nifEmpresa': 'N1458685C'}","[{'producto': 'Gasolina 95 E5', 'litros': 69.08, 'precioUnitario': 1.537, 'importe': 106.18}]",87.75,18.43,106.18,EUR,Factura simplificada
T-37DC6617912D,EMP001,Transporte_01 S.L.,EMP001-U002,2025-02-16,22:32:18,Efectivo,"{'id': '11820', 'nombre': 'NAFTE', 'provincia': 'ZARAGOZA', 'municipio': 'ZARAGOZA', 'direccion': 'CALLE MIGUEL SERVET, 280', 'lat': 41.633222, 'lon': -0.860917, 'grupo': 'NAFTE', 'nifEmpresa': 'Y94019650'}","[{'producto': 'Gasolina 95 E5', 'litros': 51.85, 'precioUnitario': 1.514, 'importe': 78.5}]",64.88,13.62,78.5,EUR,Factura simplificada
T-492919707380,EMP001,Transporte_01 S.L.,EMP001-U002,2025-01-17,18:02:24,Efectivo,"{'id': '11442', 'nombre': 'GASEXPRESS ', 'provincia': 'VALLADOLID', 'municipio': 'VALLADOLID', 'direccion': 'CALLE ARCA7, S/N', 'lat': 41.619694, 'lon': -4.726417, 'grupo': 'GASEXPRESS ', 'nifEmpresa': 'X69340602'}","[{'producto': 'Gasóleo A', 'litros': 71.06, 'precioUnitario': 1.444, 'importe': 102.61}]",84.8,17.81,102.61,EUR,Factura simplificada
T-84E54220D8A2,EMP001,Transporte_01 S.L.,EMP001-U002,2025-02-18,21:05:24,Tarjeta de empresa,"{'id': '5212', 'nombre': 'REPSOL', 'provincia': 'GRANADA', 'municipio': 'LANJARÓN', 'direccion': 'CALLE SEÑOR DE LA EXPIRACIÓN, S/N', 'lat': 36.920667, 'lon': -3.473056, 'grupo': 'REPSOL', 'nifEmpresa': 'A78374725'}","[{'producto': 'Gasolina 98 E5', 'litros': 42.03, 'precioUnitario': 1.667, 'importe': 70.06}]",57.9,12.16,70.06,EUR,Factura simplificada
T-9B5DB52797E8,EMP001,Transporte_01 S.L.,EMP001-U002,2025-05-05,22:52:54,Tarjeta de empresa,"{'id': '8840', 'nombre': 'SBC', 'provincia': 'PONTEVEDRA', 'municipio': 'ESTRADA (A)', 'direccion': 'CARRETERA PO 841 SANTIAGO LIMITE PROVINCIA A ESTRADA KM. 19,800', 'lat': 42.702972, 'lon': -8.50075, 'grupo': 'SBC', 'nifEmpresa': 'X48465645'}","[{'producto': 'Gasóleo A', 'litros': 38.33, 'precioUnitario': 1.477, 'importe': 56.61}]",46.79,9.82,56.61,EUR,Factura simplificada
T-7057A43153D6,EMP001,Transporte_01 S.L.,EMP001-U002,2025-02-09,08:39:11,Tarjeta de empresa,"{'id': '10677', 'nombre': 'SUPECO', 'provincia': 'TOLEDO', 'municipio': 'TORRIJOS', 'direccion': 'CALLE CALLE TEJAR, 67', 'lat': 39.988389, 'lon': -4.280611, 'grupo': 'SUPECO', 'nifEmpresa': 'D29946803'}","[{'producto': 'Gasolina 98 E5', 'litros': 76.18, 'precioUnitario': 1.685, 'importe': 128.36}]",106.08,22.28,128.36,EUR,Factura simplificada
T-A31BBFAD9DBE,EMP001,Transporte_01 S.L.,EMP001-U002,2025-03-25,07:44:26,Tarjeta de empresa,"{'id': '11260', 'nombre': 'NATURGY VALENCIA SUR', 'provincia': 'VALENCIA / VALÈNCIA', 'municipio': 'VALENCIA', 'direccion': 'AVENIDA AUSIAS MARCH, 44', 'lat': 39.452639, 'lon': -0.37325, 'grupo': 'NATURGY VALENCIA SUR', 'nifEmpresa': 'V95777389'}","[{'producto': 'Gasóleo A', 'litros': 43.51, 'precioUnitario': 1.425, 'importe': 62.0}]",51.24,10.76,62.0,EUR,Factura simplificada
T-DF26486D7EF9,EMP001,Transporte_01 S.L.,EMP001-U002,2025-04-17,20:33:08,Efectivo,"{'id': '10462', 'nombre': 'REPSOL', 'provincia': 'TOLEDO', 'municipio': 'CORRAL DE ALMAGUER', 'direccion': 'CR N-301, 97', 'lat': 39.767778, 'lon': -3.175083, 'grupo': 'REPSOL', 'nifEmpresa': 'A78374725'}","[{'producto': 'Gasóleo Premium', 'litros': 39.53, 'precioUnitario': 1.557, 'importe': 61.55}]",50.87,10.68,61.55,EUR,Factura simplificada
T-982E2192586B,EMP001,Transporte_01 S.L.,EMP001-U002,2025-01-12,01:04:00,Tarjeta de empresa,"{'id': '233', 'nombre': 'BALLENOIL', 'provincia': 'ALICANTE', 'municipio': 'ALICANTE/ALACANT', 'direccion': 'CALLE OCAÑA, 16', 'lat': 38.345056, 'lon': -0.522278, 'grupo': 'BALLENOIL', 'nifEmpresa': 'B65371171'}","[{'producto': 'Gasolina 98 E5', 'litros': 56.45, 'precioUnitario': 1.732, 'importe': 97.77}]",80.8,16.97,97.77,EUR,Factura simplificada
T-847CC30A5AD3,EMP001,Transporte_01 S.L.,EMP001-U002,2025-05-24,21:40:22,Efectivo,"{'id': '10583', 'nombre': 'COOP.NTRA.SRA.SOLEDAD', 'provincia': 'TOLEDO', 'municipio': 'PUEBLA DE MONTALBÁN (LA)', 'direccion': 'CALLE LAS CUMBRES, 1', 'lat': 39.8685, 'lon': -4.362861, 'grupo': 'COOP.NTRA.SRA.SOLEDAD', 'nifEmpresa': 'R4332003E'}","[{'producto': 'Gasóleo A', 'litros': 66.66, 'precioUnitario': 1.435, 'importe': 95.66}]",79.06,16.6,95.66,EUR,Factura simplificada
T-57E0A314DE49,EMP001,Transporte_01 S.L.,EMP001-U002,2025-06-08,18:58:04,Tarjeta de empresa,"{'id': '2515', 'nombre': 'BP COMERCIAL VALLROMANAS', 'provincia': 'BARCELONA', 'municipio': 'VALLROMANES', 'direccion': 'CARRETERA C5502 KM. 7,4', 'lat': 41.525611, 'lon': 2.293083, 'grupo': 'BP COMERCIAL VALLROMANAS', 'nifEmpresa': 'S6936763I'}","[{'producto': 'Gasóleo Premium', 'litros': 29.71, 'precioUnitario': 1.501, 'importe': 44.59}]",36.85,7.74,44.59,EUR,Factura simplificada
T-A921525C3BAE,EMP001,Transporte_01 S.L.,EMP001-U002,2025-06-24,08:40:19,Tarjeta de empresa,"{'id': '6117', 'nombre': 'PETRONOR', 'provincia': 'LLEIDA', 'municipio': 'ALBATÀRREC', 'direccion': 'CARRETERA COMARCAL 230A KM. 6,100', 'lat': 41.576111, 'lon': 0.610333, 'grupo': 'PETRONOR', 'nifEmpresa': 'X63287080'}","[{'producto': 'Gasolina 98 E5', 'litros': 39.08, 'precioUnitario': 1.655, 'importe': 64.68}]",53.45,11.23,64.68,EUR,Factura simplificada
T-34206BDC3BFC,EMP001,Transporte_01 S.L.,EMP001-U002,2025-01-29,23:55:15,Tarjeta de empresa,"{'id': '455', 'nombre': 'BP', 'provincia': 'ALICANTE', 'municipio': 'MONFORTE DEL CID', 'direccion': 'AUTOVIA A-31 KM. 216', 'lat': 38.387917, 'lon': -0.736806, 'grupo': 'BP', 'nifEmpresa': 'A28011559'}","[{'producto': 'Gasolina 98 E5', 'litros': 22.56, 'precioUnitario': 1.73, 'importe': 39.03}]",32.26,6.77,39.03,EUR,Factura simplificada
T-697FD7170E08,EMP001,Transporte_01 S.L.,EMP001-U002,2025-04-23,17:16:01,Tarjeta de empresa,"{'id': '9181', 'nombre': 'REPSOL', 'provincia': 'SALAMANCA', 'municipio': 'SALAMANCA', 'direccion': 'CL AVENIDA RAIMUNDO BORGOÑA, 48  I', 'lat': 40.978389, 'lon': -5.663167, 'grupo': 'REPSOL', 'nifEmpresa': 'A78374725'}","[{'producto': 'Gasolina 98 E5', 'litros': 37.3, 'precioUnitario': 1.687, 'importe': 62.93}]",52.01,10.92,62.93,EUR,Factura simplificada
T-9BA596C0BADA,EMP001,Transporte_01 S.L.,EMP001-U002,2025-04-10,14:07:45,Efectivo,"{'id': '9377', 'nombre': 'REPSOL', 'provincia': 'SANTA CRUZ DE TENERIFE', 'municipio': 'SAN CRISTÓBAL DE LA LAGUNA', 'direccion': 'CARRETERA TF-16 KM. 4,4', 'lat': 28.510556, 'lon': -16.398583, 'grupo': 'REPSOL', 'nifEmpresa': 'A78374725'}","[{'producto': 'Gasóleo A', 'litros': 35.28, 'precioUnitario': 1.211, 'importe': 42.72}]",35.31,7.41,42.72,EUR,Factura simplificada
T-EB9B910BFDD8,EMP001,Transporte_01 S.L.,EMP001-U002,2025-07-12,00:34:35,Tarjeta de empresa,"{'id': '3162', 'nombre': 'REPSOL', 'provincia': 'CÁDIZ', 'municipio': 'JEREZ DE LA FRONTERA', 'direccion': 'CARRETERA N-342 KM. 4', 'lat': 36.697028, 'lon': -6.096778, 'grupo': 'REPSOL', 'nifEmpresa': 'A78374725'}","[{'producto': 'Gasóleo Premium', 'litros': 34.8, 'precioUnitario': 1.523, 'importe': 53.0}]",43.8,9.2,53.0,EUR,Factura simplificada
T-FF21B8FC6D21,EMP001,Transporte_01 S.L.,EMP001-U002,2025-06-15,10:09:56,Tarjeta de empresa,"{'id': '9792', 'nombre': 'ASC CARBURANTES', 'provincia': 'SEVILLA', 'municipio': 'MAIRENA DEL ALJARAFE', 'direccion': 'CALLE ARTESANIA, 11', 'lat': 37.357, 'lon': -6.057611, 'grupo': 'ASC CARBURANTES', 'nifEmpresa': 'N3487347A'}","[{'producto': 'Gasolina 98 E5', 'litros': 41.13, 'precioUnitario': 1.706, 'importe': 70.17}]",57.99,12.18,70.17,EUR,Factura simplificada
T-B81C280B8AF2,EMP001,Transporte_01 S.L.,EMP001-U002,2025-03-18,00:14:45,Tarjeta de empresa,"{'id': '1471', 'nombre': 'CEPSA', 'provincia': 'BADAJOZ', 'municipio': 'ROCA DE LA SIERRA (LA)', 'direccion': 'CARRETERA EX-100 KM. 50', 'lat': 39.115667, 'lon': -6.685389, 'grupo': 'CEPSA', 'nifEmpresa': 'A28003119'}","[{'producto': 'Gasolina 95 E5', 'litros': 42.62, 'precioUnitario': 1.507, 'importe': 64.23}]",53.08,11.15,64.23,EUR,Factura simplificada
T-3598AFD18369,EMP001,Transporte_01 S.L.,EMP001-U002,2025-05-09,15:46:43,Tarjeta de empresa,"{'id': '8722', 'nombre': 'SHELL MASPALOMAS', 'provincia': 'PALMAS (LAS)', 'municipio': 'SAN BARTOLOMÉ DE TIRAJANA', 'direccion': 'CARRETERA CARRETERA GC-500 KM. 14,9', 'lat': 27.763889, 'lon': -15.576389, 'grupo': 'SHELL MASPALOMAS', 'nifEmpresa': 'Z23623168'}","[{'producto': 'Gasóleo A', 'litros': 54.23, 'precioUnitario': 1.434, 'importe': 77.77}]",64.27,13.5,77.77,EUR,Factura simplificada
T-84A3AE135017,EMP001,Transporte_01 S.L.,EMP001-U002,2025-01-14,10:57:53,Tarjeta de empresa,"{'id': '1861', 'nombre': 'GRATSA', 'provincia': 'BARCELONA', 'municipio': 'BARCELONA', 'direccion': 'PASEO MARAGALL, 33', 'lat': 41.41475, 'lon': 2.179861, 'grupo': 'GRATSA', 'nifEmpresa': 'H36690964'}","[{'producto': 'Gasóleo Premium', 'litros': 36.91, 'precioUnitario': 1.493, 'importe': 55.11}]",45.55,9.56,55.11,EUR,Factura simplificada
T-9D55835E6E28,EMP001,Transporte_01 S.L.,EMP001-U002,2025-05-08,18:15:43,Tarjeta de empresa,"{'id': '8752', 'nombre': 'REPSOL', 'provincia': 'PALMAS (LAS)', 'municipio': 'TELDE', 'direccion': 'CALLE VELAZQUEZ, 1', 'lat': 27.980583, 'lon': -15.392111, 'grupo': 'REPSOL', 'nifEmpresa': 'A78374725'}","[{'producto': 'Gasóleo Premium', 'litros': 54.6, 'precioUnitario': 1.524, 'importe': 83.21}]",68.77,14.44,83.21,EUR,Factura simplificada
T-5603C4DAE9DD,EMP001,Transporte_01 S.L.,EMP001-U002,2025-06-04,13:02:46,Efectivo,"{'id': '4058', 'nombre': 'COOPERATIVA ARACELI', 'provincia': 'CÓRDOBA', 'municipio': 'LUCENA', 'direccion': 'AVENIDA DE MADRID, 29', 'lat': 37.384972, 'lon': -4.511417, 'grupo': 'COOPERATIVA ARACELI', 'nifEmpresa': 'U88937347'}","[{'producto': 'Gasóleo Premium', 'litros': 45.48, 'precioUnitario': 1.545, 'importe': 70.27}]",58.07,12.2,70.27,EUR,Factura simplificada
T-0AD02A3C848E,EMP001,Transporte_01 S.L.,EMP001-U002,2025-05-19,05:58:13,Tarjeta de empresa,"{'id': '627', 'nombre': 'LA MORENICA', 'provincia': 'ALICANTE', 'municipio': 'VILLENA', 'direccion': 'AVENIDA CONSTITUCION DE, 206', 'lat': 38.643528, 'lon': -0.869028, 'grupo': 'LA MORENICA', 'nifEmpresa': 'D27298066'}","[{'producto': 'Gasóleo Premium', 'litros': 36.14, 'precioUnitario': 1.548, 'importe': 55.94}]",46.23,9.71,55.94,EUR,Factura simplificada
T-79D730B73460,EMP001,Transporte_01 S.L.,EMP001-U002,2025-06-16,15:58:48,Tarjeta de empresa,"{'id': '6558', 'nombre': 'BALLENOIL', 'provincia': 'MADRID', 'municipio': 'ARGANDA DEL REY', 'direccion': 'TRAVESÍA SIERRA DE GATA, 17', 'lat': 40.308361, 'lon': -3.475528, 'grupo': 'BALLENOIL', 'nifEmpresa': 'B65371171'}","[{'producto': 'Gasolina 95 E5', 'litros': 33.44, 'precioUnitario': 1.542, 'importe': 51.56}]",42.61,8.95,51.56,EUR,Factura simplificada
T-C9DD3921291D,EMP001,Transporte_01 S.L.,EMP001-U002,2025-04-30,08:56:49,Tarjeta de empresa,"{'id': '8156', 'nombre': 'LC REPOST - M.G. MUTILVA', 'provincia': 'NAVARRA', 'municipio': 'ARANGUREN', 'direccion': 'CALLE A, DEL POLÍGONO INDUSTRIAL MUTILVA BAJA, 21', 'lat': 42.786, 'lon': -1.624222, 'grupo': 'LC REPOST - M.G. MUTILVA', 'nifEmpresa': 'C37556461'}","[{'producto': 'Gasóleo Premium', 'litros': 32.26, 'precioUnitario': 1.526, 'importe': 49.23}]",40.69,8.54,49.23,EUR,Factura simplificada
T-414320D98671,EMP001,Transporte_01 S.L.,EMP001-U002,2025-05-16,15:27:14,Tarjeta de empresa,"{'id': '9124', 'nombre': 'REPSOL', 'provincia': 'SALAMANCA', 'municipio': 'BARRUECOPARDO', 'direccion': 'CR L-105 0023 (L-105 km 23,1)', 'lat': 41.071278, 'lon': -6.660972, 'grupo': 'REPSOL', 'nifEmpresa': 'A78374725'}","[{'producto': 'Gasóleo A', 'litros': 26.98, 'precioUnitario': 1.493, 'importe': 40.28}]",33.29,6.99,40.28,EUR,Factura simplificada
T-320883FEE800,EMP001,Transporte_01 S.L.,EMP001-U002,2025-01-21,09:18:28,Tarjeta de empresa,"{'id': '7228', 'nombre': 'BP SOTO II', 'provincia': 'MADRID', 'municipio': 'SOTO DEL REAL', 'direccion': 'CARRETERA M-609 KM. 3', 'lat': 40.717917, 'lon': -3.792806, 'grupo': 'BP SOTO II', 'nifEmpresa': 'P0033092H'}","[{'producto': 'Gasolina 95 E5', 'litros': 25.31, 'precioUnitario': 1.551, 'importe': 39.26}]",32.45,6.81,39.26,EUR,Factura simplificada
T-8BBA73364106,EMP001,Transporte_01 S.L.,EMP001-U002,2025-07-23,11:46:19,Tarjeta de empresa,"{'id': '5977', 'nombre': 'MOEVE', 'provincia': 'LEÓN', 'municipio': 'CONGOSTO', 'direccion': 'AUTOVIA A-6 KM. 374,8', 'lat': 42.597833, 'lon': -6.504278, 'grupo': 'MOEVE', 'nifEmpresa': 'A28003119'}","[{'producto': 'Gasolina 98 E5', 'litros': 25.71, 'precioUnitario': 1.666, 'importe': 42.83}]",35.4,7.43,42.83,EUR,Factura simplificada
T-27F30026D52E,EMP001,Transporte_01 S.L.,EMP001-U002,2025-07-20,09:56:16,Tarjeta de empresa,"{'id': '3971', 'nombre': 'CARREFOUR', 'provincia': 'CÓRDOBA', 'municipio': 'CÓRDOBA', 'direccion': 'CARRETERA MADRID KM. 400', 'lat': 37.893889, 'lon': -4.749306, 'grupo': 'CARREFOUR', 'nifEmpresa': 'B29912417'}","[{'producto': 'Gasolina 98 E5', 'litros': 28.26, 'precioUnitario': 1.662, 'importe': 46.97}]",38.82,8.15,46.97,EUR,Factura simplificada
T-FD65B50F61CF,EMP001,Transporte_01 S.L.,EMP001-U002,2025-06-04,00:36:28,Tarjeta de empresa,"{'id': '9838', 'nombre': 'BP', 'provincia': 'SEVILLA', 'municipio': 'PALOMARES DEL RÍO', 'direccion': 'AVENIDA ALJARAFE (DEL), 68', 'lat': 37.320556, 'lon': -6.070833, 'grupo': 'BP', 'nifEmpresa': 'A28011559'}","[{'producto': 'Gasolina 95 E5', 'litros': 41.8, 'precioUnitario': 1.545, 'importe': 64.58}]",53.37,11.21,64.58,EUR,Factura simplificada
T-8ED3D84901E2,EMP001,Transporte_01 S.L.,EMP001-U002,2025-07-24,09:37:45,Tarjeta de empresa,"{'id': '2511', 'nombre': 'NIEVES', 'provincia': 'BARCELONA', 'municipio': 'VALLIRANA', 'direccion': 'CARRETERA N-340 KM. 1229,7', 'lat': 41.390472, 'lon': 1.885472, 'grupo': 'NIEVES', 'nifEmpresa': 'P9314919C'}","[{'producto': 'Gasóleo Premium', 'litros': 38.0, 'precioUnitario': 1.483, 'importe': 56.35}]",46.57,9.78,56.35,EUR,Factura simplificada
T-81B6E87A5058,EMP001,Transporte_01 S.L.,EMP001-U002,2025-03-10,08:26:25,Tarjeta de empresa,"{'id': '5970', 'nombre': 'E.S.CARGOSA', 'provincia': 'LEÓN', 'municipio': 'CARROCERA', 'direccion': 'CARRETERA CYL 626 KM. 80', 'lat': 42.784111, 'lon': -5.787083, 'grupo': 'E.S.CARGOSA', 'nifEmpresa': 'B18506717'}","[{'producto': 'Gasolina 95 E5', 'litros': 45.6, 'precioUnitario': 1.531, 'importe': 69.81}]",57.69,12.12,69.81,EUR,Factura simplificada
T-8B33CFF9AD94,EMP001,Transporte_01 S.L.,EMP001-U002,2025-01-23,18:59:44,Tarjeta de empresa,"{'id': '11218', 'nombre': 'BALLENOIL', 'provincia': 'VALENCIA / VALÈNCIA', 'municipio': 'SUECA', 'direccion': 'CALLE CIUTAT DE PAMPLONA, 40', 'lat': 39.200472, 'lon': -0.302139, 'grupo': 'BALLENOIL', 'nifEmpresa': 'B65371171'}","[{'producto': 'Gasóleo Premium', 'litros': 29.8, 'precioUnitario': 1.562, 'importe': 46.55}]",38.47,8.08,46.55,EUR,Factura simplificada
T-C4F27C013E51,EMP001,Transporte_01 S.L.,EMP001-U002,2025-05-18,07:46:01,Tarjeta de empresa,"{'id': '8677', 'nombre': 'CEPSA', 'provincia': 'PALMAS (LAS)', 'municipio': 'PALMAS DE GRAN CANARIA (LAS)', 'direccion': 'AVENIDA REPUBLICA DE NICARAGUA, 2', 'lat': 28.118417, 'lon': -15.453889, 'grupo': 'CEPSA', 'nifEmpresa': 'A28003119'}","[{'producto': 'Gasóleo Premium', 'litros': 56.33, 'precioUnitario': 1.521, 'importe': 85.68}]",70.81,14.87,85.68,EUR,Factura simplificada
T-3BF8D5667BF5,EMP001,Transporte_01 S.L.,EMP001-U002,2025-05-30,23:23:31,Efectivo,"{'id': '2760', 'nombre': 'CEPSA', 'provincia': 'BURGOS', 'municipio': 'CASTRILLO DE LA VEGA', 'direccion': 'CARRETERA N-122 KM. 278,160', 'lat': 41.648417, 'lon': -3.78275, 'grupo': 'CEPSA', 'nifEmpresa': 'A28003119'}","[{'producto': 'Gasóleo A', 'litros': 78.67, 'precioUnitario': 1.431, 'importe': 112.58}]",93.04,19.54,112.58,EUR,Factura simplificada
T-7583DB86CE76,EMP001,Transporte_01 S.L.,EMP001-U002,2025-07-04,14:52:41,Tarjeta de empresa,"{'id': '8', 'nombre': 'MOEVE', 'provincia': 'ALBACETE', 'municipio': 'ALBACETE', 'direccion': 'PASEO CUBA (LA), 36', 'lat': 39.005083, 'lon': -1.859917, 'grupo': 'MOEVE', 'nifEmpresa': 'A28003119'}","[{'producto': 'Gasóleo Premium', 'litros': 40.62, 'precioUnitario': 1.54, 'importe': 62.55}]",51.69,10.86,62.55,EUR,Factura simplificada
T-86027692C38C,EMP001,Transporte_01 S.L.,EMP001-U002,2025-01-11,01:43:08,Tarjeta de empresa,"{'id': '9262', 'nombre': 'REPSOL', 'provincia': 'SANTA CRUZ DE TENERIFE', 'municipio': 'ARONA', 'direccion': 'CARRETERA GRAL TF-66(GUAZA-GALLE KM. 2', 'lat': 28.018417, 'lon': -16.67325, 'grupo': 'REPSOL', 'nifEmpresa': 'A78374725'}","[{'producto': 'Gasóleo A', 'litros': 62.67, 'precioUnitario': 1.205, 'importe': 75.52}]",62.41,13.11,75.52,EUR,Factura simplificada
T-8B40863FD37B,EMP001,Transporte_01 S.L.,EMP001-U002,2025-03-19,14:01:31,Tarjeta de empresa,"{'id': '9930', 'nombre': 'SHELL', 'provincia': 'SEVILLA', 'municipio': 'SEVILLA', 'direccion': 'AVDA. DE LA PAZ, ESQ SU EMINENCIA', 'lat': 37.362778, 'lon': -5.955639, 'grupo': 'SHELL', 'nifEmpresa': 'S9965075F'}","[{'producto': 'Gasolina 95 E5', 'litros': 34.62, 'precioUnitario': 1.519, 'importe': 52.59}]",43.46,9.13,52.59,EUR,Factura simplificada
T-7C8E0E25BC4D,EMP001,Transporte_01 S.L.,EMP001-U002,2025-03-08,01:30:40,Tarjeta de empresa,"{'id': '2898', 'nombre': 'Q8', 'provincia': 'CÁCERES', 'municipio': 'CORIA', 'direccion': 'CARRETERA EX-108 KM. 86,9', 'lat': 39.982444, 'lon': -6.500417, 'grupo': 'Q8', 'nifEmpresa': 'N5494808H'}","[{'producto': 'Gasolina 98 E5', 'litros': 33.59, 'precioUnitario': 1.696, 'importe': 56.97}]",47.08,9.89,56.97,EUR,Factura simplificada
T-E7731517511E,EMP001,Transporte_01 S.L.,EMP001-U002,2025-06-30,17:05:16,Tarjeta de empresa,"{'id': '7201', 'nombre': 'REPSOL', 'provincia': 'MADRID', 'municipio': 'SAN MARTÍN DE VALDEIGLESIAS', 'direccion': 'CARRETERA M-501 KM. 54,1', 'lat': 40.3575, 'lon': -4.379472, 'grupo': 'REPSOL', 'nifEmpresa': 'A78374725'}","[{'producto': 'Gasolina 98 E5', 'litros': 51.71, 'precioUnitario': 1.711, 'importe': 88.48}]",73.12,15.36,88.48,EUR,Factura simplificada
T-C3B8E62743DC,EMP001,Transporte_01 S.L.,EMP001-U002,2025-06-04,09:58:56,Tarjeta de empresa,"{'id': '11345', 'nombre': 'CEPSA', 'provincia': 'VALENCIA / VALÈNCIA', 'municipio': 'XERACO', 'direccion': 'CARRETERA N-332 KM. 204,6', 'lat': 39.046917, 'lon': -0.225639, 'grupo': 'CEPSA', 'nifEmpresa': 'A28003119'}","[{'producto': 'Gasóleo Premium', 'litros': 26.42, 'precioUnitario': 1.556, 'importe': 41.11}]",33.98,7.13,41.11,EUR,Factura simplificada
T-40BBDF2330A1,EMP001,Transporte_01 S.L.,EMP001-U002,2025-06-02,22:10:05,Tarjeta de empresa,"{'id': '5900', 'nombre': 'ENERGY CARBURANTES', 'provincia': 'JAÉN', 'municipio': 'TORRE DEL CAMPO', 'direccion': 'CALLE AVEDNIDA DE LOS LLANOS ESQUINA ESCAÑUELA, S/N', 'lat': 37.769667, 'lon': -3.899889, 'grupo': 'ENERGY CARBURANTES', 'nifEmpresa': 'G14363493'}","[{'producto': 'Gasóleo Premium', 'litros': 67.43, 'precioUnitario': 1.569, 'importe': 105.8}]",87.44,18.36,105.8,EUR,Factura simplificada
T-4E48D2446C11,EMP001,Transporte_01 S.L.,EMP001-U002,2025-04-20,23:56:58,Tarjeta de empresa,"{'id': '8957', 'nombre': 'REPSOL', 'provincia': 'PONTEVEDRA', 'municipio': 'TUI', 'direccion': 'CALZADA CALVO SOTELO, S/N', 'lat': 42.048722, 'lon': -8.643556, 'grupo': 'REPSOL', 'nifEmpresa': 'A78374725'}","[{'producto': 'Gasóleo A', 'litros': 65.36, 'precioUnitario': 1.467, 'importe': 95.88}]",79.24,16.64,95.88,EUR,Factura simplificada
T-32590ACAF7B4,EMP001,Transporte_01 S.L.,EMP001-U002,2025-01-18,02:55:04,Tarjeta de empresa,"{'id': '5051', 'nombre': 'REPSOL', 'provincia': 'GRANADA', 'municipio': 'ALHAMA DE GRANADA', 'direccion': 'PLAZA DUQUE DE MANDAS, S/N', 'lat': 37.003667, 'lon': -3.990778, 'grupo': 'REPSOL', 'nifEmpresa': 'A78374725'}","[{'producto': 'Gasóleo Premium', 'litros': 36.46, 'precioUnitario': 1.562, 'importe': 56.95}]",47.07,9.88,56.95,EUR,Factura simplificada
T-1CAFE71C8946,EMP001,Transporte_01 S.L.,EMP001-U002,2025-05-03,18:04:39,Tarjeta de empresa,"{'id': '9816', 'nombre': 'REPSOL', 'provincia': 'SEVILLA', 'municipio': 'MORÓN DE LA FRONTERA', 'direccion': 'AV ALAMEDA, 49', 'lat': 37.121083, 'lon': -5.460222, 'grupo': 'REPSOL', 'nifEmpresa': 'A78374725'}","[{'producto': 'Gasóleo A', 'litros': 51.21, 'precioUnitario': 1.454, 'importe': 74.46}]",61.54,12.92,74.46,EUR,Factura simplificada
T-A3BA3103388E,EMP001,Transporte_01 S.L.,EMP001-U002,2025-06-01,21:27:31,Tarjeta de empresa,"{'id': '8298', 'nombre': 'GASOLINERA G & S', 'provincia': 'NAVARRA', 'municipio': 'MILAGRO', 'direccion': 'CALLE LA RIBERA, 1', 'lat': 42.246528, 'lon': -1.781278, 'grupo': 'GASOLINERA G & S', 'nifEmpresa': 'C18233742'}","[{'producto': 'Gasóleo A', 'litros': 70.6, 'precioUnitario': 1.419, 'importe': 100.18}]",82.79,17.39,100.18,EUR,Factura simplificada
T-79FB2DDFF5E5,EMP001,Transporte_01 S.L.,EMP001-U002,2025-03-28,00:39:23,Tarjeta de empresa,"{'id': '148', 'nombre': 'SAN ISIDRO', 'provincia': 'ALBACETE', 'municipio': 'VILLALGORDO DEL JÚCAR', 'direccion': 'CALLE DEL VINO, 10', 'lat': 39.2935, 'lon': -2.059556, 'grupo': 'SAN ISIDRO', 'nifEmpresa': 'A35240829'}","[{'producto': 'Gasóleo A', 'litros': 44.56, 'precioUnitario': 1.483, 'importe': 66.08}]",54.61,11.47,66.08,EUR,Factura simplificada
T-E2F2036CC8AB,EMP001,Transporte_01 S.L.,EMP001-U002,2025-04-27,14:18:08,Tarjeta de empresa,"{'id': '4554', 'nombre': 'CEPSA', 'provincia': 'CUENCA', 'municipio': 'PEDROÑERAS (LAS)', 'direccion': 'CARRETERA N-301 KM. 160', 'lat': 39.442944, 'lon': -2.671694, 'grupo': 'CEPSA', 'nifEmpresa': 'A28003119'}","[{'producto': 'Gasóleo A', 'litros': 28.1, 'precioUnitario': 1.454, 'importe': 40.86}]",33.77,7.09,40.86,EUR,Factura simplificada
T-35C6278341C3,EMP001,Transporte_01 S.L.,EMP001-U002,2025-02-14,09:39:06,Tarjeta de empresa,"{'id': '7344', 'nombre': 'CEPSA', 'provincia': 'MÁLAGA', 'municipio': 'ALMARGEN', 'direccion': 'A-384 km 44', 'lat': 37.005806, 'lon': -5.001444, 'grupo': 'CEPSA', 'nifEmpresa': 'A28003119'}","[{'producto': 'Gasóleo A', 'litros': 35.49, 'precioUnitario': 1.477, 'importe': 52.42}]",43.32,9.1,52.42,EUR,Factura simplificada
T-718DC3174B4D,EMP001,Transporte_01 S.L.,EMP001-U003,2025-04-15,16:16:18,Tarjeta de empresa,"{'id': '9419', 'nombre': 'DISA TIO PINO', 'provincia': 'SANTA CRUZ DE TENERIFE', 'municipio': 'SANTA CRUZ DE TENERIFE', 'direccion': 'CARRETERA DEL ROSARIO C-822 KM. 2', 'lat': 28.458417, 'lon': -16.272306, 'grupo': 'DISA TIO PINO', 'nifEmpresa': 'A77752046'}","[{'producto': 'Gasóleo Premium', 'litros': 35.08, 'precioUnitario': 1.286, 'importe': 45.11}]",37.28,7.83,45.11,EUR,Factura simplificada
T-B357FC7457EA,EMP001,Transporte_01 S.L.,EMP001-U003,2025-06-26,10:31:38,Tarjeta de empresa,"{'id': '1403', 'nombre': 'REPSOL', 'provincia': 'BADAJOZ', 'municipio': 'MEDELLÍN', 'direccion': 'CARRETERA C-520 KM. 90', 'lat': 38.963056, 'lon': -5.948528, 'grupo': 'REPSOL', 'nifEmpresa': 'A78374725'}","[{'producto': 'Gasóleo Premium', 'litros': 47.12, 'precioUnitario': 1.543, 'importe': 72.71}]",60.09,12.62,72.71,EUR,Factura simplificada
T-429E72C0A13B,EMP001,Transporte_01 S.L.,EMP001-U003,2025-01-18,02:44:43,Tarjeta de empresa,"{'id': '3932', 'nombre': 'AREA117', 'provincia': 'CÓRDOBA', 'municipio': 'BENAMEJÍ', 'direccion': 'CARRETERA N-331 KM. 94,5', 'lat': 37.265389, 'lon': -4.524167, 'grupo': 'AREA117', 'nifEmpresa': 'H22941314'}","[{'producto': 'Gasóleo Premium', 'litros': 44.76, 'precioUnitario': 1.54, 'importe': 68.93}]",56.97,11.96,68.93,EUR,Factura simplificada
T-26CEA25FF31F,EMP001,Transporte_01 S.L.,EMP001-U003,2025-07-25,05:25:37,Tarjeta de empresa,"{'id': '6917', 'nombre': 'MOEVE', 'provincia': 'MADRID', 'municipio': 'MADRID', 'direccion': 'AVENIDA SAN LUIS, 75', 'lat': 40.474167, 'lon': -3.664333, 'grupo': 'MOEVE', 'nifEmpresa': 'A28003119'}","[{'producto': 'Gasóleo Premium', 'litros': 32.48, 'precioUnitario': 1.548, 'importe': 50.28}]",41.55,8.73,50.28,EUR,Factura simplificada
T-25CCF6CC9852,EMP001,Transporte_01 S.L.,EMP001-U003,2025-05-24,17:49:22,Tarjeta de empresa,"{'id': '8166', 'nombre': 'AN ENERGETICOS - ARGUEDAS', 'provincia': 'NAVARRA', 'municipio': 'ARGUEDAS', 'direccion': 'CAMINO BARDENAS REALES, S/N', 'lat': 42.171139, 'lon': -1.587944, 'grupo': 'AN ENERGETICOS - ARGUEDAS', 'nifEmpresa': 'S4964990H'}","[{'producto': 'Gasolina 98 E5', 'litros': 29.37, 'precioUnitario': 1.69, 'importe': 49.64}]",41.02,8.62,49.64,EUR,Factura simplificada
T-683B16D9FE44,EMP001,Transporte_01 S.L.,EMP001-U003,2025-01-27,20:57:43,Tarjeta de empresa,"{'id': '2965', 'nombre': 'CARREFOUR', 'provincia': 'CÁCERES', 'municipio': 'PLASENCIA', 'direccion': 'CALLE C/ JULIAN BESTEIRO S/N, S/N', 'lat': 40.03725, 'lon': -6.078694, 'grupo': 'CARREFOUR', 'nifEmpresa': 'W4123281J'}","[{'producto': 'Gasolina 95 E5', 'litros': 19.83, 'precioUnitario': 1.527, 'importe': 30.28}]",25.02,5.26,30.28,EUR,Factura simplificada
T-C1340C104CEC,EMP001,Transporte_01 S.L.,EMP001-U003,2025-03-19,17:07:33,Tarjeta de empresa,"{'id': '5879', 'nombre': 'CASTILLO DE SABIOTE', 'provincia': 'JAÉN', 'municipio': 'SABIOTE', 'direccion': 'CARRETERA SABIOTE-TORREPEROGIL KM. 1,5', 'lat': 38.059, 'lon': -3.303889, 'grupo': 'CASTILLO DE SABIOTE', 'nifEmpresa': 'E74034471'}","[{'producto': 'Gasolina 98 E5', 'litros': 36.61, 'precioUnitario': 1.673, 'importe': 61.25}]",50.62,10.63,61.25,EUR,Factura simplificada
T-41BA4A7AEDCB,EMP001,Transporte_01 S.L.,EMP001-U003,2025-04-06,00:25:07,Efectivo,"{'id': '2376', 'nombre': 'SHELL', 'provincia': 'BARCELONA', 'municipio': 'SANT JOAN DESPÍ', 'direccion': 'AVENIDA BAIX LLOBREGAT, S/N', 'lat': 41.371278, 'lon': 2.077611, 'grupo': 'SHELL', 'nifEmpresa': 'V36183242'}","[{'producto': 'Gasolina 95 E5', 'litros': 12.62, 'precioUnitario': 1.528, 'importe': 19.28}]",15.93,3.35,19.28,EUR,Factura simplificada
T-58C561320040,EMP001,Transporte_01 S.L.,EMP001-U003,2025-02-22,06:41:24,Tarjeta de empresa,"{'id': '11494', 'nombre': 'BALLENOIL', 'provincia': 'VALLADOLID', 'municipio': 'VALLADOLID', 'direccion': 'CALLE SANTIAGO LOPEZ GONZALEZ, 3', 'lat': 41.626083, 'lon': -4.766556, 'grupo': 'BALLENOIL', 'nifEmpresa': 'B65371171'}","[{'producto': 'Gasolina 98 E5', 'litros': 25.68, 'precioUnitario': 1.701, 'importe': 43.68}]",36.1,7.58,43.68,EUR,Factura simplificada
T-45D85CE81F5B,EMP001,Transporte_01 S.L.,EMP001-U003,2025-06-04,01:54:19,Tarjeta de empresa,"{'id': '8985', 'nombre': 'MOEVE', 'provincia': 'PONTEVEDRA', 'municipio': 'VIGO', 'direccion': 'AVDA. MADRID, 73', 'lat': 42.216361, 'lon': -8.702472, 'grupo': 'MOEVE', 'nifEmpresa': 'A28003119'}","[{'producto': 'Gasóleo A', 'litros': 31.68, 'precioUnitario': 1.441, 'importe': 45.65}]",37.73,7.92,45.65,EUR,Factura simplificada
T-2797687297F6,EMP001,Transporte_01 S.L.,EMP001-U003,2025-02-17,04:44:02,Tarjeta de empresa,"{'id': '2188', 'nombre': 'BP MONTGAT', 'provincia': 'BARCELONA', 'municipio': 'MONTGAT', 'direccion': 'CALLE RAMON Y CAJAL, S/N', 'lat': 41.462972, 'lon': 2.26875, 'grupo': 'BP MONTGAT', 'nifEmpresa': 'A64887714'}","[{'producto': 'Gasóleo A', 'litros': 46.71, 'precioUnitario': 1.413, 'importe': 66.0}]",54.55,11.45,66.0,EUR,Factura simplificada
T-D80F37547A26,EMP001,Transporte_01 S.L.,EMP001-U003,2025-05-25,06:08:58,Tarjeta de empresa,"{'id': '5658', 'nombre': 'REPSOL', 'provincia': 'HUESCA', 'municipio': 'PERALTILLA', 'direccion': 'VÍA N-240, 173,50', 'lat': 42.052139, 'lon': -0.015222, 'grupo': 'REPSOL', 'nifEmpresa': 'A78374725'}","[{'producto': 'Gasolina 95 E5', 'litros': 28.75, 'precioUnitario': 1.542, 'importe': 44.33}]",36.64,7.69,44.33,EUR,Factura simplificada
T-ADB3FF43A631,EMP001,Transporte_01 S.L.,EMP001-U003,2025-04-22,21:34:59,Tarjeta de empresa,"{'id': '9517', 'nombre': 'BRAVOIL ', 'provincia': 'SEGOVIA', 'municipio': 'SAN MIGUEL DE BERNUY', 'direccion': 'CR C-603, 65', 'lat': 41.397417, 'lon': -3.952194, 'grupo': 'BRAVOIL ', 'nifEmpresa': 'V90490277'}","[{'producto': 'Gasóleo A', 'litros': 37.75, 'precioUnitario': 1.414, 'importe': 53.38}]",44.12,9.26,53.38,EUR,Factura simplificada
T-8BC14039544C,EMP001,Transporte_01 S.L.,EMP001-U003,2025-01-11,19:21:09,Tarjeta de empresa,"{'id': '6128', 'nombre': 'VALCARCE', 'provincia': 'LLEIDA', 'municipio': 'ALFÉS', 'direccion': 'AUTOPISTA AP-2 (MRG.IZDO.) KM. 142', 'lat': 41.543361, 'lon': 0.637222, 'grupo': 'VALCARCE', 'nifEmpresa': 'B24028011'}","[{'producto': 'Gasóleo Premium', 'litros': 25.97, 'precioUnitario': 1.516, 'importe': 39.37}]",32.54,6.83,39.37,EUR,Factura simplificada
T-364C5A0E8606,EMP001,Transporte_01 S.L.,EMP001-U003,2025-01-29,14:28:36,Tarjeta de empresa,"{'id': '3938', 'nombre': 'FUEL-ENERGY', 'provincia': 'CÓRDOBA', 'municipio': 'CABRA', 'direccion': 'A-340 km 53', 'lat': 37.456056, 'lon': -4.402222, 'grupo': 'FUEL-ENERGY', 'nifEmpresa': 'P7565512F'}","[{'producto': 'Gasóleo Premium', 'litros': 42.31, 'precioUnitario': 1.518, 'importe': 64.23}]",53.08,11.15,64.23,EUR,Factura simplificada
T-F3586A04BB30,EMP001,Transporte_01 S.L.,EMP001-U003,2025-05-12,06:44:39,Tarjeta de empresa,"{'id': '11566', 'nombre': 'AREA DE SERVICIO TORO', 'provincia': 'ZAMORA', 'municipio': 'TORO', 'direccion': 'CARRETERA MEDINA DE RIOSECO KM. 1,6', 'lat': 41.540361, 'lon': -5.377222, 'grupo': 'AREA DE SERVICIO TORO', 'nifEmpresa': 'D80715451'}","[{'producto': 'Gasóleo A', 'litros': 36.04, 'precioUnitario': 1.455, 'importe': 52.44}]",43.34,9.1,52.44,EUR,Factura simplificada
T-B81EFF13AEA3,EMP001,Transporte_01 S.L.,EMP001-U003,2025-01-03,20:15:40,Tarjeta de empresa,"{'id': '9975', 'nombre': 'PERTROPRIX', 'provincia': 'SEVILLA', 'municipio': 'SEVILLA', 'direccion': 'CALLE METALURGIA, S/N', 'lat': 37.40375, 'lon': -5.96025, 'grupo': 'PERTROPRIX', 'nifEmpresa': 'Q0876038A'}","[{'producto': 'Gasolina 95 E5', 'litros': 33.34, 'precioUnitario': 1.532, 'importe': 51.08}]",42.21,8.87,51.08,EUR,Factura simplificada
T-43D34CD217D2,EMP001,Transporte_01 S.L.,EMP001-U003,2025-04-26,19:05:43,Tarjeta de empresa,"{'id': '9741', 'nombre': 'SHELL', 'provincia': 'SEVILLA', 'municipio': 'GINES', 'direccion': 'AVENIDA EUROPA, 2', 'lat': 37.383056, 'lon': -6.086167, 'grupo': 'SHELL', 'nifEmpresa': 'S0348247H'}","[{'producto': 'Gasóleo A', 'litros': 29.91, 'precioUnitario': 1.459, 'importe': 43.64}]",36.07,7.57,43.64,EUR,Factura simplificada
T-70325821342E,EMP001,Transporte_01 S.L.,EMP001-U003,2025-06-16,02:48:22,Efectivo,"{'id': '11579', 'nombre': 'SHELL', 'provincia': 'ZAMORA', 'municipio': 'VILLALPANDO', 'direccion': 'AUTOVIA A-6 KM. 231', 'lat': 41.826778, 'lon': -5.379944, 'grupo': 'SHELL', 'nifEmpresa': 'E32480865'}","[{'producto': 'Gasóleo Premium', 'litros': 38.93, 'precioUnitario': 1.536, 'importe': 59.8}]",49.42,10.38,59.8,EUR,Factura simplificada
T-F72C8D2B6645,EMP001,Transporte_01 S.L.,EMP001-U003,2025-04-07,07:46:21,Tarjeta de empresa,"{'id': '10012', 'nombre': 'GALP ', 'provincia': 'SEVILLA', 'municipio': 'VISO DEL ALCOR (EL)', 'direccion': 'POLIGONO INDUSTRIAL POLIVISO PARCELA 2-3', 'lat': 37.400194, 'lon': -5.709028, 'grupo': 'GALP ', 'nifEmpresa': 'A28559573'}","[{'producto': 'Gasolina 95 E5', 'litros': 61.11, 'precioUnitario': 1.513, 'importe': 92.46}]",76.41,16.05,92.46,EUR,Factura simplificada
T-3B4AD32963D0,EMP001,Transporte_01 S.L.,EMP001-U003,2025-01-25,14:27:02,Tarjeta de empresa,"{'id': '777', 'nombre': 'BP NIJAR', 'provincia': 'ALMERÍA', 'municipio': 'NÍJAR', 'direccion': 'CARRETERA AL-340 ALMERIA-NIJAR KM. 30', 'lat': 36.94925, 'lon': -2.205833, 'grupo': 'BP NIJAR', 'nifEmpresa': 'Z74846775'}","[{'producto': 'Gasolina 95 E5', 'litros': 55.15, 'precioUnitario': 1.485, 'importe': 81.9}]",67.69,14.21,81.9,EUR,Factura simplificada
T-869AC03A7C0D,EMP001,Transporte_01 S.L.,EMP001-U003,2025-07-21,09:50:31,Tarjeta de empresa,"{'id': '6791', 'nombre': 'REPSOL', 'provincia': 'MADRID', 'municipio': 'MADRID', 'direccion': 'PASEO SANTA MARIA DE LA CABEZA, 18', 'lat': 40.405639, 'lon': -3.69525, 'grupo': 'REPSOL', 'nifEmpresa': 'A78374725'}","[{'producto': 'Gasolina 98 E5', 'litros': 53.62, 'precioUnitario': 1.738, 'importe': 93.19}]",77.02,16.17,93.19,EUR,Factura simplificada
T-D3E9A5B0AF04,EMP001,Transporte_01 S.L.,EMP001-U003,2025-05-10,15:39:58,Tarjeta de empresa,"{'id': '7219', 'nombre': 'REPSOL', 'provincia': 'MADRID', 'municipio': 'SAN SEBASTIÁN DE LOS REYES', 'direccion': 'CL AVDA TENERIFE, 18', 'lat': 40.56025, 'lon': -3.620056, 'grupo': 'REPSOL', 'nifEmpresa': 'A78374725'}","[{'producto': 'Gasolina 98 E5', 'litros': 29.06, 'precioUnitario': 1.754, 'importe': 50.97}]",42.12,8.85,50.97,EUR,Factura simplificada
T-1FF18A673609,EMP001,Transporte_01 S.L.,EMP001-U003,2025-06-28,19:39:18,Tarjeta de empresa,"{'id': '3134', 'nombre': 'SHELL', 'provincia': 'CÁDIZ', 'municipio': 'JEREZ DE LA FRONTERA', 'direccion': 'CARRETERA CIRCUNVALACION KM. 639,8', 'lat': 36.684333, 'lon': -6.153028, 'grupo': 'SHELL', 'nifEmpresa': 'U58404492'}","[{'producto': 'Gasolina 98 E5', 'litros': 63.12, 'precioUnitario': 1.666, 'importe': 105.16}]",86.91,18.25,105.16,EUR,Factura simplificada
T-33FB540337A5,EMP001,Transporte_01 S.L.,EMP001-U003,2025-02-27,05:52:56,Tarjeta de empresa,"{'id': '367', 'nombre': 'MORA', 'provincia': 'ALICANTE', 'municipio': 'ELCHE/ELX', 'direccion': 'CALLE ALMANSA, 62', 'lat': 38.278972, 'lon': -0.719639, 'grupo': 'MORA', 'nifEmpresa': 'F55886758'}","[{'producto': 'Gasóleo Premium', 'litros': 34.38, 'precioUnitario': 1.534, 'importe': 52.74}]",43.59,9.15,52.74,EUR,Factura simplificada
T-D1C954B14C31,EMP001,Transporte_01 S.L.,EMP001-U003,2025-06-10,05:00:33,Tarjeta de empresa,"{'id': '6572', 'nombre': 'MOEVE', 'provincia': 'MADRID', 'municipio': 'BRUNETE', 'direccion': 'CARRETERA M-501 KM. 17,2', 'lat': 40.394472, 'lon': -3.990639, 'grupo': 'MOEVE', 'nifEmpresa': 'A28003119'}","[{'producto': 'Gasolina 98 E5', 'litros': 32.02, 'precioUnitario': 1.74, 'importe': 55.71}]",46.04,9.67,55.71,EUR,Factura simplificada
T-4BE1A38D1504,EMP001,Transporte_01 S.L.,EMP001-U003,2025-04-10,13:51:03,Tarjeta de empresa,"{'id': '6599', 'nombre': 'CEPSA', 'provincia': 'MADRID', 'municipio': 'COLLADO VILLALBA', 'direccion': 'AUTOPISTA AP-6 (MRG.IZDO.) KM. 42,3', 'lat': 40.642583, 'lon': -4.039111, 'grupo': 'CEPSA', 'nifEmpresa': 'A28003119'}","[{'producto': 'Gasóleo Premium', 'litros': 62.77, 'precioUnitario': 1.539, 'importe': 96.6}]",79.83,16.77,96.6,EUR,Factura simplificada
T-4FF0132B8BCB,EMP001,Transporte_01 S.L.,EMP001-U003,2025-07-08,10:33:17,Tarjeta de empresa,"{'id': '1729', 'nombre': 'REPSOL', 'provincia': 'BALEARS (ILLES)', 'municipio': 'SANT LLORENÇ DES CARDASSAR', 'direccion': 'CARRETERA CARRET.PORTO CRISTO-SON SERVERA,KM.5,200 KM. 5,200', 'lat': 39.5805, 'lon': 3.361611, 'grupo': 'REPSOL', 'nifEmpresa': 'A78374725'}","[{'producto': 'Gasolina 95 E5', 'litros': 53.2, 'precioUnitario': 1.5, 'importe': 79.8}]",65.95,13.85,79.8,EUR,Factura simplificada
T-A4ADF1C53F6C,EMP001,Transporte_01 S.L.,EMP001-U003,2025-04-10,21:36:18,Tarjeta de empresa,"{'id': '5920', 'nombre': 'CAMPSA', 'provincia': 'JAÉN', 'municipio': 'ÚBEDA', 'direccion': 'AVENIDA CRISTO REY, S/N', 'lat': 38.014389, 'lon': -3.383806, 'grupo': 'CAMPSA', 'nifEmpresa': 'Z70289517'}","[{'producto': 'Gasóleo Premium', 'litros': 16.19, 'precioUnitario': 1.565, 'importe': 25.34}]",20.94,4.4,25.34,EUR,Factura simplificada
T-6C2101FD94E4,EMP001,Transporte_01 S.L.,EMP001-U003,2025-02-14,06:57:37,Efectivo,"{'id': '3810', 'nombre': 'DURAMAX', 'provincia': 'CIUDAD REAL', 'municipio': 'POZUELO DE CALATRAVA', 'direccion': 'CARRETERA CM-412 KM. 11', 'lat': 38.914806, 'lon': -3.836639, 'grupo': 'DURAMAX', 'nifEmpresa': 'G26217455'}","[{'producto': 'Gasóleo Premium', 'litros': 35.8, 'precioUnitario': 1.553, 'importe': 55.6}]",45.95,9.65,55.6,EUR,Factura simplificada
T-1D844E5B4843,EMP001,Transporte_01 S.L.,EMP001-U003,2025-01-01,19:50:05,Efectivo,"{'id': '10666', 'nombre': 'REPSOL', 'provincia': 'TOLEDO', 'municipio': 'TOLEDO', 'direccion': 'CL NOGUERAS, 5', 'lat': 39.871444, 'lon': -3.947917, 'grupo': 'REPSOL', 'nifEmpresa': 'A78374725'}","[{'producto': 'Gasóleo Premium', 'litros': 54.95, 'precioUnitario': 1.541, 'importe': 84.68}]",69.98,14.7,84.68,EUR,Factura simplificada
T-3C57F9277757,EMP001,Transporte_01 S.L.,EMP001-U003,2025-04-14,18:02:36,Tarjeta de empresa,"{'id': '8926', 'nombre': 'REPSOL', 'provincia': 'PONTEVEDRA', 'municipio': 'PORRIÑO (O)', 'direccion': 'CARRETERA PO-510 KM. 1,2', 'lat': 42.126889, 'lon': -8.615, 'grupo': 'REPSOL', 'nifEmpresa': 'A78374725'}","[{'producto': 'Gasóleo Premium', 'litros': 67.81, 'precioUnitario': 1.572, 'importe': 106.6}]",88.1,18.5,106.6,EUR,Factura simplificada
T-8028787B3D2F,EMP001,Transporte_01 S.L.,EMP001-U003,2025-01-11,19:44:28,Tarjeta de empresa,"{'id': '6594', 'nombre': 'ENI', 'provincia': 'MADRID', 'municipio': 'COBEÑA', 'direccion': 'CARRETERA M-103 KM. 6,210', 'lat': 40.578333, 'lon': -3.508917, 'grupo': 'ENI', 'nifEmpresa': 'P3431611G'}","[{'producto': 'Gasóleo Premium', 'litros': 34.57, 'precioUnitario': 1.54, 'importe': 53.24}]",44.0,9.24,53.24,EUR,Factura simplificada
T-7270D68E39DD,EMP001,Transporte_01 S.L.,EMP001-U003,2025-02-18,15:35:32,Tarjeta de empresa,"{'id': '1751', 'nombre': 'REPSOL', 'provincia': 'BALEARS (ILLES)', 'municipio': 'SINEU', 'direccion': 'CARRETERA PM-324 KM. 11,5', 'lat': 39.646083, 'lon': 3.006083, 'grupo': 'REPSOL', 'nifEmpresa': 'A78374725'}","[{'producto': 'Gasóleo Premium', 'litros': 52.43, 'precioUnitario': 1.535, 'importe': 80.48}]",66.51,13.97,80.48,EUR,Factura simplificada
T-D359ED76D35F,EMP001,Transporte_01 S.L.,EMP001-U003,2025-04-16,20:36:51,Tarjeta de empresa,"{'id': '8646', 'nombre': 'MOEVE', 'provincia': 'PALMAS (LAS)', 'municipio': 'PALMAS DE GRAN CANARIA (LAS)', 'direccion': 'CARRETERA CTRA. GRAL. DE TENOYA, 1 FINCA EL CANONIGO KM. 1', 'lat': 28.107806, 'lon': -15.489361, 'grupo': 'MOEVE', 'nifEmpresa': 'A28003119'}","[{'producto': 'Gasolina 95 E5', 'litros': 32.66, 'precioUnitario': 1.507, 'importe': 49.22}]",40.68,8.54,49.22,EUR,Factura simplificada
T-2DA2A535FF64,EMP001,Transporte_01 S.L.,EMP001-U003,2025-04-15,01:29:45,Tarjeta de empresa,"{'id': '572', 'nombre': 'POLAGAS', 'provincia': 'ALICANTE', 'municipio': 'SANTA POLA', 'direccion': 'CALLE LOS MARINEROS, 1', 'lat': 38.208806, 'lon': -0.57875, 'grupo': 'POLAGAS', 'nifEmpresa': 'R8692221H'}","[{'producto': 'Gasóleo A', 'litros': 26.42, 'precioUnitario': 1.444, 'importe': 38.15}]",31.53,6.62,38.15,EUR,Factura simplificada
T-A297AD33D157,EMP001,Transporte_01 S.L.,EMP001-U003,2025-01-17,06:19:37,Tarjeta de empresa,"{'id': '3375', 'nombre': 'REPSOL', 'provincia': 'CANTABRIA', 'municipio': 'REINOSA', 'direccion': 'AVENIDA CANTABRIA, 73', 'lat': 43.003861, 'lon': -4.131667, 'grupo': 'REPSOL', 'nifEmpresa': 'A78374725'}","[{'producto': 'Gasóleo Premium', 'litros': 32.42, 'precioUnitario': 1.519, 'importe': 49.25}]",40.7,8.55,49.25,EUR,Factura simplificada
T-C6124BCAA78B,EMP001,Transporte_01 S.L.,EMP001-U003,2025-06-21,00:46:34,Tarjeta de empresa,"{'id': '9906', 'nombre': 'E.S. SAN LAZARO', 'provincia': 'SEVILLA', 'municipio': 'SEVILLA', 'direccion': 'AVDA. DOCTOR FEDRIANI, 40 (BARRIADA BACHILLERA)', 'lat': 37.414389, 'lon': -5.983528, 'grupo': 'E.S. SAN LAZARO', 'nifEmpresa': 'S4074821B'}","[{'producto': 'Gasolina 98 E5', 'litros': 52.0, 'precioUnitario': 1.717, 'importe': 89.28}]",73.79,15.49,89.28,EUR,Factura simplificada
T-1E9198C70898,EMP001,Transporte_01 S.L.,EMP001-U003,2025-01-30,10:42:25,Efectivo,"{'id': '4514', 'nombre': 'MEROIL', 'provincia': 'CUENCA', 'municipio': 'HINOJOSOS (LOS)', 'direccion': 'CALLE JOSE ANTONIO VALVELDE 41, 0,400', 'lat': 39.608722, 'lon': -2.827167, 'grupo': 'MEROIL', 'nifEmpresa': 'A64743677'}","[{'producto': 'Gasóleo Premium', 'litros': 23.94, 'precioUnitario': 1.583, 'importe': 37.9}]",31.32,6.58,37.9,EUR,Factura simplificada
T-A026A7D6B35B,EMP001,Transporte_01 S.L.,EMP001-U003,2025-06-17,04:13:07,Tarjeta de empresa,"{'id': '920', 'nombre': 'PETROPRIX', 'provincia': 'ARABA/ÁLAVA', 'municipio': 'VITORIA-GASTEIZ', 'direccion': 'CALLE PORTAL DE GAMARRA, 35', 'lat': 42.872556, 'lon': -2.658583, 'grupo': 'PETROPRIX', 'nifEmpresa': 'B23709892'}","[{'producto': 'Gasolina 95 E5', 'litros': 78.04, 'precioUnitario': 1.524, 'importe': 118.93}]",98.29,20.64,118.93,EUR,Factura simplificada
T-2ED80E121ADC,EMP001,Transporte_01 S.L.,EMP001-U003,2025-06-14,14:41:08,Tarjeta de empresa,"{'id': '3575', 'nombre': 'GALP', 'provincia': 'CASTELLÓN / CASTELLÓ', 'municipio': 'NULES', 'direccion': 'CARRETERA CV226 KM. 26,6', 'lat': 39.841639, 'lon': -0.180861, 'grupo': 'GALP', 'nifEmpresa': 'A28559573'}","[{'producto': 'Gasóleo A', 'litros': 42.93, 'precioUnitario': 1.436, 'importe': 61.65}]",50.95,10.7,61.65,EUR,Factura simplificada
T-49852FC8F1E3,EMP001,Transporte_01 S.L.,EMP001-U003,2025-04-13,06:18:33,Tarjeta de empresa,"{'id': '4415', 'nombre': 'CEPSA', 'provincia': 'CORUÑA (A)', 'municipio': 'SANTIAGO DE COMPOSTELA', 'direccion': 'RUA DO AMIO -P.I.COSTA VELLA, 32', 'lat': 42.901806, 'lon': -8.512139, 'grupo': 'CEPSA', 'nifEmpresa': 'A28003119'}","[{'producto': 'Gasóleo Premium', 'litros': 42.26, 'precioUnitario': 1.528, 'importe': 64.57}]",53.36,11.21,64.57,EUR,Factura simplificada
T-46DA995EA8D1,EMP001,Transporte_01 S.L.,EMP001-U003,2025-05-01,11:24:23,Tarjeta de empresa,"{'id': '2489', 'nombre': 'PETRO VALLES', 'provincia': 'BARCELONA', 'municipio': 'TERRASSA', 'direccion': 'AVENIDA JAIME I, 1', 'lat': 41.569278, 'lon': 2.025444, 'grupo': 'PETRO VALLES', 'nifEmpresa': 'A39533948'}","[{'producto': 'Gasolina 95 E5', 'litros': 34.88, 'precioUnitario': 1.541, 'importe': 53.75}]",44.42,9.33,53.75,EUR,Factura simplificada
T-BBC24DC89946,EMP001,Transporte_01 S.L.,EMP001-U003,2025-04-04,17:40:32,Efectivo,"{'id': '5482', 'nombre': 'COMBUSTIBLES Y LUBRICANTES LA NICOBA, S.L.', 'provincia': 'HUELVA', 'municipio': 'HUELVA', 'direccion': 'CARRETERA H-101 KM. 0,280', 'lat': 37.302972, 'lon': -6.88825, 'grupo': 'COMBUSTIBLES Y LUBRICANTES LA NICOBA, S.L.', 'nifEmpresa': 'H47095211'}","[{'producto': 'Gasolina 98 E5', 'litros': 42.68, 'precioUnitario': 1.732, 'importe': 73.92}]",61.09,12.83,73.92,EUR,Factura simplificada
T-06F979480519,EMP001,Transporte_01 S.L.,EMP001-U003,2025-04-26,18:42:42,Tarjeta de empresa,"{'id': '8604', 'nombre': 'REPSOL', 'provincia': 'PALMAS (LAS)', 'municipio': 'ARUCAS', 'direccion': 'CARRETERA LOS CASTILLOES KM. S/N', 'lat': 28.086778, 'lon': -15.54225, 'grupo': 'REPSOL', 'nifEmpresa': 'A78374725'}","[{'producto': 'Gasóleo A', 'litros': 54.34, 'precioUnitario': 1.414, 'importe': 76.84}]",63.5,13.34,76.84,EUR,Factura simplificada
T-93115450C2C3,EMP001,Transporte_01 S.L.,EMP001-U003,2025-04-03,10:32:18,Tarjeta de empresa,"{'id': '8504', 'nombre': 'REPSOL', 'provincia': 'PALENCIA', 'municipio': 'MAGAZ DE PISUERGA', 'direccion': 'CARRETERA N-620 KM. 76', 'lat': 41.986639, 'lon': -4.416639, 'grupo': 'REPSOL', 'nifEmpresa': 'A78374725'}","[{'producto': 'Gasolina 98 E5', 'litros': 62.23, 'precioUnitario': 1.671, 'importe': 103.99}]",85.94,18.05,103.99,EUR,Factura simplificada
T-5CD7E703B11A,EMP001,Transporte_01 S.L.,EMP001-U003,2025-01-31,12:25:25,Efectivo,"{'id': '470', 'nombre': 'REPSOL', 'provincia': 'ALICANTE', 'municipio': 'MUTXAMEL', 'direccion': 'CARRETERA CV 800 KM. 0,750', 'lat': 38.427167, 'lon': -0.434583, 'grupo': 'REPSOL', 'nifEmpresa': 'A78374725'}","[{'producto': 'Gasóleo A', 'litros': 20.11, 'precioUnitario': 1.421, 'importe': 28.58}]",23.62,4.96,28.58,EUR,Factura simplificada
T-0A6809E278C0,EMP001,Transporte_01 S.L.,EMP001-U003,2025-07-06,13:11:20,Tarjeta de empresa,"{'id': '5586', 'nombre': 'REPSOL', 'provincia': 'HUESCA', 'municipio': 'BINÉFAR', 'direccion': 'CARRETERA N-240 KM. 129,8', 'lat': 41.827972, 'lon': 0.311167, 'grupo': 'REPSOL', 'nifEmpresa': 'A78374725'}","[{'producto': 'Gasolina 98 E5', 'litros': 34.47, 'precioUnitario': 1.688, 'importe': 58.19}]",48.09,10.1,58.19,EUR,Factura simplificada
T-07A32C8D281F,EMP001,Transporte_01 S.L.,EMP001-U003,2025-01-07,12:51:36,Tarjeta de empresa,"{'id': '6809', 'nombre': 'MOEVE', 'provincia': 'MADRID', 'municipio': 'MADRID', 'direccion': 'AUTOVIA A-3 KM. 7,1', 'lat': 40.392167, 'lon': -3.625083, 'grupo': 'MOEVE', 'nifEmpresa': 'A28003119'}","[{'producto': 'Gasóleo Premium', 'litros': 73.49, 'precioUnitario': 1.559, 'importe': 114.57}]",94.69,19.88,114.57,EUR,Factura simplificada
T-068CC0979105,EMP001,Transporte_01 S.L.,EMP001-U003,2025-01-06,02:05:46,Tarjeta de empresa,"{'id': '4815', 'nombre': 'ESCLATOIL', 'provincia': 'GIRONA', 'municipio': ""CASTELLÓ D'EMPÚRIES"", 'direccion': 'CARRER SANT MAURICI, 21', 'lat': 42.256611, 'lon': 3.10675, 'grupo': 'ESCLATOIL', 'nifEmpresa': 'P2368516G'}","[{'producto': 'Gasóleo A', 'litros': 30.39, 'precioUnitario': 1.456, 'importe': 44.25}]",36.57,7.68,44.25,EUR,Factura simplificada
T-2293F42E6EC2,EMP002,Transporte_02 S.L.,EMP002-U001,2025-04-18,11:06:58,Tarjeta de empresa,"{'id': '3786', 'nombre': 'REPSOL', 'provincia': 'CIUDAD REAL', 'municipio': 'MANZANARES', 'direccion': 'AUTOVIA A-4 KM. 162', 'lat': 39.108861, 'lon': -3.37825, 'grupo': 'REPSOL', 'nifEmpresa': 'A78374725'}","[{'producto': 'Gasolina 95 E5', 'litros': 40.5, 'precioUnitario': 1.498, 'importe': 60.67}]",50.14,10.53,60.67,EUR,Factura simplificada
T-8E82AF13303E,EMP002,Transporte_02 S.L.,EMP002-U001,2025-04-11,22:25:05,Tarjeta de empresa,"{'id': '8199', 'nombre': 'REPSOL', 'provincia': 'NAVARRA', 'municipio': 'BERRIOZAR', 'direccion': 'CARRETERA AVD. GUIPUZCOA N-240 KM. 4', 'lat': 42.836861, 'lon': -1.672889, 'grupo': 'REPSOL', 'nifEmpresa': 'A78374725'}","[{'producto': 'Gasóleo A', 'litros': 23.84, 'precioUnitario': 1.428, 'importe': 34.04}]",28.13,5.91,34.04,EUR,Factura simplificada
T-B5A35430EDCE,EMP002,Transporte_02 S.L.,EMP002-U001,2025-03-21,10:09:48,Efectivo,"{'id': '6782', 'nombre': 'U.S. BRAVO-GESLAMA', 'provincia': 'MADRID', 'municipio': 'MADRID', 'direccion': 'CALLE BRAVO MURILLO, 012', 'lat': 40.434806, 'lon': -3.704167, 'grupo': 'U.S. BRAVO-GESLAMA', 'nifEmpresa': 'X37098597'}","[{'producto': 'Gasóleo Premium', 'litros': 61.75, 'precioUnitario': 1.54, 'importe': 95.1}]",78.6,16.5,95.1,EUR,Factura simplificada
T-D9045463D666,EMP002,Transporte_02 S.L.,EMP002-U001,2025-01-08,18:25:39,Tarjeta de empresa,"{'id': '2090', 'nombre': 'ESCLATOIL', 'provincia': 'BARCELONA', 'municipio': ""LLIÇÀ D'AMUNT"", 'direccion': 'AVENIDA PAÏSOS CATALANS, 17', 'lat': 41.605833, 'lon': 2.243639, 'grupo': 'ESCLATOIL', 'nifEmpresa': 'S4612004D'}","[{'producto': 'Gasolina 98 E5', 'litros': 33.64, 'precioUnitario': 1.733, 'importe': 58.3}]",48.18,10.12,58.3,EUR,Factura simplificada
T-D9855EAEC00C,EMP002,Transporte_02 S.L.,EMP002-U001,2025-01-07,06:33:28,Tarjeta de empresa,"{'id': '10751', 'nombre': 'REPSOL', 'provincia': 'VALENCIA / VALÈNCIA', 'municipio': 'ALBORAYA', 'direccion': 'CARRETERA ALBORAYA - TAVERNES KM. 1,7', 'lat': 39.501778, 'lon': -0.356611, 'grupo': 'REPSOL', 'nifEmpresa': 'A78374725'}","[{'producto': 'Gasóleo Premium', 'litros': 61.77, 'precioUnitario': 1.531, 'importe': 94.57}]",78.16,16.41,94.57,EUR,Factura simplificada
T-5DF1A0212BCF,EMP002,Transporte_02 S.L.,EMP002-U001,2025-04-07,03:58:41,Tarjeta de empresa,"{'id': '5711', 'nombre': 'MOLGAS', 'provincia': 'JAÉN', 'municipio': 'ANDÚJAR', 'direccion': 'AUTOPISTA 4A KM. 316,7', 'lat': 38.043611, 'lon': -3.984944, 'grupo': 'MOLGAS', 'nifEmpresa': 'J69261790'}","[{'producto': 'Gasolina 98 E5', 'litros': 64.16, 'precioUnitario': 1.67, 'importe': 107.15}]",88.55,18.6,107.15,EUR,Factura simplificada
T-AB3B7F8DF55D,EMP002,Transporte_02 S.L.,EMP002-U001,2025-06-19,16:08:37,Tarjeta de empresa,"{'id': '2428', 'nombre': 'REPSOL', 'provincia': 'BARCELONA', 'municipio': 'SANTA PERPÈTUA DE MOGODA', 'direccion': 'CALLE LAS PALMAS, S/N', 'lat': 41.531944, 'lon': 2.193889, 'grupo': 'REPSOL', 'nifEmpresa': 'A78374725'}","[{'producto': 'Gasóleo Premium', 'litros': 45.83, 'precioUnitario': 1.517, 'importe': 69.52}]",57.45,12.07,69.52,EUR,Factura simplificada
T-89A3F3595D01,EMP002,Transporte_02 S.L.,EMP002-U001,2025-04-02,13:40:47,Tarjeta de empresa,"{'id': '43', 'nombre': 'MOEVE', 'provincia': 'ALBACETE', 'municipio': 'ALBACETE', 'direccion': 'AUTOVIA A-30 KM. 239,4', 'lat': 39.060528, 'lon': -1.933056, 'grupo': 'MOEVE', 'nifEmpresa': 'A28003119'}","[{'producto': 'Gasóleo A', 'litros': 48.3, 'precioUnitario': 1.433, 'importe': 69.21}]",57.2,12.01,69.21,EUR,Factura simplificada
T-5451EF950080,EMP002,Transporte_02 S.L.,EMP002-U001,2025-03-24,02:21:47,Tarjeta de empresa,"{'id': '1400', 'nombre': 'REPSOL', 'provincia': 'BADAJOZ', 'municipio': 'LOBÓN', 'direccion': 'CR A-5, 369,8', 'lat': 38.840194, 'lon': -6.646389, 'grupo': 'REPSOL', 'nifEmpresa': 'A78374725'}","[{'producto': 'Gasolina 98 E5', 'litros': 46.13, 'precioUnitario': 1.709, 'importe': 78.84}]",65.16,13.68,78.84,EUR,Factura simplificada
T-64F6856D98F3,EMP002,Transporte_02 S.L.,EMP002-U001,2025-03-01,18:33:31,Efectivo,"{'id': '3005', 'nombre': 'CAMPSA', 'provincia': 'CÁDIZ', 'municipio': 'ALCALÁ DEL VALLE', 'direccion': 'CR CA-455, 0,8', 'lat': 36.894722, 'lon': -5.163833, 'grupo': 'CAMPSA', 'nifEmpresa': 'B06431712'}","[{'producto': 'Gasóleo A', 'litros': 48.06, 'precioUnitario': 1.417, 'importe': 68.1}]",56.28,11.82,68.1,EUR,Factura simplificada
T-CA42AF0C4A6E,EMP002,Transporte_02 S.L.,EMP002-U001,2025-05-25,00:57:07,Tarjeta de empresa,"{'id': '6601', 'nombre': 'REPSOL', 'provincia': 'MADRID', 'municipio': 'COLLADO VILLALBA', 'direccion': 'CR M-601 1,0 (M-601 km 1,00)', 'lat': 40.646167, 'lon': -4.006556, 'grupo': 'REPSOL', 'nifEmpresa': 'A78374725'}","[{'producto': 'Gasolina 98 E5', 'litros': 40.25, 'precioUnitario': 1.744, 'importe': 70.2}]",58.02,12.18,70.2,EUR,Factura simplificada
T-BA6E6DF8F54E,EMP002,Transporte_02 S.L.,EMP002-U001,2025-05-15,07:56:11,Tarjeta de empresa,"{'id': '899', 'nombre': 'REPSOL', 'provincia': 'ARABA/ÁLAVA', 'municipio': 'VITORIA-GASTEIZ', 'direccion': 'CALLE PORTAL DE CASTILLA, 32', 'lat': 42.842833, 'lon': -2.682278, 'grupo': 'REPSOL', 'nifEmpresa': 'A78374725'}","[{'producto': 'Gasolina 95 E5', 'litros': 43.34, 'precioUnitario': 1.509, 'importe': 65.4}]",54.05,11.35,65.4,EUR,Factura simplificada
T-9E81675BD9B0,EMP002,Transporte_02 S.L.,EMP002-U001,2025-03-10,15:45:17,Tarjeta de empresa,"{'id': '11180', 'nombre': 'BP PUERTO DE SAGUNTO', 'provincia': 'VALENCIA / VALÈNCIA', 'municipio': 'SAGUNTO/SAGUNT', 'direccion': 'AVENIDA PERIODISTA AZZATI, ', 'lat': 39.66825, 'lon': -0.224972, 'grupo': 'BP PUERTO DE SAGUNTO', 'nifEmpresa': 'J39335294'}","[{'producto': 'Gasolina 98 E5', 'litros': 35.2, 'precioUnitario': 1.724, 'importe': 60.68}]",50.15,10.53,60.68,EUR,Factura simplificada
T-6119F71382B4,EMP002,Transporte_02 S.L.,EMP002-U001,2025-03-29,22:42:58,Efectivo,"{'id': '5923', 'nombre': 'EUROIL LA RECTA', 'provincia': 'JAÉN', 'municipio': 'ÚBEDA', 'direccion': 'N-322 km 151.800', 'lat': 38.031389, 'lon': -3.334167, 'grupo': 'EUROIL LA RECTA', 'nifEmpresa': 'Z84210202'}","[{'producto': 'Gasolina 95 E5', 'litros': 52.44, 'precioUnitario': 1.519, 'importe': 79.66}]",65.83,13.83,79.66,EUR,Factura simplificada
T-59660C41D631,EMP002,Transporte_02 S.L.,EMP002-U001,2025-07-08,01:36:05,Tarjeta de empresa,"{'id': '2439', 'nombre': 'CARREFOUR', 'provincia': 'BARCELONA', 'municipio': 'SANTA SUSANNA', 'direccion': 'POLIGONO POLÍGONO 1 DE LA RIERA , PARCELAS  FR6-FR7, S/N', 'lat': 41.635417, 'lon': 2.712333, 'grupo': 'CARREFOUR', 'nifEmpresa': 'C02402683'}","[{'producto': 'Gasóleo A', 'litros': 34.97, 'precioUnitario': 1.408, 'importe': 49.24}]",40.69,8.55,49.24,EUR,Factura simplificada
T-697039B7773E,EMP002,Transporte_02 S.L.,EMP002-U001,2025-05-14,19:15:20,Tarjeta de empresa,"{'id': '2862', 'nombre': 'GASOLINERA LOS IBORES', 'provincia': 'CÁCERES', 'municipio': 'BOHONAL DE IBOR', 'direccion': 'EX_118 NAVALMORAL-GUADALUPE km 51,32', 'lat': 39.785778, 'lon': -5.476694, 'grupo': 'GASOLINERA LOS IBORES', 'nifEmpresa': 'B89178396'}","[{'producto': 'Gasolina 95 E5', 'litros': 15.17, 'precioUnitario': 1.537, 'importe': 23.32}]",19.27,4.05,23.32,EUR,Factura simplificada
T-7609DCE9F8C5,EMP002,Transporte_02 S.L.,EMP002-U001,2025-05-29,14:23:35,Efectivo,"{'id': '7318', 'nombre': 'MOEVE', 'provincia': 'MADRID', 'municipio': 'VILLAREJO DE SALVANÉS', 'direccion': 'AUTOVIA A-3 KM. 49,3', 'lat': 40.167722, 'lon': -3.285472, 'grupo': 'MOEVE', 'nifEmpresa': 'A28003119'}","[{'producto': 'Gasolina 95 E5', 'litros': 18.11, 'precioUnitario': 1.546, 'importe': 28.0}]",23.14,4.86,28.0,EUR,Factura simplificada
T-A8E004BA1F21,EMP002,Transporte_02 S.L.,EMP002-U001,2025-03-01,12:48:13,Efectivo,"{'id': '1458', 'nombre': 'MERCOENERGY', 'provincia': 'BADAJOZ', 'municipio': 'PUEBLA DE LA CALZADA', 'direccion': 'AVENIDA ALCORNOQUE DEL, 91', 'lat': 38.89225, 'lon': -6.617889, 'grupo': 'MERCOENERGY', 'nifEmpresa': 'H76617711'}","[{'producto': 'Gasóleo A', 'litros': 31.49, 'precioUnitario': 1.451, 'importe': 45.69}]",37.76,7.93,45.69,EUR,Factura simplificada
T-FB88B4E3374F,EMP002,Transporte_02 S.L.,EMP002-U001,2025-01-12,19:39:56,Tarjeta de empresa,"{'id': '1364', 'nombre': 'DIDAYMAZ S.COOP.', 'provincia': 'BADAJOZ', 'municipio': 'DON BENITO', 'direccion': 'CAMINO CARRETERA CIRCUNVALACION, S/N', 'lat': 39.073222, 'lon': -5.751111, 'grupo': 'DIDAYMAZ S.COOP.', 'nifEmpresa': 'Z49985690'}","[{'producto': 'Gasolina 95 E5', 'litros': 45.14, 'precioUnitario': 1.518, 'importe': 68.52}]",56.63,11.89,68.52,EUR,Factura simplificada
T-D18762B62F8E,EMP002,Transporte_02 S.L.,EMP002-U001,2025-05-15,11:43:16,Tarjeta de empresa,"{'id': '10855', 'nombre': 'REPSOL', 'provincia': 'VALENCIA / VALÈNCIA', 'municipio': 'CANALS', 'direccion': 'AVENIDA CORTES VALENCIANAS, S/N', 'lat': 38.959, 'lon': -0.588222, 'grupo': 'REPSOL', 'nifEmpresa': 'A78374725'}","[{'producto': 'Gasóleo A', 'litros': 44.99, 'precioUnitario': 1.429, 'importe': 64.29}]",53.13,11.16,64.29,EUR,Factura simplificada
T-C3E15FCEED24,EMP002,Transporte_02 S.L.,EMP002-U001,2025-05-11,05:37:02,Tarjeta de empresa,"{'id': '6996', 'nombre': 'REPSOL', 'provincia': 'MADRID', 'municipio': 'MADRID', 'direccion': 'AVENIDA AVENIDA DE MORATALAZ, 21', 'lat': 40.407639, 'lon': -3.660583, 'grupo': 'REPSOL', 'nifEmpresa': 'A78374725'}","[{'producto': 'Gasolina 95 E5', 'litros': 36.7, 'precioUnitario': 1.52, 'importe': 55.78}]",46.1,9.68,55.78,EUR,Factura simplificada
T-82D776062594,EMP002,Transporte_02 S.L.,EMP002-U001,2025-05-13,17:41:37,Efectivo,"{'id': '6137', 'nombre': 'REPSOL', 'provincia': 'LLEIDA', 'municipio': 'ALPICAT', 'direccion': 'CARRETERA A-22 KM. 0', 'lat': 41.645917, 'lon': 0.566444, 'grupo': 'REPSOL', 'nifEmpresa': 'A78374725'}","[{'producto': 'Gasolina 98 E5', 'litros': 35.98, 'precioUnitario': 1.642, 'importe': 59.08}]",48.83,10.25,59.08,EUR,Factura simplificada
T-31EB57D58E29,EMP002,Transporte_02 S.L.,EMP002-U001,2025-02-11,16:17:54,Tarjeta de empresa,"{'id': '10243', 'nombre': 'PETRONOR', 'provincia': 'TARRAGONA', 'municipio': 'ULLDECONA', 'direccion': 'CARRETERA T 331 KM. 17,50', 'lat': 40.587778, 'lon': 0.44275, 'grupo': 'PETRONOR', 'nifEmpresa': 'U15654528'}","[{'producto': 'Gasóleo Premium', 'litros': 63.56, 'precioUnitario': 1.542, 'importe': 98.01}]",81.0,17.01,98.01,EUR,Factura simplificada
T-9B953272FEB8,EMP002,Transporte_02 S.L.,EMP002-U001,2025-01-27,00:07:38,Tarjeta de empresa,"{'id': '8103', 'nombre': 'REPSOL', 'provincia': 'MURCIA', 'municipio': 'TORRE-PACHECO', 'direccion': 'AVENIDA MARQUES DE ROZALEJO, S,/N,', 'lat': 37.783, 'lon': -0.872833, 'grupo': 'REPSOL', 'nifEmpresa': 'A78374725'}","[{'producto': 'Gasóleo Premium', 'litros': 32.47, 'precioUnitario': 1.494, 'importe': 48.51}]",40.09,8.42,48.51,EUR,Factura simplificada
T-BFAD0DEF803E,EMP002,Transporte_02 S.L.,EMP002-U001,2025-06-14,11:19:05,Tarjeta de empresa,"{'id': '9522', 'nombre': 'REPSOL', 'provincia': 'SEGOVIA', 'municipio': 'SEGOVIA', 'direccion': 'PASEO EZEQUIEL GONZALEZ, 28', 'lat': 40.946111, 'lon': -4.122944, 'grupo': 'REPSOL', 'nifEmpresa': 'A78374725'}","[{'producto': 'Gasolina 95 E5', 'litros': 34.24, 'precioUnitario': 1.502, 'importe': 51.43}]",42.5,8.93,51.43,EUR,Factura simplificada
T-DBE0E6F3D780,EMP002,Transporte_02 S.L.,EMP002-U001,2025-04-19,23:24:41,Tarjeta de empresa,"{'id': '11443', 'nombre': 'REPSOL', 'provincia': 'VALLADOLID', 'municipio': 'VALLADOLID', 'direccion': 'CALLE PUENTE COLGANTE, 10', 'lat': 41.641111, 'lon': -4.734222, 'grupo': 'REPSOL', 'nifEmpresa': 'A78374725'}","[{'producto': 'Gasóleo A', 'litros': 23.46, 'precioUnitario': 1.431, 'importe': 33.57}]",27.74,5.83,33.57,EUR,Factura simplificada
T-096460CF384D,EMP002,Transporte_02 S.L.,EMP002-U001,2025-05-16,10:07:23,Tarjeta de empresa,"{'id': '11507', 'nombre': 'GASEXPRESS', 'provincia': 'VALLADOLID', 'municipio': 'ZARATÁN', 'direccion': 'AVENIDA GIJÓN, 37', 'lat': 41.660944, 'lon': -4.766556, 'grupo': 'GASEXPRESS', 'nifEmpresa': 'U04945192'}","[{'producto': 'Gasóleo A', 'litros': 38.62, 'precioUnitario': 1.435, 'importe': 55.42}]",45.8,9.62,55.42,EUR,Factura simplificada
T-E3486DE45A5D,EMP002,Transporte_02 S.L.,EMP002-U001,2025-03-11,20:18:00,Tarjeta de empresa,"{'id': '1928', 'nombre': 'NUROIL', 'provincia': 'BARCELONA', 'municipio': 'CASTELLAR DEL VALLÈS', 'direccion': 'CARRER DE LA SEGARRA, 4', 'lat': 41.5975, 'lon': 2.090611, 'grupo': 'NUROIL', 'nifEmpresa': 'X58514936'}","[{'producto': 'Gasolina 98 E5', 'litros': 44.57, 'precioUnitario': 1.702, 'importe': 75.86}]",62.69,13.17,75.86,EUR,Factura simplificada
T-3A9A6E2F5F3C,EMP002,Transporte_02 S.L.,EMP002-U001,2025-07-31,22:24:06,Efectivo,"{'id': '2990', 'nombre': 'REPSOL', 'provincia': 'CÁCERES', 'municipio': 'VALDASTILLAS', 'direccion': 'CARRETERA N-110 KM. 382,400', 'lat': 40.136417, 'lon': -5.890833, 'grupo': 'REPSOL', 'nifEmpresa': 'A78374725'}","[{'producto': 'Gasóleo Premium', 'litros': 28.96, 'precioUnitario': 1.591, 'importe': 46.08}]",38.08,8.0,46.08,EUR,Factura simplificada
T-EE73AB2A3C54,EMP002,Transporte_02 S.L.,EMP002-U001,2025-04-04,00:40:54,Tarjeta de empresa,"{'id': '7379', 'nombre': 'GALP', 'provincia': 'MÁLAGA', 'municipio': 'BENALMÁDENA', 'direccion': 'CARRETERA N-340- SECTOR 97 KM. S/N', 'lat': 36.572361, 'lon': -4.590167, 'grupo': 'GALP', 'nifEmpresa': 'A28559573'}","[{'producto': 'Gasolina 95 E5', 'litros': 30.47, 'precioUnitario': 1.545, 'importe': 47.08}]",38.91,8.17,47.08,EUR,Factura simplificada
T-FB5EEAEFC850,EMP002,Transporte_02 S.L.,EMP002-U001,2025-03-06,01:01:31,Tarjeta de empresa,"{'id': '3285', 'nombre': 'E.S EL BARRIAL S.L', 'provincia': 'CÁDIZ', 'municipio': 'TREBUJENA', 'direccion': 'POLIGONO EL BARRIAL SECTOR 10 PARCELA 72, S/N', 'lat': 36.862389, 'lon': -6.172083, 'grupo': 'E.S EL BARRIAL S.L', 'nifEmpresa': 'A55022966'}","[{'producto': 'Gasóleo A', 'litros': 55.93, 'precioUnitario': 1.438, 'importe': 80.43}]",66.47,13.96,80.43,EUR,Factura simplificada
T-95E7E19A70D7,EMP002,Transporte_02 S.L.,EMP002-U001,2025-06-18,05:16:25,Tarjeta de empresa,"{'id': '8648', 'nombre': 'REPSOL', 'provincia': 'PALMAS (LAS)', 'municipio': 'PALMAS DE GRAN CANARIA (LAS)', 'direccion': 'CARRETERA DE CHILE KM. 84', 'lat': 28.117083, 'lon': -15.45525, 'grupo': 'REPSOL', 'nifEmpresa': 'A78374725'}","[{'producto': 'Gasolina 95 E5', 'litros': 26.37, 'precioUnitario': 1.486, 'importe': 39.19}]",32.39,6.8,39.19,EUR,Factura simplificada
T-25368730B2E5,EMP002,Transporte_02 S.L.,EMP002-U001,2025-05-18,21:30:12,Tarjeta de empresa,"{'id': '5810', 'nombre': 'CEPSA', 'provincia': 'JAÉN', 'municipio': 'JAÉN', 'direccion': 'CARRERA N323A, 32', 'lat': 37.823944, 'lon': -3.770917, 'grupo': 'CEPSA', 'nifEmpresa': 'A28003119'}","[{'producto': 'Gasolina 95 E5', 'litros': 30.97, 'precioUnitario': 1.509, 'importe': 46.73}]",38.62,8.11,46.73,EUR,Factura simplificada
T-48F105CF3640,EMP002,Transporte_02 S.L.,EMP002-U001,2025-01-11,11:18:16,Tarjeta de empresa,"{'id': '5351', 'nombre': 'E.S. LA RURAL', 'provincia': 'GUADALAJARA', 'municipio': 'CONDEMIOS DE ARRIBA', 'direccion': 'CALLE CARRETERA DE GALVEZ, 41', 'lat': 41.214361, 'lon': -3.127806, 'grupo': 'E.S. LA RURAL', 'nifEmpresa': 'B45991023'}","[{'producto': 'Gasóleo Premium', 'litros': 45.31, 'precioUnitario': 1.531, 'importe': 69.37}]",57.33,12.04,69.37,EUR,Factura simplificada
T-0B8DAEBFC6AE,EMP002,Transporte_02 S.L.,EMP002-U001,2025-01-24,15:10:26,Tarjeta de empresa,"{'id': '5616', 'nombre': 'REPSOL', 'provincia': 'HUESCA', 'municipio': 'GRADO (EL)', 'direccion': 'CARRETERA A-138 KM. 9,10', 'lat': 42.140611, 'lon': 0.225944, 'grupo': 'REPSOL', 'nifEmpresa': 'A78374725'}","[{'producto': 'Gasolina 98 E5', 'litros': 64.28, 'precioUnitario': 1.683, 'importe': 108.18}]",89.4,18.78,108.18,EUR,Factura simplificada
T-9AE5D0707BF6,EMP002,Transporte_02 S.L.,EMP002-U001,2025-01-02,05:25:06,Tarjeta de empresa,"{'id': '4783', 'nombre': 'REPSOL', 'provincia': 'GIRONA', 'municipio': 'BESALÚ', 'direccion': 'CARRETERA N-260 KM. 63', 'lat': 42.202083, 'lon': 2.691889, 'grupo': 'REPSOL', 'nifEmpresa': 'A78374725'}","[{'producto': 'Gasolina 95 E5', 'litros': 27.52, 'precioUnitario': 1.541, 'importe': 42.41}]",35.05,7.36,42.41,EUR,Factura simplificada
T-E607B59B0789,EMP002,Transporte_02 S.L.,EMP002-U001,2025-07-11,08:59:20,Tarjeta de empresa,"{'id': '2782', 'nombre': 'MOEVE', 'provincia': 'BURGOS', 'municipio': 'MELGAR DE FERNAMENTAL', 'direccion': 'CR N-120, 162', 'lat': 42.403056, 'lon': -4.238167, 'grupo': 'MOEVE', 'nifEmpresa': 'A28003119'}","[{'producto': 'Gasóleo Premium', 'litros': 37.02, 'precioUnitario': 1.555, 'importe': 57.57}]",47.58,9.99,57.57,EUR,Factura simplificada
T-F780D0BEBECA,EMP002,Transporte_02 S.L.,EMP002-U001,2025-05-29,19:02:30,Tarjeta de empresa,"{'id': '1850', 'nombre': 'MEROIL', 'provincia': 'BARCELONA', 'municipio': 'BARCELONA', 'direccion': ""CARRETERA L'ARRABASSADA KM. 5"", 'lat': 41.430306, 'lon': 2.128889, 'grupo': 'MEROIL', 'nifEmpresa': 'U14978407'}","[{'producto': 'Gasolina 98 E5', 'litros': 64.42, 'precioUnitario': 1.716, 'importe': 110.54}]",91.36,19.18,110.54,EUR,Factura simplificada
T-E14F741C71B7,EMP002,Transporte_02 S.L.,EMP002-U001,2025-06-23,14:10:11,Tarjeta de empresa,"{'id': '3641', 'nombre': 'CEPSA', 'provincia': 'CASTELLÓN / CASTELLÓ', 'municipio': 'VILLARREAL/VILA-REAL', 'direccion': 'VIVER-PTO BURRIANA km 65,3', 'lat': 39.943333, 'lon': -0.116528, 'grupo': 'CEPSA', 'nifEmpresa': 'A28003119'}","[{'producto': 'Gasolina 98 E5', 'litros': 61.4, 'precioUnitario': 1.67, 'importe': 102.54}]",84.74,17.8,102.54,EUR,Factura simplificada
T-209A19CDF927,EMP002,Transporte_02 S.L.,EMP002-U001,2025-01-27,10:31:51,Efectivo,"{'id': '8416', 'nombre': 'REPSOL', 'provincia': 'OURENSE', 'municipio': 'LOBEIRA', 'direccion': 'CR N-540 51,6', 'lat': 41.951694, 'lon': -8.029389, 'grupo': 'REPSOL', 'nifEmpresa': 'A78374725'}","[{'producto': 'Gasolina 95 E5', 'litros': 32.19, 'precioUnitario': 1.516, 'importe': 48.8}]",40.33,8.47,48.8,EUR,Factura simplificada
T-3D6DD53F0568,EMP002,Transporte_02 S.L.,EMP002-U001,2025-06-08,00:07:57,Tarjeta de empresa,"{'id': '7409', 'nombre': 'AGLA', 'provincia': 'MÁLAGA', 'municipio': 'CASARABONELA', 'direccion': 'CTRA.A-357, (ZALEA-ARDALES) km 33,2', 'lat': 36.810472, 'lon': -4.7835, 'grupo': 'AGLA', 'nifEmpresa': 'X07622681'}","[{'producto': 'Gasolina 98 E5', 'litros': 58.04, 'precioUnitario': 1.731, 'importe': 100.47}]",83.03,17.44,100.47,EUR,Factura simplificada
T-4ABF018BFFBC,EMP002,Transporte_02 S.L.,EMP002-U001,2025-02-10,05:11:00,Tarjeta de empresa,"{'id': '8601', 'nombre': 'SHELL NUEVA ARUCAS', 'provincia': 'PALMAS (LAS)', 'municipio': 'ARUCAS', 'direccion': 'CALLE SUAREZ FRANCHY, 26', 'lat': 28.117889, 'lon': -15.524583, 'grupo': 'SHELL NUEVA ARUCAS', 'nifEmpresa': 'B16060717'}","[{'producto': 'Gasolina 98 E5', 'litros': 34.09, 'precioUnitario': 1.668, 'importe': 56.86}]",46.99,9.87,56.86,EUR,Factura simplificada
T-3FB8C5BDE908,EMP002,Transporte_02 S.L.,EMP002-U001,2025-07-13,01:04:47,Tarjeta de empresa,"{'id': '4172', 'nombre': 'GALP', 'provincia': 'CORUÑA (A)', 'municipio': 'AMES', 'direccion': 'SANTIAGO-NOIA km 7,51', 'lat': 42.864361, 'lon': -8.629167, 'grupo': 'GALP', 'nifEmpresa': 'A28559573'}","[{'producto': 'Gasóleo A', 'litros': 44.57, 'precioUnitario': 1.433, 'importe': 63.87}]",52.79,11.08,63.87,EUR,Factura simplificada
T-076429378AB6,EMP002,Transporte_02 S.L.,EMP002-U001,2025-03-03,07:18:58,Tarjeta de empresa,"{'id': '9631', 'nombre': 'PETRONOR', 'provincia': 'SEVILLA', 'municipio': 'CANTILLANA', 'direccion': 'AVENIDA GRANADA, 3', 'lat': 37.615667, 'lon': -5.819833, 'grupo': 'PETRONOR', 'nifEmpresa': 'C29751617'}","[{'producto': 'Gasóleo Premium', 'litros': 46.46, 'precioUnitario': 1.548, 'importe': 71.92}]",59.44,12.48,71.92,EUR,Factura simplificada
T-95E9FB1E3A8D,EMP002,Transporte_02 S.L.,EMP002-U001,2025-03-16,08:29:14,Tarjeta de empresa,"{'id': '561', 'nombre': 'REPSOL', 'provincia': 'ALICANTE', 'municipio': 'SAN VICENTE DEL RASPEIG/SANT VICENT DEL RASPEIG', 'direccion': 'CARRETERA AGOST KM. 68', 'lat': 38.401417, 'lon': -0.534111, 'grupo': 'REPSOL', 'nifEmpresa': 'A78374725'}","[{'producto': 'Gasolina 98 E5', 'litros': 38.28, 'precioUnitario': 1.712, 'importe': 65.54}]",54.17,11.37,65.54,EUR,Factura simplificada
T-E1FB6DD6F1CE,EMP002,Transporte_02 S.L.,EMP002-U001,2025-01-16,11:48:39,Tarjeta de empresa,"{'id': '3735', 'nombre': 'REPSOL', 'provincia': 'CIUDAD REAL', 'municipio': 'CIUDAD REAL', 'direccion': 'CARRETERA N-430 KM. 304,42', 'lat': 38.9745, 'lon': -3.958361, 'grupo': 'REPSOL', 'nifEmpresa': 'A78374725'}","[{'producto': 'Gasolina 95 E5', 'litros': 50.67, 'precioUnitario': 1.514, 'importe': 76.71}]",63.4,13.31,76.71,EUR,Factura simplificada
T-26B97C0FE456,EMP002,Transporte_02 S.L.,EMP002-U001,2025-06-08,18:30:59,Tarjeta de empresa,"{'id': '6121', 'nombre': 'BONAREA', 'provincia': 'LLEIDA', 'municipio': 'ALCARRÀS', 'direccion': 'CTRA L-800 km 1.85', 'lat': 41.577667, 'lon': 0.516889, 'grupo': 'BONAREA', 'nifEmpresa': 'P8188355E'}","[{'producto': 'Gasóleo A', 'litros': 59.52, 'precioUnitario': 1.397, 'importe': 83.15}]",68.72,14.43,83.15,EUR,Factura simplificada
T-3737136A9CFD,EMP002,Transporte_02 S.L.,EMP002-U001,2025-06-08,05:24:07,Tarjeta de empresa,"{'id': '5664', 'nombre': 'REPSOL', 'provincia': 'HUESCA', 'municipio': 'SALLENT DE GÁLLEGO', 'direccion': 'CARRETERA A-136 KM. 94', 'lat': 42.773972, 'lon': -0.367806, 'grupo': 'REPSOL', 'nifEmpresa': 'A78374725'}","[{'producto': 'Gasolina 98 E5', 'litros': 47.87, 'precioUnitario': 1.67, 'importe': 79.94}]",66.07,13.87,79.94,EUR,Factura simplificada
T-D36B6076C1A9,EMP002,Transporte_02 S.L.,EMP002-U001,2025-05-20,16:58:14,Tarjeta de empresa,"{'id': '392', 'nombre': 'GALP', 'provincia': 'ALICANTE', 'municipio': 'ELCHE/ELX', 'direccion': 'Autovía del Mediterráneo (A-7) a Murcia', 'lat': 38.309528, 'lon': -0.605694, 'grupo': 'GALP', 'nifEmpresa': 'A28559573'}","[{'producto': 'Gasolina 98 E5', 'litros': 34.85, 'precioUnitario': 1.705, 'importe': 59.42}]",49.11,10.31,59.42,EUR,Factura simplificada
T-B398E2D78973,EMP002,Transporte_02 S.L.,EMP002-U001,2025-03-31,22:55:03,Tarjeta de empresa,"{'id': '10189', 'nombre': 'CARBURANTS TOSSES ', 'provincia': 'TARRAGONA', 'municipio': ""SANT JAUME D'ENVEJA"", 'direccion': 'CARRETERA DIPUTACION KM. 2,45', 'lat': 40.690806, 'lon': 0.721694, 'grupo': 'CARBURANTS TOSSES ', 'nifEmpresa': 'F79979951'}","[{'producto': 'Gasolina 95 E5', 'litros': 55.13, 'precioUnitario': 1.533, 'importe': 84.51}]",69.84,14.67,84.51,EUR,Factura simplificada
T-2AC0ACF4E587,EMP002,Transporte_02 S.L.,EMP002-U002,2025-06-23,21:52:43,Tarjeta de empresa,"{'id': '8472', 'nombre': 'CEPSA- ANTELA E.S.', 'provincia': 'OURENSE', 'municipio': 'XINZO DE LIMIA', 'direccion': 'VÍA PISTA ENLACE AUTOVIA RIAS BAIXAS, S/N', 'lat': 42.077917, 'lon': -7.714583, 'grupo': 'CEPSA- ANTELA E.S.', 'nifEmpresa': 'S4490581H'}","[{'producto': 'Gasóleo A', 'litros': 30.21, 'precioUnitario': 1.466, 'importe': 44.29}]",36.6,7.69,44.29,EUR,Factura simplificada
T-3B4F91E39188,EMP002,Transporte_02 S.L.,EMP002-U002,2025-03-30,16:46:20,Tarjeta de empresa,"{'id': '6374', 'nombre': 'GALP', 'provincia': 'LUGO', 'municipio': 'LUGO', 'direccion': 'CARRETERA LU-530 PK 1,800 CASTELO DE ARRIBA KM. 1,8', 'lat': 43.010639, 'lon': -7.537583, 'grupo': 'GALP', 'nifEmpresa': 'A28559573'}","[{'producto': 'Gasóleo A', 'litros': 25.45, 'precioUnitario': 1.487, 'importe': 37.84}]",31.27,6.57,37.84,EUR,Factura simplificada
T-E9B8F45D55AE,EMP002,Transporte_02 S.L.,EMP002-U002,2025-06-03,08:28:07,Tarjeta de empresa,"{'id': '1271', 'nombre': 'SETTRAN', 'provincia': 'BADAJOZ', 'municipio': 'ALMENDRALEJO', 'direccion': 'CALLE CONSTRUCCION, SN', 'lat': 38.695361, 'lon': -6.408139, 'grupo': 'SETTRAN', 'nifEmpresa': 'P9986798H'}","[{'producto': 'Gasóleo A', 'litros': 42.47, 'precioUnitario': 1.441, 'importe': 61.2}]",50.58,10.62,61.2,EUR,Factura simplificada
T-671DD31CFEB4,EMP002,Transporte_02 S.L.,EMP002-U002,2025-07-19,19:25:26,Tarjeta de empresa,"{'id': '4830', 'nombre': ""REPSOL L'ESCALA"", 'provincia': 'GIRONA', 'municipio': ""ESCALA (L')"", 'direccion': ""CALLE CLOSA D'EN LLOP, 2"", 'lat': 42.124972, 'lon': 3.123222, 'grupo': ""REPSOL L'ESCALA"", 'nifEmpresa': 'W5978207H'}","[{'producto': 'Gasolina 95 E5', 'litros': 28.68, 'precioUnitario': 1.521, 'importe': 43.62}]",36.05,7.57,43.62,EUR,Factura simplificada
T-27820937C668,EMP002,Transporte_02 S.L.,EMP002-U002,2025-07-28,04:38:59,Tarjeta de empresa,"{'id': '8228', 'nombre': 'AN ENERGETICOS, S.L.', 'provincia': 'NAVARRA', 'municipio': 'CORTES', 'direccion': 'AVENIDA CARMEN BELLIDO, 52', 'lat': 41.926556, 'lon': -1.422056, 'grupo': 'AN ENERGETICOS, S.L.', 'nifEmpresa': 'P8203778I'}","[{'producto': 'Gasolina 95 E5', 'litros': 54.32, 'precioUnitario': 1.523, 'importe': 82.73}]",68.37,14.36,82.73,EUR,Factura simplificada
T-9E0274831C1B,EMP002,Transporte_02 S.L.,EMP002-U002,2025-06-07,07:06:01,Efectivo,"{'id': '2958', 'nombre': 'SHELL', 'provincia': 'CÁCERES', 'municipio': 'PLASENCIA', 'direccion': 'CALLE BELGICA ESQUINA TRAVESÍA ADELARDO LOPEZ AYER, S/N', 'lat': 40.012667, 'lon': -6.105722, 'grupo': 'SHELL', 'nifEmpresa': 'D65905150'}","[{'producto': 'Gasolina 98 E5', 'litros': 70.29, 'precioUnitario': 1.669, 'importe': 117.31}]",96.95,20.36,117.31,EUR,Factura simplificada
T-DD4E7D56CCB5,EMP002,Transporte_02 S.L.,EMP002-U002,2025-07-25,15:22:23,Tarjeta de empresa,"{'id': '6424', 'nombre': 'LERIA S.C.G.', 'provincia': 'LUGO', 'municipio': 'SAVIÑAO (O)', 'direccion': 'CARRETERA CARRETERA CURRELOS-ESCAIRON KM. 12', 'lat': 42.675083, 'lon': -7.653333, 'grupo': 'LERIA S.C.G.', 'nifEmpresa': 'N9251925E'}","[{'producto': 'Gasolina 95 E5', 'litros': 20.88, 'precioUnitario': 1.526, 'importe': 31.86}]",26.33,5.53,31.86,EUR,Factura simplificada
T-87BD192379E5,EMP002,Transporte_02 S.L.,EMP002-U002,2025-02-16,01:54:05,Tarjeta de empresa,"{'id': '1041', 'nombre': 'REPSOL', 'provincia': 'ASTURIAS', 'municipio': 'LANGREO', 'direccion': 'CARRETERA AS-17 KM. 37,400', 'lat': 43.327639, 'lon': -5.7135, 'grupo': 'REPSOL', 'nifEmpresa': 'A78374725'}","[{'producto': 'Gasóleo A', 'litros': 50.91, 'precioUnitario': 1.503, 'importe': 76.52}]",63.24,13.28,76.52,EUR,Factura simplificada
T-03993CA95B81,EMP002,Transporte_02 S.L.,EMP002-U002,2025-03-13,10:39:36,Tarjeta de empresa,"{'id': '7173', 'nombre': 'CARREFOUR', 'provincia': 'MADRID', 'municipio': 'ROZAS DE MADRID (LAS)', 'direccion': 'CARRETERA MADRID-LA CORUÑA KM. 22', 'lat': 40.521389, 'lon': -3.884917, 'grupo': 'CARREFOUR', 'nifEmpresa': 'P4865281B'}","[{'producto': 'Gasóleo Premium', 'litros': 54.89, 'precioUnitario': 1.522, 'importe': 83.54}]",69.04,14.5,83.54,EUR,Factura simplificada
T-398B656E4FFF,EMP002,Transporte_02 S.L.,EMP002-U002,2025-04-14,17:00:51,Tarjeta de empresa,"{'id': '10557', 'nombre': 'PETROPRIX', 'provincia': 'TOLEDO', 'municipio': 'OCAÑA', 'direccion': 'CARRETERA N400 KM. 6', 'lat': 39.960139, 'lon': -3.488778, 'grupo': 'PETROPRIX', 'nifEmpresa': 'B23709892'}","[{'producto': 'Gasóleo Premium', 'litros': 35.12, 'precioUnitario': 1.556, 'importe': 54.65}]",45.17,9.48,54.65,EUR,Factura simplificada
T-A6F6D0F6F210,EMP002,Transporte_02 S.L.,EMP002-U002,2025-07-03,16:29:52,Tarjeta de empresa,"{'id': '871', 'nombre': 'NATURGY', 'provincia': 'ARABA/ÁLAVA', 'municipio': 'IRUÑA OKA/IRUÑA DE OCA', 'direccion': 'CALLE A-1 KM 342. POL. IND. SUBILLABIDE (SUVILLAVIDE BIDEA), 2', 'lat': 42.824389, 'lon': -2.770694, 'grupo': 'NATURGY', 'nifEmpresa': 'F33221417'}","[{'producto': 'Gasóleo A', 'litros': 43.31, 'precioUnitario': 1.455, 'importe': 63.02}]",52.08,10.94,63.02,EUR,Factura simplificada
T-467C256047B7,EMP002,Transporte_02 S.L.,EMP002-U002,2025-04-06,05:42:32,Efectivo,"{'id': '250', 'nombre': 'LAS MAROMAS', 'provincia': 'ALICANTE', 'municipio': 'ALMORADÍ', 'direccion': 'AVENIDA COMUNIDAD EUROPEA, 1', 'lat': 38.099361, 'lon': -0.796528, 'grupo': 'LAS MAROMAS', 'nifEmpresa': 'E29622297'}","[{'producto': 'Gasolina 95 E5', 'litros': 24.61, 'precioUnitario': 1.536, 'importe': 37.8}]",31.24,6.56,37.8,EUR,Factura simplificada
T-5E24952F28A9,EMP002,Transporte_02 S.L.,EMP002-U002,2025-02-28,20:18:29,Tarjeta de empresa,"{'id': '8756', 'nombre': 'DISA COOP.TAXIS.TELDE', 'provincia': 'PALMAS (LAS)', 'municipio': 'TELDE', 'direccion': 'CALLE CANOVAS DEL CASTILLO, 114', 'lat': 28.001056, 'lon': -15.397806, 'grupo': 'DISA COOP.TAXIS.TELDE', 'nifEmpresa': 'B37947389'}","[{'producto': 'Gasolina 98 E5', 'litros': 33.42, 'precioUnitario': 1.699, 'importe': 56.78}]",46.93,9.85,56.78,EUR,Factura simplificada
T-C14DC5461E74,EMP002,Transporte_02 S.L.,EMP002-U002,2025-01-21,06:36:06,Tarjeta de empresa,"{'id': '10738', 'nombre': 'STARMA', 'provincia': 'VALENCIA / VALÈNCIA', 'municipio': 'ALBALAT DE LA RIBERA', 'direccion': 'CALLE VIA SUCRONENSE, S/N', 'lat': 39.203167, 'lon': -0.391306, 'grupo': 'STARMA', 'nifEmpresa': 'F35977461'}","[{'producto': 'Gasolina 98 E5', 'litros': 41.27, 'precioUnitario': 1.703, 'importe': 70.28}]",58.08,12.2,70.28,EUR,Factura simplificada
T-266270861FB4,EMP002,Transporte_02 S.L.,EMP002-U002,2025-01-27,20:57:47,Tarjeta de empresa,"{'id': '6776', 'nombre': 'CEPSA', 'provincia': 'MADRID', 'municipio': 'MADRID', 'direccion': 'PASEO MORET, 7', 'lat': 40.432861, 'lon': -3.724194, 'grupo': 'CEPSA', 'nifEmpresa': 'A28003119'}","[{'producto': 'Gasóleo Premium', 'litros': 58.43, 'precioUnitario': 1.556, 'importe': 90.92}]",75.14,15.78,90.92,EUR,Factura simplificada
T-CA39D59CCD98,EMP002,Transporte_02 S.L.,EMP002-U002,2025-03-05,08:16:31,Tarjeta de empresa,"{'id': '3323', 'nombre': 'CEPSA', 'provincia': 'CANTABRIA', 'municipio': 'CAMPOO DE ENMEDIO', 'direccion': 'AUTOVIA A-67 KM. 133,4', 'lat': 42.986361, 'lon': -4.134083, 'grupo': 'CEPSA', 'nifEmpresa': 'A28003119'}","[{'producto': 'Gasolina 98 E5', 'litros': 46.2, 'precioUnitario': 1.722, 'importe': 79.56}]",65.75,13.81,79.56,EUR,Factura simplificada
T-6A1E2C967E65,EMP002,Transporte_02 S.L.,EMP002-U002,2025-03-03,23:34:33,Tarjeta de empresa,"{'id': '3494', 'nombre': 'REPSOL', 'provincia': 'CASTELLÓN / CASTELLÓ', 'municipio': 'BENICARLÓ', 'direccion': 'CARRETERA N-340 KM. 1043,8', 'lat': 40.422139, 'lon': 0.4175, 'grupo': 'REPSOL', 'nifEmpresa': 'A78374725'}","[{'producto': 'Gasóleo Premium', 'litros': 21.76, 'precioUnitario': 1.564, 'importe': 34.03}]",28.12,5.91,34.03,EUR,Factura simplificada
T-0797C672F8D1,EMP002,Transporte_02 S.L.,EMP002-U002,2025-03-28,18:02:49,Tarjeta de empresa,"{'id': '11295', 'nombre': 'GASEXPRESS TRES CRUCES', 'provincia': 'VALENCIA / VALÈNCIA', 'municipio': 'VALENCIA', 'direccion': 'AVENIDA TRES CRUCES, 48', 'lat': 39.459333, 'lon': -0.403806, 'grupo': 'GASEXPRESS TRES CRUCES', 'nifEmpresa': 'X41247826'}","[{'producto': 'Gasolina 95 E5', 'litros': 21.79, 'precioUnitario': 1.51, 'importe': 32.9}]",27.19,5.71,32.9,EUR,Factura simplificada
T-B3DEF3BF6866,EMP002,Transporte_02 S.L.,EMP002-U002,2025-06-20,14:18:35,Efectivo,"{'id': '7426', 'nombre': 'S.C. LOS LLANOS', 'provincia': 'MÁLAGA', 'municipio': 'CUEVAS DEL BECERRO', 'direccion': 'CALLE ANDALUCIA, 125', 'lat': 36.872583, 'lon': -5.049222, 'grupo': 'S.C. LOS LLANOS', 'nifEmpresa': 'S5060685D'}","[{'producto': 'Gasóleo Premium', 'litros': 38.57, 'precioUnitario': 1.586, 'importe': 61.17}]",50.55,10.62,61.17,EUR,Factura simplificada
T-5977B8C42D3A,EMP002,Transporte_02 S.L.,EMP002-U002,2025-04-06,02:58:46,Tarjeta de empresa,"{'id': '11605', 'nombre': 'REPSOL', 'provincia': 'ZARAGOZA', 'municipio': 'ALAGÓN', 'direccion': 'AUTOVIA A-68 KM. 265', 'lat': 41.762778, 'lon': -1.148194, 'grupo': 'REPSOL', 'nifEmpresa': 'A78374725'}","[{'producto': 'Gasolina 98 E5', 'litros': 62.26, 'precioUnitario': 1.707, 'importe': 106.28}]",87.83,18.45,106.28,EUR,Factura simplificada
T-CB52C2E06689,EMP002,Transporte_02 S.L.,EMP002-U002,2025-04-16,00:15:40,Efectivo,"{'id': '6572', 'nombre': 'MOEVE', 'provincia': 'MADRID', 'municipio': 'BRUNETE', 'direccion': 'CARRETERA M-501 KM. 17,2', 'lat': 40.394472, 'lon': -3.990639, 'grupo': 'MOEVE', 'nifEmpresa': 'A28003119'}","[{'producto': 'Gasolina 98 E5', 'litros': 20.98, 'precioUnitario': 1.724, 'importe': 36.17}]",29.89,6.28,36.17,EUR,Factura simplificada
T-80E65442908C,EMP002,Transporte_02 S.L.,EMP002-U002,2025-02-06,14:30:29,Tarjeta de empresa,"{'id': '2187', 'nombre': 'REPSOL', 'provincia': 'BARCELONA', 'municipio': 'MONTCADA I REIXAC', 'direccion': 'AUTOPISTA C- 33 KM. 82,5', 'lat': 41.495222, 'lon': 2.191417, 'grupo': 'REPSOL', 'nifEmpresa': 'A78374725'}","[{'producto': 'Gasóleo A', 'litros': 58.61, 'precioUnitario': 1.404, 'importe': 82.29}]",68.01,14.28,82.29,EUR,Factura simplificada
T-9EA7651AE548,EMP002,Transporte_02 S.L.,EMP002-U002,2025-07-25,23:30:26,Tarjeta de empresa,"{'id': '10433', 'nombre': 'FARRUCO S.A.', 'provincia': 'TOLEDO', 'municipio': 'CARPIO DE TAJO (EL)', 'direccion': 'CM-4000 km P.K.39,2', 'lat': 39.893917, 'lon': -4.453944, 'grupo': 'FARRUCO S.A.', 'nifEmpresa': 'Z77901049'}","[{'producto': 'Gasóleo A', 'litros': 31.12, 'precioUnitario': 1.454, 'importe': 45.25}]",37.4,7.85,45.25,EUR,Factura simplificada
T-9C90778859D0,EMP002,Transporte_02 S.L.,EMP002-U002,2025-05-19,17:18:57,Tarjeta de empresa,"{'id': '6122', 'nombre': 'PONENT ENERGIA', 'provincia': 'LLEIDA', 'municipio': 'ALCARRÀS', 'direccion': 'CTRA. VALLMANYA km 1,5', 'lat': 41.57575, 'lon': 0.517194, 'grupo': 'PONENT ENERGIA', 'nifEmpresa': 'E86143419'}","[{'producto': 'Gasolina 98 E5', 'litros': 23.7, 'precioUnitario': 1.683, 'importe': 39.89}]",32.97,6.92,39.89,EUR,Factura simplificada
T-EA3AFE0982FA,EMP002,Transporte_02 S.L.,EMP002-U002,2025-02-02,10:00:34,Tarjeta de empresa,"{'id': '6714', 'nombre': 'CONFORT AUTO', 'provincia': 'MADRID', 'municipio': 'GETAFE', 'direccion': 'CALLE DIESEL, 9', 'lat': 40.297083, 'lon': -3.702306, 'grupo': 'CONFORT AUTO', 'nifEmpresa': 'E71179808'}","[{'producto': 'Gasolina 95 E5', 'litros': 26.92, 'precioUnitario': 1.529, 'importe': 41.16}]",34.02,7.14,41.16,EUR,Factura simplificada
T-90E0C82AC290,EMP002,Transporte_02 S.L.,EMP002-U002,2025-07-16,21:24:08,Tarjeta de empresa,"{'id': '7794', 'nombre': 'BP OIL ESPAÑA ', 'provincia': 'MURCIA', 'municipio': 'CARTAGENA', 'direccion': 'PARAJE PARAJE MOLINO TIO JARAPA, 41', 'lat': 37.641056, 'lon': -1.091111, 'grupo': 'BP OIL ESPAÑA ', 'nifEmpresa': 'G95396214'}","[{'producto': 'Gasolina 98 E5', 'litros': 31.9, 'precioUnitario': 1.646, 'importe': 52.51}]",43.4,9.11,52.51,EUR,Factura simplificada
T-EC9E8F22716C,EMP002,Transporte_02 S.L.,EMP002-U002,2025-01-12,15:01:49,Tarjeta de empresa,"{'id': '4818', 'nombre': 'REPSOL', 'provincia': 'GIRONA', 'municipio': ""CASTELLÓ D'EMPÚRIES"", 'direccion': 'CALLE ORLINA, S/N', 'lat': 42.252806, 'lon': 3.094722, 'grupo': 'REPSOL', 'nifEmpresa': 'A78374725'}","[{'producto': 'Gasóleo A', 'litros': 47.01, 'precioUnitario': 1.424, 'importe': 66.94}]",55.32,11.62,66.94,EUR,Factura simplificada
T-8DFCBEAAD28C,EMP002,Transporte_02 S.L.,EMP002-U002,2025-02-16,15:57:21,Tarjeta de empresa,"{'id': '4765', 'nombre': 'REPSOL', 'provincia': 'GIRONA', 'municipio': 'AMER', 'direccion': 'CARRETERA C-63 KM. 48,61', 'lat': 42.022694, 'lon': 2.591833, 'grupo': 'REPSOL', 'nifEmpresa': 'A78374725'}","[{'producto': 'Gasolina 95 E5', 'litros': 47.62, 'precioUnitario': 1.545, 'importe': 73.57}]",60.8,12.77,73.57,EUR,Factura simplificada
T-208F4509C148,EMP002,Transporte_02 S.L.,EMP002-U002,2025-06-07,07:15:08,Tarjeta de empresa,"{'id': '11490', 'nombre': 'REPSOL', 'provincia': 'VALLADOLID', 'municipio': 'VALLADOLID', 'direccion': 'AVENIDA SALAMANCA, 126', 'lat': 41.637972, 'lon': -4.746639, 'grupo': 'REPSOL', 'nifEmpresa': 'A78374725'}","[{'producto': 'Gasóleo Premium', 'litros': 31.0, 'precioUnitario': 1.543, 'importe': 47.83}]",39.53,8.3,47.83,EUR,Factura simplificada
T-D8E18F3AD660,EMP002,Transporte_02 S.L.,EMP002-U002,2025-03-01,23:52:42,Tarjeta de empresa,"{'id': '282', 'nombre': 'VCC ANOUER', 'provincia': 'ALICANTE', 'municipio': 'BENIDORM', 'direccion': 'POLIGONO APR 3, 68', 'lat': 38.558833, 'lon': -0.100972, 'grupo': 'VCC ANOUER', 'nifEmpresa': 'R1952058D'}","[{'producto': 'Gasolina 95 E5', 'litros': 65.61, 'precioUnitario': 1.529, 'importe': 100.32}]",82.91,17.41,100.32,EUR,Factura simplificada
T-6BB9D32A39EF,EMP002,Transporte_02 S.L.,EMP002-U002,2025-04-08,11:54:12,Tarjeta de empresa,"{'id': '11819', 'nombre': 'REPSOL', 'provincia': 'ZARAGOZA', 'municipio': 'ZARAGOZA', 'direccion': 'AVENIDA CASABLANCA, 11', 'lat': 41.622972, 'lon': -0.939389, 'grupo': 'REPSOL', 'nifEmpresa': 'A78374725'}","[{'producto': 'Gasóleo A', 'litros': 60.47, 'precioUnitario': 1.467, 'importe': 88.71}]",73.31,15.4,88.71,EUR,Factura simplificada
T-6F5554F5C8D3,EMP002,Transporte_02 S.L.,EMP002-U002,2025-07-10,23:58:05,Tarjeta de empresa,"{'id': '2672', 'nombre': 'BALLENOIL', 'provincia': 'BIZKAIA', 'municipio': 'SANTURTZI', 'direccion': 'BARRIO BALPARDA, 8', 'lat': 43.318667, 'lon': -3.044889, 'grupo': 'BALLENOIL', 'nifEmpresa': 'B65371171'}","[{'producto': 'Gasóleo Premium', 'litros': 59.47, 'precioUnitario': 1.535, 'importe': 91.29}]",75.45,15.84,91.29,EUR,Factura simplificada
T-5BA42BA5D42E,EMP002,Transporte_02 S.L.,EMP002-U002,2025-02-22,03:18:17,Tarjeta de empresa,"{'id': '10629', 'nombre': 'BALLENOIL', 'provincia': 'TOLEDO', 'municipio': 'TALAVERA DE LA REINA', 'direccion': 'CARRETERA CM-4102 KM. 4', 'lat': 39.9475, 'lon': -4.829389, 'grupo': 'BALLENOIL', 'nifEmpresa': 'B65371171'}","[{'producto': 'Gasolina 98 E5', 'litros': 61.72, 'precioUnitario': 1.689, 'importe': 104.25}]",86.16,18.09,104.25,EUR,Factura simplificada
T-B7A25B735850,EMP002,Transporte_02 S.L.,EMP002-U002,2025-04-09,01:38:43,Tarjeta de empresa,"{'id': '4933', 'nombre': 'ESCLATOIL', 'provincia': 'GIRONA', 'municipio': 'OLOT', 'direccion': 'CALLE DE LLUIS COMPANYS, 14,16', 'lat': 42.189944, 'lon': 2.47325, 'grupo': 'ESCLATOIL', 'nifEmpresa': 'W0548687C'}","[{'producto': 'Gasóleo Premium', 'litros': 48.64, 'precioUnitario': 1.539, 'importe': 74.86}]",61.87,12.99,74.86,EUR,Factura simplificada
T-DD035001E3AC,EMP002,Transporte_02 S.L.,EMP002-U002,2025-05-11,14:29:32,Tarjeta de empresa,"{'id': '10831', 'nombre': 'GALP', 'provincia': 'VALENCIA / VALÈNCIA', 'municipio': 'BENIFAIÓ', 'direccion': 'CARRETERA CV 40 KM. 36,35', 'lat': 39.280444, 'lon': -0.415306, 'grupo': 'GALP', 'nifEmpresa': 'A28559573'}","[{'producto': 'Gasóleo A', 'litros': 28.43, 'precioUnitario': 1.414, 'importe': 40.2}]",33.22,6.98,40.2,EUR,Factura simplificada
T-96A9BCFF9DEB,EMP002,Transporte_02 S.L.,EMP002-U002,2025-05-22,05:07:39,Tarjeta de empresa,"{'id': '4219', 'nombre': 'ENI', 'provincia': 'CORUÑA (A)', 'municipio': 'CARBALLO', 'direccion': 'AVENIDA A REVOLTA, 19', 'lat': 43.204222, 'lon': -8.699194, 'grupo': 'ENI', 'nifEmpresa': 'C41566761'}","[{'producto': 'Gasóleo A', 'litros': 34.28, 'precioUnitario': 1.44, 'importe': 49.36}]",40.79,8.57,49.36,EUR,Factura simplificada
T-4F29A830DAFD,EMP002,Transporte_02 S.L.,EMP002-U002,2025-04-27,20:01:06,Tarjeta de empresa,"{'id': '6810', 'nombre': 'CEPSA LA GAVIA 365', 'provincia': 'MADRID', 'municipio': 'MADRID', 'direccion': 'AVENIDA GRAN VIA DEL SURESTE, 60', 'lat': 40.355167, 'lon': -3.596556, 'grupo': 'CEPSA LA GAVIA 365', 'nifEmpresa': 'F58416165'}","[{'producto': 'Gasóleo A', 'litros': 51.84, 'precioUnitario': 1.468, 'importe': 76.1}]",62.89,13.21,76.1,EUR,Factura simplificada
T-C6EF65F05428,EMP002,Transporte_02 S.L.,EMP002-U002,2025-02-05,17:11:24,Tarjeta de empresa,"{'id': '10200', 'nombre': 'REPSOL', 'provincia': 'TARRAGONA', 'municipio': 'TARRAGONA', 'direccion': 'CALLE TORRES JORDI (DE), 1', 'lat': 41.112694, 'lon': 1.238611, 'grupo': 'REPSOL', 'nifEmpresa': 'A78374725'}","[{'producto': 'Gasolina 98 E5', 'litros': 51.18, 'precioUnitario': 1.719, 'importe': 87.98}]",72.71,15.27,87.98,EUR,Factura simplificada
T-DB25EB29888C,EMP002,Transporte_02 S.L.,EMP002-U002,2025-05-28,23:02:01,Tarjeta de empresa,"{'id': '5712', 'nombre': 'E.S. LOS MARCOS AREAPARKING 24H', 'provincia': 'JAÉN', 'municipio': 'ANDÚJAR', 'direccion': 'CARRETERA CR MADRID-CADIZ KM. 324', 'lat': 38.029972, 'lon': -4.056278, 'grupo': 'E.S. LOS MARCOS AREAPARKING 24H', 'nifEmpresa': 'S9627570F'}","[{'producto': 'Gasolina 95 E5', 'litros': 40.77, 'precioUnitario': 1.492, 'importe': 60.83}]",50.27,10.56,60.83,EUR,Factura simplificada
T-5E3691F07B5F,EMP002,Transporte_02 S.L.,EMP002-U002,2025-04-24,17:49:18,Tarjeta de empresa,"{'id': '6896', 'nombre': 'CARREFOUR', 'provincia': 'MADRID', 'municipio': 'MADRID', 'direccion': 'AVENIDA AVDA DE ANDALUCIA KM 7,1, S/N', 'lat': 40.362556, 'lon': -3.691194, 'grupo': 'CARREFOUR', 'nifEmpresa': 'H16582025'}","[{'producto': 'Gasóleo A', 'litros': 39.09, 'precioUnitario': 1.458, 'importe': 56.99}]",47.1,9.89,56.99,EUR,Factura simplificada
T-694934496FAF,EMP002,Transporte_02 S.L.,EMP002-U002,2025-05-19,18:15:29,Tarjeta de empresa,"{'id': '307', 'nombre': 'AUTOFUEL LOW COST', 'provincia': 'ALICANTE', 'municipio': 'CALPE/CALP', 'direccion': 'AVINGUDA VALL DE LAGUART, 5', 'lat': 38.64575, 'lon': 0.051139, 'grupo': 'AUTOFUEL LOW COST', 'nifEmpresa': 'B56909278'}","[{'producto': 'Gasóleo Premium', 'litros': 70.17, 'precioUnitario': 1.54, 'importe': 108.06}]",89.31,18.75,108.06,EUR,Factura simplificada
T-4FFEF0CA36FB,EMP002,Transporte_02 S.L.,EMP002-U002,2025-07-12,04:19:33,Tarjeta de empresa,"{'id': '8236', 'nombre': 'REPSOL', 'provincia': 'NAVARRA', 'municipio': 'EGÜÉS', 'direccion': 'CR N-135, 4,6', 'lat': 42.816111, 'lon': -1.593222, 'grupo': 'REPSOL', 'nifEmpresa': 'A78374725'}","[{'producto': 'Gasóleo A', 'litros': 49.57, 'precioUnitario': 1.431, 'importe': 70.93}]",58.62,12.31,70.93,EUR,Factura simplificada
T-7C646A5505BC,EMP002,Transporte_02 S.L.,EMP002-U002,2025-07-09,16:01:03,Tarjeta de empresa,"{'id': '3818', 'nombre': 'REPSOL', 'provincia': 'CIUDAD REAL', 'municipio': 'PUERTOLLANO', 'direccion': 'CARRETERA N420 KM. 160,500', 'lat': 38.705222, 'lon': -4.099833, 'grupo': 'REPSOL', 'nifEmpresa': 'A78374725'}","[{'producto': 'Gasolina 98 E5', 'litros': 27.64, 'precioUnitario': 1.68, 'importe': 46.44}]",38.38,8.06,46.44,EUR,Factura simplificada
T-251D8D367A78,EMP002,Transporte_02 S.L.,EMP002-U002,2025-01-20,19:03:07,Tarjeta de empresa,"{'id': '826', 'nombre': 'CEPSA', 'provincia': 'ALMERÍA', 'municipio': 'TAHAL', 'direccion': 'CARRETERA A-349 KM. 26,6', 'lat': 37.231111, 'lon': -2.296194, 'grupo': 'CEPSA', 'nifEmpresa': 'A28003119'}","[{'producto': 'Gasóleo A', 'litros': 35.9, 'precioUnitario': 1.387, 'importe': 49.79}]",41.15,8.64,49.79,EUR,Factura simplificada
T-2D7B752D12DD,EMP002,Transporte_02 S.L.,EMP002-U002,2025-01-13,15:54:25,Tarjeta de empresa,"{'id': '1666', 'nombre': 'CEPSA', 'provincia': 'BALEARS (ILLES)', 'municipio': 'PALMA DE MALLORCA', 'direccion': 'CALLE MANUEL AZAÑA, 5', 'lat': 39.565194, 'lon': 2.6635, 'grupo': 'CEPSA', 'nifEmpresa': 'A28003119'}","[{'producto': 'Gasolina 98 E5', 'litros': 29.2, 'precioUnitario': 1.674, 'importe': 48.88}]",40.4,8.48,48.88,EUR,Factura simplificada
T-059071FCB73F,EMP002,Transporte_02 S.L.,EMP002-U002,2025-05-28,04:39:43,Tarjeta de empresa,"{'id': '684', 'nombre': 'MORA OIL ', 'provincia': 'ALMERÍA', 'municipio': 'ARBOLEAS', 'direccion': 'POLIGONO SERVICIO LOS LLANOS (LL), 34', 'lat': 37.354, 'lon': -2.094778, 'grupo': 'MORA OIL ', 'nifEmpresa': 'S3947312I'}","[{'producto': 'Gasolina 95 E5', 'litros': 45.28, 'precioUnitario': 1.472, 'importe': 66.65}]",55.08,11.57,66.65,EUR,Factura simplificada
T-E05BDD53254A,EMP002,Transporte_02 S.L.,EMP002-U002,2025-01-27,02:23:37,Efectivo,"{'id': '7668', 'nombre': 'BP MELILLA PUERTO', 'provincia': 'MELILLA', 'municipio': 'MELILLA', 'direccion': 'AVENIDA DEL GENERAL MACIAS, 4', 'lat': 35.292944, 'lon': -2.934639, 'grupo': 'BP MELILLA PUERTO', 'nifEmpresa': 'S1551884H'}","[{'producto': 'Gasolina 95 E5', 'litros': 43.37, 'precioUnitario': 1.191, 'importe': 51.65}]",42.69,8.96,51.65,EUR,Factura simplificada
T-D459B879C3CB,EMP002,Transporte_02 S.L.,EMP002-U002,2025-02-23,09:24:36,Tarjeta de empresa,"{'id': '1001', 'nombre': 'REPSOL', 'provincia': 'ASTURIAS', 'municipio': 'GIJÓN', 'direccion': 'CARRETERA VIESQUES KM. S/N', 'lat': 43.532028, 'lon': -5.643306, 'grupo': 'REPSOL', 'nifEmpresa': 'A78374725'}","[{'producto': 'Gasóleo A', 'litros': 23.44, 'precioUnitario': 1.498, 'importe': 35.11}]",29.02,6.09,35.11,EUR,Factura simplificada
T-0DC20460F7C0,EMP002,Transporte_02 S.L.,EMP002-U002,2025-05-14,08:10:03,Tarjeta de empresa,"{'id': '2477', 'nombre': 'SUPECO', 'provincia': 'BARCELONA', 'municipio': 'TERRASSA', 'direccion': 'CARRETERA CASTELLAR KM. S/N', 'lat': 41.579944, 'lon': 2.035, 'grupo': 'SUPECO', 'nifEmpresa': 'X32370587'}","[{'producto': 'Gasolina 98 E5', 'litros': 41.69, 'precioUnitario': 1.725, 'importe': 71.92}]",59.44,12.48,71.92,EUR,Factura simplificada
T-D3E4B52BFCF0,EMP002,Transporte_02 S.L.,EMP002-U002,2025-02-10,17:24:32,Efectivo,"{'id': '2321', 'nombre': 'PETROMIRALLES', 'provincia': 'BARCELONA', 'municipio': 'SANT ANDREU DE LA BARCA', 'direccion': 'CARRETERA NACIONAL II KM. 593', 'lat': 41.452806, 'lon': 1.969167, 'grupo': 'PETROMIRALLES', 'nifEmpresa': 'Z91146787'}","[{'producto': 'Gasóleo A', 'litros': 13.78, 'precioUnitario': 1.413, 'importe': 19.47}]",16.09,3.38,19.47,EUR,Factura simplificada
T-B218577A7797,EMP002,Transporte_02 S.L.,EMP002-U003,2025-02-09,14:31:23,Tarjeta de empresa,"{'id': '1822', 'nombre': 'MOLGAS', 'provincia': 'BARCELONA', 'municipio': 'BARCELONA', 'direccion': 'CALLE B, ZONA FRANCA, 13', 'lat': 41.331861, 'lon': 2.134861, 'grupo': 'MOLGAS', 'nifEmpresa': 'P2517785H'}","[{'producto': 'Gasóleo Premium', 'litros': 53.2, 'precioUnitario': 1.506, 'importe': 80.12}]",66.21,13.91,80.12,EUR,Factura simplificada
T-70DE8698EA21,EMP002,Transporte_02 S.L.,EMP002-U003,2025-05-29,00:21:22,Tarjeta de empresa,"{'id': '9109', 'nombre': 'REPSOL', 'provincia': 'RIOJA (LA)', 'municipio': 'TIRGO', 'direccion': 'CARRETERA LR-111 KM. 36', 'lat': 42.533944, 'lon': -2.919194, 'grupo': 'REPSOL', 'nifEmpresa': 'A78374725'}","[{'producto': 'Gasolina 98 E5', 'litros': 69.67, 'precioUnitario': 1.686, 'importe': 117.46}]",97.07,20.39,117.46,EUR,Factura simplificada
T-2089C85A6237,EMP002,Transporte_02 S.L.,EMP002-U003,2025-06-08,16:50:04,Tarjeta de empresa,"{'id': '6038', 'nombre': 'CEPSA', 'provincia': 'LEÓN', 'municipio': 'RIELLO', 'direccion': 'CARRETERA LE-493 KM. 43', 'lat': 42.777778, 'lon': -5.924861, 'grupo': 'CEPSA', 'nifEmpresa': 'A28003119'}","[{'producto': 'Gasolina 98 E5', 'litros': 45.36, 'precioUnitario': 1.668, 'importe': 75.66}]",62.53,13.13,75.66,EUR,Factura simplificada
T-25D016FD7533,EMP002,Transporte_02 S.L.,EMP002-U003,2025-01-07,10:46:52,Tarjeta de empresa,"{'id': '8424', 'nombre': 'O SURTIDOR', 'provincia': 'OURENSE', 'municipio': 'OÍMBRA', 'direccion': 'CARRETERA CARRETERA DE OÍMBRA (OU-1011) KM. 2,2', 'lat': 41.893611, 'lon': -7.461306, 'grupo': 'O SURTIDOR', 'nifEmpresa': 'A22535843'}","[{'producto': 'Gasolina 95 E5', 'litros': 65.59, 'precioUnitario': 1.531, 'importe': 100.42}]",82.99,17.43,100.42,EUR,Factura simplificada
T-042D9DB89C16,EMP002,Transporte_02 S.L.,EMP002-U003,2025-05-06,20:08:16,Tarjeta de empresa,"{'id': '3836', 'nombre': 'MOEVE', 'provincia': 'CIUDAD REAL', 'municipio': 'SANTA CRUZ DE MUDELA', 'direccion': 'AUTOVIA ANDALUCIA KM. 222,5', 'lat': 38.590194, 'lon': -3.472944, 'grupo': 'MOEVE', 'nifEmpresa': 'A28003119'}","[{'producto': 'Gasolina 95 E5', 'litros': 53.65, 'precioUnitario': 1.496, 'importe': 80.26}]",66.33,13.93,80.26,EUR,Factura simplificada
T-7B335C2EB622,EMP002,Transporte_02 S.L.,EMP002-U003,2025-01-19,03:10:55,Tarjeta de empresa,"{'id': '754', 'nombre': 'OIL JCJ', 'provincia': 'ALMERÍA', 'municipio': 'HUÉRCAL-OVERA', 'direccion': 'CALLE MIGUEL URIBE GÓMEZ, 4', 'lat': 37.415528, 'lon': -1.967222, 'grupo': 'OIL JCJ', 'nifEmpresa': 'J18299222'}","[{'producto': 'Gasóleo A', 'litros': 34.61, 'precioUnitario': 1.407, 'importe': 48.7}]",40.25,8.45,48.7,EUR,Factura simplificada
T-0A01DE1C2610,EMP002,Transporte_02 S.L.,EMP002-U003,2025-07-05,20:04:21,Tarjeta de empresa,"{'id': '8583', 'nombre': 'REPSOL', 'provincia': 'PALMAS (LAS)', 'municipio': 'ARRECIFE', 'direccion': 'CARRETERA CIRCUNVALACION KM. 4,5', 'lat': 28.965167, 'lon': -13.56825, 'grupo': 'REPSOL', 'nifEmpresa': 'A78374725'}","[{'producto': 'Gasóleo A', 'litros': 30.4, 'precioUnitario': 1.438, 'importe': 43.72}]",36.13,7.59,43.72,EUR,Factura simplificada
T-7462190168A8,EMP002,Transporte_02 S.L.,EMP002-U003,2025-07-10,05:32:28,Efectivo,"{'id': '9324', 'nombre': 'SHELL', 'provincia': 'SANTA CRUZ DE TENERIFE', 'municipio': 'LLANOS DE ARIDANE (LOS)', 'direccion': 'AVENIDA CARLOS FRANCISCO LORENZO NAVARRO, 62', 'lat': 28.656333, 'lon': -17.907694, 'grupo': 'SHELL', 'nifEmpresa': 'V43969070'}","[{'producto': 'Gasolina 95 E5', 'litros': 44.23, 'precioUnitario': 1.189, 'importe': 52.59}]",43.46,9.13,52.59,EUR,Factura simplificada
T-98B55CDED3E1,EMP002,Transporte_02 S.L.,EMP002-U003,2025-05-17,18:41:27,Tarjeta de empresa,"{'id': '5527', 'nombre': 'MOEVE', 'provincia': 'HUELVA', 'municipio': 'PAYMOGO', 'direccion': 'AVENIDA ANDALUCÍA, ', 'lat': 37.738111, 'lon': -7.340583, 'grupo': 'MOEVE', 'nifEmpresa': 'A28003119'}","[{'producto': 'Gasóleo A', 'litros': 44.38, 'precioUnitario': 1.464, 'importe': 64.97}]",53.69,11.28,64.97,EUR,Factura simplificada
T-898CB3B0567B,EMP002,Transporte_02 S.L.,EMP002-U003,2025-06-01,19:14:10,Tarjeta de empresa,"{'id': '7225', 'nombre': 'GALP', 'provincia': 'MADRID', 'municipio': 'SEVILLA LA NUEVA', 'direccion': 'CARRETERA M-600 KM. 44', 'lat': 40.338556, 'lon': -4.019111, 'grupo': 'GALP', 'nifEmpresa': 'A28559573'}","[{'producto': 'Gasolina 98 E5', 'litros': 43.85, 'precioUnitario': 1.728, 'importe': 75.77}]",62.62,13.15,75.77,EUR,Factura simplificada
T-0238987B2228,EMP002,Transporte_02 S.L.,EMP002-U003,2025-06-29,11:44:04,Tarjeta de empresa,"{'id': '2876', 'nombre': 'REPSOL', 'provincia': 'CÁCERES', 'municipio': 'CÁCERES', 'direccion': 'CALLE GIL CORDERO, S,N', 'lat': 39.469417, 'lon': -6.382444, 'grupo': 'REPSOL', 'nifEmpresa': 'A78374725'}","[{'producto': 'Gasóleo A', 'litros': 46.79, 'precioUnitario': 1.478, 'importe': 69.16}]",57.16,12.0,69.16,EUR,Factura simplificada
T-D2AEFEF444D4,EMP002,Transporte_02 S.L.,EMP002-U003,2025-03-01,05:32:49,Tarjeta de empresa,"{'id': '10707', 'nombre': 'TOBASPETRO', 'provincia': 'TOLEDO', 'municipio': 'VILLATOBAS', 'direccion': 'CALLE SANTA MISION, 19', 'lat': 39.905528, 'lon': -3.324889, 'grupo': 'TOBASPETRO', 'nifEmpresa': 'W5925556B'}","[{'producto': 'Gasolina 98 E5', 'litros': 38.36, 'precioUnitario': 1.714, 'importe': 65.75}]",54.34,11.41,65.75,EUR,Factura simplificada
T-906FC87B6AFE,EMP002,Transporte_02 S.L.,EMP002-U003,2025-06-29,18:32:06,Tarjeta de empresa,"{'id': '10762', 'nombre': 'AZEROIL', 'provincia': 'VALENCIA / VALÈNCIA', 'municipio': ""ALCÚDIA (L')"", 'direccion': 'AVENIDA COMTE SERRALLO, 26', 'lat': 39.203333, 'lon': -0.501944, 'grupo': 'AZEROIL', 'nifEmpresa': 'X53714739'}","[{'producto': 'Gasolina 98 E5', 'litros': 64.03, 'precioUnitario': 1.727, 'importe': 110.58}]",91.39,19.19,110.58,EUR,Factura simplificada
T-725EE1687323,EMP002,Transporte_02 S.L.,EMP002-U003,2025-04-30,23:43:17,Tarjeta de empresa,"{'id': '5932', 'nombre': 'JAENCOOP', 'provincia': 'JAÉN', 'municipio': 'VILLACARRILLO', 'direccion': 'CARRETERA MOGON KM. S/N', 'lat': 38.110111, 'lon': -3.077111, 'grupo': 'JAENCOOP', 'nifEmpresa': 'D96325956'}","[{'producto': 'Gasolina 98 E5', 'litros': 46.86, 'precioUnitario': 1.667, 'importe': 78.12}]",64.56,13.56,78.12,EUR,Factura simplificada
T-B8048791916F,EMP002,Transporte_02 S.L.,EMP002-U003,2025-07-23,01:06:25,Tarjeta de empresa,"{'id': '9850', 'nombre': 'CEPSA', 'provincia': 'SEVILLA', 'municipio': 'PILAS', 'direccion': 'CARRETERA SE-631 KM. 3,900', 'lat': 37.271333, 'lon': -6.302472, 'grupo': 'CEPSA', 'nifEmpresa': 'A28003119'}","[{'producto': 'Gasolina 98 E5', 'litros': 47.27, 'precioUnitario': 1.704, 'importe': 80.55}]",66.57,13.98,80.55,EUR,Factura simplificada
T-66DE3D6D3903,EMP002,Transporte_02 S.L.,EMP002-U003,2025-04-03,19:35:02,Tarjeta de empresa,"{'id': '11435', 'nombre': 'COADUERO-AGROPAL', 'provincia': 'VALLADOLID', 'municipio': 'TORDESILLAS', 'direccion': 'CARRETERA VA-VP-9106 KM. 37,400', 'lat': 41.496444, 'lon': -4.994139, 'grupo': 'COADUERO-AGROPAL', 'nifEmpresa': 'G16873390'}","[{'producto': 'Gasóleo Premium', 'litros': 53.45, 'precioUnitario': 1.535, 'importe': 82.05}]",67.81,14.24,82.05,EUR,Factura simplificada
T-4D2F7A3795A7,EMP002,Transporte_02 S.L.,EMP002-U003,2025-01-22,04:45:14,Tarjeta de empresa,"{'id': '9441', 'nombre': 'SHELL SANTA URSULA', 'provincia': 'SANTA CRUZ DE TENERIFE', 'municipio': 'SANTA ÚRSULA', 'direccion': 'CARRETERA GENERAL DEL NORTE KM. 31', 'lat': 28.425222, 'lon': -16.494333, 'grupo': 'SHELL SANTA URSULA', 'nifEmpresa': 'E74801622'}","[{'producto': 'Gasóleo A', 'litros': 66.8, 'precioUnitario': 1.202, 'importe': 80.29}]",66.36,13.93,80.29,EUR,Factura simplificada
T-48FAFBE1A664,EMP002,Transporte_02 S.L.,EMP002-U003,2025-07-13,15:41:02,Tarjeta de empresa,"{'id': '5838', 'nombre': 'CODO_CM', 'provincia': 'JAÉN', 'municipio': 'MARMOLEJO', 'direccion': 'CR N-4, 335,5', 'lat': 38.027083, 'lon': -4.165944, 'grupo': 'CODO_CM', 'nifEmpresa': 'B06098354'}","[{'producto': 'Gasóleo A', 'litros': 52.05, 'precioUnitario': 1.453, 'importe': 75.63}]",62.5,13.13,75.63,EUR,Factura simplificada
T-F606DAF07A9D,EMP002,Transporte_02 S.L.,EMP002-U003,2025-03-29,11:52:58,Tarjeta de empresa,"{'id': '2775', 'nombre': 'REPSOL', 'provincia': 'BURGOS', 'municipio': 'HUERTA DE REY', 'direccion': 'CARRETERA C-111 (ARANDA DE DUERO - SALAS) KM. 40,9', 'lat': 41.835056, 'lon': -3.345889, 'grupo': 'REPSOL', 'nifEmpresa': 'A78374725'}","[{'producto': 'Gasóleo A', 'litros': 29.93, 'precioUnitario': 1.456, 'importe': 43.58}]",36.02,7.56,43.58,EUR,Factura simplificada
T-8EB46BCA92B9,EMP002,Transporte_02 S.L.,EMP002-U003,2025-03-14,21:34:53,Tarjeta de empresa,"{'id': '411', 'nombre': 'V2 GASOLINERAS', 'provincia': 'ALICANTE', 'municipio': 'ELDA', 'direccion': 'CARRETERA CTRA.ELDA-MONOVAR KM 13 KM. 13', 'lat': 38.450306, 'lon': -0.812833, 'grupo': 'V2 GASOLINERAS', 'nifEmpresa': 'E12165585'}","[{'producto': 'Gasóleo A', 'litros': 18.83, 'precioUnitario': 1.453, 'importe': 27.36}]",22.61,4.75,27.36,EUR,Factura simplificada
T-7A08F79A6E9A,EMP002,Transporte_02 S.L.,EMP002-U003,2025-04-07,09:19:05,Tarjeta de empresa,"{'id': '2913', 'nombre': 'REPSOL', 'provincia': 'CÁCERES', 'municipio': 'LOGROSÁN', 'direccion': 'CARRETERA EX-102 KM. 45,500', 'lat': 39.333333, 'lon': -5.479444, 'grupo': 'REPSOL', 'nifEmpresa': 'A78374725'}","[{'producto': 'Gasóleo A', 'litros': 74.3, 'precioUnitario': 1.456, 'importe': 108.18}]",89.4,18.78,108.18,EUR,Factura simplificada
T-13C4D169BCD4,EMP002,Transporte_02 S.L.,EMP002-U003,2025-02-20,00:56:37,Tarjeta de empresa,"{'id': '3681', 'nombre': 'GAS SOLIS', 'provincia': 'CIUDAD REAL', 'municipio': 'ALCÁZAR DE SAN JUAN', 'direccion': 'CARRETERA ARGAMASILLA DE ALBA-CINCO CASAS KM. 17', 'lat': 39.168306, 'lon': -3.231611, 'grupo': 'GAS SOLIS', 'nifEmpresa': 'Z57872988'}","[{'producto': 'Gasóleo Premium', 'litros': 59.55, 'precioUnitario': 1.571, 'importe': 93.55}]",77.31,16.24,93.55,EUR,Factura simplificada
T-92FED7DFA2C8,EMP002,Transporte_02 S.L.,EMP002-U003,2025-02-07,21:50:32,Tarjeta de empresa,"{'id': '1123', 'nombre': 'VALCOR SOCIEDAD COOPERATIVA ASTURIANA', 'provincia': 'ASTURIAS', 'municipio': 'SALAS', 'direccion': 'POLIGONO INDUSTRIAL EL ZARRIN, S/N', 'lat': 43.390167, 'lon': -6.327306, 'grupo': 'VALCOR SOCIEDAD COOPERATIVA ASTURIANA', 'nifEmpresa': 'Y69495885'}","[{'producto': 'Gasolina 98 E5', 'litros': 28.99, 'precioUnitario': 1.732, 'importe': 50.21}]",41.5,8.71,50.21,EUR,Factura simplificada
T-362C4CD49CAD,EMP002,Transporte_02 S.L.,EMP002-U003,2025-02-07,01:36:52,Tarjeta de empresa,"{'id': '9699', 'nombre': 'SEAT', 'provincia': 'SEVILLA', 'municipio': 'DOS HERMANAS', 'direccion': 'AVENIDA 4 DE DICIEMBRE, 4', 'lat': 37.281611, 'lon': -5.938083, 'grupo': 'SEAT', 'nifEmpresa': 'G55169403'}","[{'producto': 'Gasóleo Premium', 'litros': 61.38, 'precioUnitario': 1.56, 'importe': 95.75}]",79.13,16.62,95.75,EUR,Factura simplificada
T-E6631F8780CA,EMP002,Transporte_02 S.L.,EMP002-U003,2025-07-14,15:03:56,Tarjeta de empresa,"{'id': '7057', 'nombre': 'REPSOL', 'provincia': 'MADRID', 'municipio': 'MÓSTOLES', 'direccion': 'CARRETERA M-856 (ENLACE N-V Y N-501) KM. 1', 'lat': 40.333889, 'lon': -3.886667, 'grupo': 'REPSOL', 'nifEmpresa': 'A78374725'}","[{'producto': 'Gasóleo Premium', 'litros': 62.26, 'precioUnitario': 1.541, 'importe': 95.94}]",79.29,16.65,95.94,EUR,Factura simplificada
T-32EE0CDDF926,EMP002,Transporte_02 S.L.,EMP002-U003,2025-02-24,13:01:54,Tarjeta de empresa,"{'id': '9652', 'nombre': 'AGLA', 'provincia': 'SEVILLA', 'municipio': 'CASTILLO DE LAS GUARDAS (EL)', 'direccion': 'CARRETERA NACIONAL 433 KM. 47', 'lat': 37.67825, 'lon': -6.253528, 'grupo': 'AGLA', 'nifEmpresa': 'Y89623094'}","[{'producto': 'Gasolina 98 E5', 'litros': 31.13, 'precioUnitario': 1.729, 'importe': 53.82}]",44.48,9.34,53.82,EUR,Factura simplificada
T-350E21E3D9A7,EMP002,Transporte_02 S.L.,EMP002-U003,2025-02-15,05:40:08,Tarjeta de empresa,"{'id': '137', 'nombre': 'RODATRANS', 'provincia': 'ALBACETE', 'municipio': 'RODA (LA)', 'direccion': 'CR NACIONAL 301 km 210,300', 'lat': 39.213667, 'lon': -2.176194, 'grupo': 'RODATRANS', 'nifEmpresa': 'U26368977'}","[{'producto': 'Gasolina 95 E5', 'litros': 45.62, 'precioUnitario': 1.507, 'importe': 68.75}]",56.82,11.93,68.75,EUR,Factura simplificada
T-B6A5C09E98F8,EMP002,Transporte_02 S.L.,EMP002-U003,2025-01-03,21:59:24,Tarjeta de empresa,"{'id': '8583', 'nombre': 'REPSOL', 'provincia': 'PALMAS (LAS)', 'municipio': 'ARRECIFE', 'direccion': 'CARRETERA CIRCUNVALACION KM. 4,5', 'lat': 28.965167, 'lon': -13.56825, 'grupo': 'REPSOL', 'nifEmpresa': 'A78374725'}","[{'producto': 'Gasolina 95 E5', 'litros': 50.51, 'precioUnitario': 1.511, 'importe': 76.32}]",63.07,13.25,76.32,EUR,Factura simplificada
T-42F0155534C6,EMP002,Transporte_02 S.L.,EMP002-U003,2025-03-03,11:13:14,Tarjeta de empresa,"{'id': '3765', 'nombre': 'SOCIEDAD COOPERATIVA AGRARIA EL SANTO CRISTO S. COOP. DE C-LM', 'provincia': 'CIUDAD REAL', 'municipio': 'GRANÁTULA DE CALATRAVA', 'direccion': 'CALLE ALMAGRO, 3', 'lat': 38.799389, 'lon': -3.741778, 'grupo': 'SOCIEDAD COOPERATIVA AGRARIA EL SANTO CRISTO S. COOP. DE C-LM', 'nifEmpresa': 'D52785854'}","[{'producto': 'Gasóleo A', 'litros': 42.72, 'precioUnitario': 1.456, 'importe': 62.2}]",51.4,10.8,62.2,EUR,Factura simplificada
T-DFD5B3BB376C,EMP002,Transporte_02 S.L.,EMP002-U003,2025-01-20,14:56:52,Tarjeta de empresa,"{'id': '9382', 'nombre': 'OCÉANO', 'provincia': 'SANTA CRUZ DE TENERIFE', 'municipio': 'SAN CRISTÓBAL DE LA LAGUNA', 'direccion': 'CARRETERA TF-111 KM. 8,346', 'lat': 28.483917, 'lon': -16.290639, 'grupo': 'OCÉANO', 'nifEmpresa': 'R4843443E'}","[{'producto': 'Gasóleo A', 'litros': 41.4, 'precioUnitario': 1.179, 'importe': 48.81}]",40.34,8.47,48.81,EUR,Factura simplificada
T-F32A10EA6C58,EMP002,Transporte_02 S.L.,EMP002-U003,2025-06-24,21:50:37,Tarjeta de empresa,"{'id': '8019', 'nombre': 'MOLGAS', 'provincia': 'MURCIA', 'municipio': 'MURCIA', 'direccion': 'AUTOVIA AUTOVIA DEL MEDITERRANEO KM. 649', 'lat': 37.575694, 'lon': -1.800694, 'grupo': 'MOLGAS', 'nifEmpresa': 'N4198665D'}","[{'producto': 'Gasóleo Premium', 'litros': 66.01, 'precioUnitario': 1.48, 'importe': 97.69}]",80.74,16.95,97.69,EUR,Factura simplificada
T-609E716842EE,EMP002,Transporte_02 S.L.,EMP002-U003,2025-05-13,12:46:54,Tarjeta de empresa,"{'id': '4374', 'nombre': 'CC OIL', 'provincia': 'CORUÑA (A)', 'municipio': 'PONTEDEUME', 'direccion': 'CARRETERA N-651 KM. 16', 'lat': 43.386694, 'lon': -8.167944, 'grupo': 'CC OIL', 'nifEmpresa': 'P5747338A'}","[{'producto': 'Gasolina 98 E5', 'litros': 71.69, 'precioUnitario': 1.662, 'importe': 119.15}]",98.47,20.68,119.15,EUR,Factura simplificada
T-A21260923482,EMP002,Transporte_02 S.L.,EMP002-U003,2025-04-23,07:08:12,Tarjeta de empresa,"{'id': '11343', 'nombre': 'BP AP7 LA SAFOR ALICANTE', 'provincia': 'VALENCIA / VALÈNCIA', 'municipio': 'XERACO', 'direccion': 'AUTOPISTA AP-7 (MRG.DCHO.) KM. 570', 'lat': 39.040833, 'lon': -0.228139, 'grupo': 'BP AP7 LA SAFOR ALICANTE', 'nifEmpresa': 'Z19933084'}","[{'producto': 'Gasóleo A', 'litros': 61.92, 'precioUnitario': 1.447, 'importe': 89.6}]",74.05,15.55,89.6,EUR,Factura simplificada
T-864395C10315,EMP002,Transporte_02 S.L.,EMP002-U003,2025-06-25,09:05:56,Tarjeta de empresa,"{'id': '8145', 'nombre': 'IZELAI FUEL', 'provincia': 'NAVARRA', 'municipio': 'ALTSASU/ALSASUA', 'direccion': 'AVENIDA VITORIA, S/N', 'lat': 42.89, 'lon': -2.169028, 'grupo': 'IZELAI FUEL', 'nifEmpresa': 'U57120826'}","[{'producto': 'Gasolina 98 E5', 'litros': 60.54, 'precioUnitario': 1.711, 'importe': 103.58}]",85.6,17.98,103.58,EUR,Factura simplificada
T-F90037B0D843,EMP002,Transporte_02 S.L.,EMP002-U003,2025-07-22,05:20:38,Efectivo,"{'id': '6085', 'nombre': 'VILLAGER', 'provincia': 'LEÓN', 'municipio': 'VILLABLINO', 'direccion': 'CALLE SAN LORENZO PI-VI  EN  VILLABLINO, 2', 'lat': 42.944833, 'lon': -6.345222, 'grupo': 'VILLAGER', 'nifEmpresa': 'F73454019'}","[{'producto': 'Gasóleo Premium', 'litros': 22.69, 'precioUnitario': 1.519, 'importe': 34.47}]",28.49,5.98,34.47,EUR,Factura simplificada
T-878FA571ED1A,EMP002,Transporte_02 S.L.,EMP002-U003,2025-04-02,16:36:05,Tarjeta de empresa,"{'id': '4916', 'nombre': 'PETROCAT', 'provincia': 'GIRONA', 'municipio': 'MAÇANET DE CABRENYS', 'direccion': 'CAMI DE LES ROVIRES, S/N', 'lat': 42.385833, 'lon': 2.751833, 'grupo': 'PETROCAT', 'nifEmpresa': 'H26206722'}","[{'producto': 'Gasolina 98 E5', 'litros': 54.98, 'precioUnitario': 1.744, 'importe': 95.89}]",79.25,16.64,95.89,EUR,Factura simplificada
T-DBEA7AFC5962,EMP002,Transporte_02 S.L.,EMP002-U003,2025-07-03,21:42:15,Tarjeta de empresa,"{'id': '4752', 'nombre': 'REPSOL', 'provincia': 'GIPUZKOA', 'municipio': 'VILLABONA', 'direccion': 'CARRETERA NACIONAL 1 KM. 445', 'lat': 43.178611, 'lon': -2.055778, 'grupo': 'REPSOL', 'nifEmpresa': 'A78374725'}","[{'producto': 'Gasóleo A', 'litros': 30.08, 'precioUnitario': 1.476, 'importe': 44.4}]",36.69,7.71,44.4,EUR,Factura simplificada
T-9D0B41C809BB,EMP002,Transporte_02 S.L.,EMP002-U003,2025-05-28,11:08:41,Tarjeta de empresa,"{'id': '5394', 'nombre': 'REPSOL', 'provincia': 'GUADALAJARA', 'municipio': 'SAÚCA', 'direccion': 'AUTOVIA A-2 KM. 125', 'lat': 41.015972, 'lon': -2.546583, 'grupo': 'REPSOL', 'nifEmpresa': 'A78374725'}","[{'producto': 'Gasolina 95 E5', 'litros': 28.12, 'precioUnitario': 1.548, 'importe': 43.53}]",35.98,7.55,43.53,EUR,Factura simplificada
T-DFA5BC96D3B4,EMP002,Transporte_02 S.L.,EMP002-U003,2025-05-13,20:44:01,Tarjeta de empresa,"{'id': '6837', 'nombre': 'BP ', 'provincia': 'MADRID', 'municipio': 'MADRID', 'direccion': 'AV DOCTOR ARCE  30', 'lat': 40.447861, 'lon': -3.679611, 'grupo': 'BP ', 'nifEmpresa': 'A28011559'}","[{'producto': 'Gasóleo Premium', 'litros': 38.46, 'precioUnitario': 1.553, 'importe': 59.73}]",49.36,10.37,59.73,EUR,Factura simplificada
T-2A9545C152A4,EMP002,Transporte_02 S.L.,EMP002-U003,2025-03-28,16:20:13,Tarjeta de empresa,"{'id': '5390', 'nombre': 'REPSOL', 'provincia': 'GUADALAJARA', 'municipio': 'PIOZ', 'direccion': 'CALLE SETAS, 1', 'lat': 40.464111, 'lon': -3.178028, 'grupo': 'REPSOL', 'nifEmpresa': 'A78374725'}","[{'producto': 'Gasóleo Premium', 'litros': 44.19, 'precioUnitario': 1.561, 'importe': 68.98}]",57.01,11.97,68.98,EUR,Factura simplificada
T-4D11B850A092,EMP002,Transporte_02 S.L.,EMP002-U003,2025-07-06,09:08:34,Tarjeta de empresa,"{'id': '11423', 'nombre': 'REPSOL', 'provincia': 'VALLADOLID', 'municipio': 'SAN VICENTE DEL PALACIO', 'direccion': 'AUTOVIA A6 KM. 147,200', 'lat': 41.220694, 'lon': -4.848167, 'grupo': 'REPSOL', 'nifEmpresa': 'A78374725'}","[{'producto': 'Gasóleo Premium', 'litros': 58.91, 'precioUnitario': 1.541, 'importe': 90.78}]",75.02,15.76,90.78,EUR,Factura simplificada
T-83AA0E37F8F2,EMP002,Transporte_02 S.L.,EMP002-U003,2025-03-09,20:25:18,Tarjeta de empresa,"{'id': '2171', 'nombre': 'GOOD PRICE PALAU', 'provincia': 'BARCELONA', 'municipio': 'MOLLET DEL VALLÈS', 'direccion': 'AVINGUDA BADALONA, 22', 'lat': 41.533444, 'lon': 2.212806, 'grupo': 'GOOD PRICE PALAU', 'nifEmpresa': 'N2054932E'}","[{'producto': 'Gasóleo A', 'litros': 64.67, 'precioUnitario': 1.419, 'importe': 91.77}]",75.84,15.93,91.77,EUR,Factura simplificada
T-05355705D948,EMP002,Transporte_02 S.L.,EMP002-U003,2025-06-23,12:26:42,Tarjeta de empresa,"{'id': '500', 'nombre': 'EASYGAS', 'provincia': 'ALICANTE', 'municipio': 'ORIHUELA', 'direccion': 'CARRETERA NACIONAL 332 KM. 53,5', 'lat': 37.946167, 'lon': -0.716139, 'grupo': 'EASYGAS', 'nifEmpresa': 'P6122753D'}","[{'producto': 'Gasóleo Premium', 'litros': 69.66, 'precioUnitario': 1.543, 'importe': 107.49}]",88.83,18.66,107.49,EUR,Factura simplificada
T-10DF659C8DC9,EMP002,Transporte_02 S.L.,EMP002-U003,2025-02-21,04:04:55,Tarjeta de empresa,"{'id': '10517', 'nombre': 'HERMANOS FERNANDEZ GARCIA SA', 'provincia': 'TOLEDO', 'municipio': 'MASCARAQUE', 'direccion': 'CARRETERA CM-4019 TOLEDO-ALCAZAR KM 24.05 KM. ', 'lat': 39.73375, 'lon': -3.82825, 'grupo': 'HERMANOS FERNANDEZ GARCIA SA', 'nifEmpresa': 'N5499045B'}","[{'producto': 'Gasolina 95 E5', 'litros': 46.51, 'precioUnitario': 1.523, 'importe': 70.83}]",58.54,12.29,70.83,EUR,Factura simplificada
T-905F7135CC93,EMP002,Transporte_02 S.L.,EMP002-U003,2025-02-24,09:59:05,Tarjeta de empresa,"{'id': '8316', 'nombre': 'AN ENERGETICOS - OLITE', 'provincia': 'NAVARRA', 'municipio': 'OLITE', 'direccion': 'POLIGONO C/A, S/N', 'lat': 42.494639, 'lon': -1.665056, 'grupo': 'AN ENERGETICOS - OLITE', 'nifEmpresa': 'A26841452'}","[{'producto': 'Gasolina 98 E5', 'litros': 50.78, 'precioUnitario': 1.679, 'importe': 85.26}]",70.46,14.8,85.26,EUR,Factura simplificada
T-D9172CE71F43,EMP002,Transporte_02 S.L.,EMP002-U003,2025-07-28,03:09:17,Tarjeta de empresa,"{'id': '10865', 'nombre': 'PLENERGY', 'provincia': 'VALENCIA / VALÈNCIA', 'municipio': 'CARLET', 'direccion': 'CARRETERA CREU NEGRA KM. 11', 'lat': 39.227639, 'lon': -0.514056, 'grupo': 'PLENERGY', 'nifEmpresa': 'Z79568788'}","[{'producto': 'Gasolina 98 E5', 'litros': 33.66, 'precioUnitario': 1.704, 'importe': 57.36}]",47.4,9.96,57.36,EUR,Factura simplificada
T-AD8C46D15035,EMP002,Transporte_02 S.L.,EMP002-U003,2025-02-01,23:11:58,Tarjeta de empresa,"{'id': '845', 'nombre': 'REPSOL', 'provincia': 'ALMERÍA', 'municipio': 'VIATOR', 'direccion': 'CALLE SIERRA DE CAZORLA, 23 (P.I. LA JUAIDA), 23', 'lat': 36.884611, 'lon': -2.419472, 'grupo': 'REPSOL', 'nifEmpresa': 'A78374725'}","[{'producto': 'Gasolina 98 E5', 'litros': 41.01, 'precioUnitario': 1.701, 'importe': 69.76}]",57.65,12.11,69.76,EUR,Factura simplificada
T-CB28A02FBDAB,EMP002,Transporte_02 S.L.,EMP002-U003,2025-06-25,10:25:07,Tarjeta de empresa,"{'id': '11684', 'nombre': 'COOP. SAN ISIDRO', 'provincia': 'ZARAGOZA', 'municipio': 'FABARA', 'direccion': 'RAMBLA ARBOLITOS, S/N', 'lat': 41.172694, 'lon': 0.171333, 'grupo': 'COOP. SAN ISIDRO', 'nifEmpresa': 'B19108836'}","[{'producto': 'Gasolina 95 E5', 'litros': 22.9, 'precioUnitario': 1.512, 'importe': 34.62}]",28.61,6.01,34.62,EUR,Factura simplificada
T-A5A40B911334,EMP002,Transporte_02 S.L.,EMP002-U003,2025-04-11,15:32:03,Efectivo,"{'id': '477', 'nombre': 'GALP', 'provincia': 'ALICANTE', 'municipio': 'NUCIA (LA)', 'direccion': 'P.I. La Nucia - Parcela 16', 'lat': 38.603028, 'lon': -0.129556, 'grupo': 'GALP', 'nifEmpresa': 'A28559573'}","[{'producto': 'Gasolina 98 E5', 'litros': 75.13, 'precioUnitario': 1.697, 'importe': 127.5}]",105.37,22.13,127.5,EUR,Factura simplificada
T-F3C054E95DCB,EMP002,Transporte_02 S.L.,EMP002-U003,2025-03-20,05:31:21,Tarjeta de empresa,"{'id': '2485', 'nombre': 'Q8', 'provincia': 'BARCELONA', 'municipio': 'TERRASSA', 'direccion': 'CTRA. DE MATADEPERA km 1,750', 'lat': 41.585333, 'lon': 2.019139, 'grupo': 'Q8', 'nifEmpresa': 'V71870729'}","[{'producto': 'Gasóleo Premium', 'litros': 38.67, 'precioUnitario': 1.499, 'importe': 57.97}]",47.91,10.06,57.97,EUR,Factura simplificada
T-EF709DBD96CD,EMP003,Transporte_03 S.L.,EMP003-U001,2025-03-29,22:18:59,Tarjeta de empresa,"{'id': '2771', 'nombre': 'REPSOL', 'provincia': 'BURGOS', 'municipio': 'FRANDOVÍNEZ', 'direccion': 'AUTOVIA A-62 KM. 16,7', 'lat': 42.294444, 'lon': -3.8465, 'grupo': 'REPSOL', 'nifEmpresa': 'A78374725'}","[{'producto': 'Gasóleo Premium', 'litros': 61.7, 'precioUnitario': 1.538, 'importe': 94.89}]",78.42,16.47,94.89,EUR,Factura simplificada
T-956077D409E1,EMP003,Transporte_03 S.L.,EMP003-U001,2025-03-30,22:50:37,Tarjeta de empresa,"{'id': '10015', 'nombre': 'EL MAYORIA COMBUSTIBLES', 'provincia': 'SORIA', 'municipio': 'ÁGREDA', 'direccion': 'POL. INDUSTRIAL LA DEHESA S/N', 'lat': 41.840167, 'lon': -1.940833, 'grupo': 'EL MAYORIA COMBUSTIBLES', 'nifEmpresa': 'G64039100'}","[{'producto': 'Gasóleo Premium', 'litros': 47.51, 'precioUnitario': 1.499, 'importe': 71.22}]",58.86,12.36,71.22,EUR,Factura simplificada
T-2CCF36BE5FBD,EMP003,Transporte_03 S.L.,EMP003-U001,2025-06-21,11:31:26,Tarjeta de empresa,"{'id': '1267', 'nombre': 'GALP (E.S. ANTUNEZ)', 'provincia': 'BADAJOZ', 'municipio': 'ALMENDRALEJO', 'direccion': 'CALLE ELECTRTICIDAD, S/N', 'lat': 38.692139, 'lon': -6.408778, 'grupo': 'GALP (E.S. ANTUNEZ)', 'nifEmpresa': 'H17046228'}","[{'producto': 'Gasóleo Premium', 'litros': 20.23, 'precioUnitario': 1.539, 'importe': 31.13}]",25.73,5.4,31.13,EUR,Factura simplificada
T-CDA183BBE2EF,EMP003,Transporte_03 S.L.,EMP003-U001,2025-07-19,09:45:17,Efectivo,"{'id': '1870', 'nombre': 'REPSOL', 'provincia': 'BARCELONA', 'municipio': 'BARCELONA', 'direccion': 'PASEO GUAYAQUIL, 25', 'lat': 41.442861, 'lon': 2.206, 'grupo': 'REPSOL', 'nifEmpresa': 'A78374725'}","[{'producto': 'Gasóleo Premium', 'litros': 54.84, 'precioUnitario': 1.483, 'importe': 81.33}]",67.21,14.12,81.33,EUR,Factura simplificada
T-BAADAA7CFA1C,EMP003,Transporte_03 S.L.,EMP003-U001,2025-05-02,01:28:40,Efectivo,"{'id': '6856', 'nombre': 'GALP', 'provincia': 'MADRID', 'municipio': 'MADRID', 'direccion': 'CALLE SINESIO DELGADO, 15', 'lat': 40.473722, 'lon': -3.701361, 'grupo': 'GALP', 'nifEmpresa': 'A28559573'}","[{'producto': 'Gasóleo Premium', 'litros': 54.44, 'precioUnitario': 1.558, 'importe': 84.82}]",70.1,14.72,84.82,EUR,Factura simplificada
T-9A7DF053D043,EMP003,Transporte_03 S.L.,EMP003-U001,2025-04-01,12:18:32,Efectivo,"{'id': '4308', 'nombre': 'REPSOL', 'provincia': 'CORUÑA (A)', 'municipio': 'MELIDE', 'direccion': 'AVENIDA LUGO, 94,96', 'lat': 42.912222, 'lon': -8.006167, 'grupo': 'REPSOL', 'nifEmpresa': 'A78374725'}","[{'producto': 'Gasóleo Premium', 'litros': 33.92, 'precioUnitario': 1.513, 'importe': 51.32}]",42.41,8.91,51.32,EUR,Factura simplificada
T-1E2D178AA72A,EMP003,Transporte_03 S.L.,EMP003-U001,2025-07-02,00:51:04,Tarjeta de empresa,"{'id': '4923', 'nombre': 'PREMIRA', 'provincia': 'GIRONA', 'municipio': 'OLOT', 'direccion': 'CALLE DOCTOR BARTRINA, 10', 'lat': 42.189417, 'lon': 2.475611, 'grupo': 'PREMIRA', 'nifEmpresa': 'Y86823002'}","[{'producto': 'Gasolina 98 E5', 'litros': 51.39, 'precioUnitario': 1.726, 'importe': 88.7}]",73.31,15.39,88.7,EUR,Factura simplificada
T-E0BAE668E8D8,EMP003,Transporte_03 S.L.,EMP003-U001,2025-05-26,12:58:44,Tarjeta de empresa,"{'id': '7077', 'nombre': 'PETROPRIX', 'provincia': 'MADRID', 'municipio': 'MÓSTOLES', 'direccion': 'CALLE YOLANDA GONZALEZ, 5', 'lat': 40.311472, 'lon': -3.872361, 'grupo': 'PETROPRIX', 'nifEmpresa': 'B23709892'}","[{'producto': 'Gasóleo A', 'litros': 16.95, 'precioUnitario': 1.433, 'importe': 24.29}]",20.07,4.22,24.29,EUR,Factura simplificada
T-82B24D9A0393,EMP003,Transporte_03 S.L.,EMP003-U001,2025-03-22,11:31:00,Tarjeta de empresa,"{'id': '64', 'nombre': 'REPSOL', 'provincia': 'ALBACETE', 'municipio': 'BONETE', 'direccion': 'AUTOVIA A-31 KM. 126', 'lat': 38.875861, 'lon': -1.3315, 'grupo': 'REPSOL', 'nifEmpresa': 'A78374725'}","[{'producto': 'Gasóleo Premium', 'litros': 53.65, 'precioUnitario': 1.548, 'importe': 83.05}]",68.64,14.41,83.05,EUR,Factura simplificada
T-DD8B06137126,EMP003,Transporte_03 S.L.,EMP003-U001,2025-01-05,16:05:18,Tarjeta de empresa,"{'id': '8536', 'nombre': 'AGROPAL', 'provincia': 'PALENCIA', 'municipio': 'TORQUEMADA', 'direccion': 'CAMINO DE VALDESALCE S/N', 'lat': 42.04075, 'lon': -4.318528, 'grupo': 'AGROPAL', 'nifEmpresa': 'W1069033G'}","[{'producto': 'Gasolina 98 E5', 'litros': 64.71, 'precioUnitario': 1.657, 'importe': 107.22}]",88.61,18.61,107.22,EUR,Factura simplificada
T-7B72E1C12606,EMP003,Transporte_03 S.L.,EMP003-U001,2025-01-14,01:55:05,Tarjeta de empresa,"{'id': '2244', 'nombre': 'GALP', 'provincia': 'BARCELONA', 'municipio': 'PRAT DE LLOBREGAT (EL)', 'direccion': 'CARRETERA GARRAF KM. 21', 'lat': 41.314083, 'lon': 2.069556, 'grupo': 'GALP', 'nifEmpresa': 'A28559573'}","[{'producto': 'Gasolina 95 E5', 'litros': 55.64, 'precioUnitario': 1.527, 'importe': 84.96}]",70.21,14.75,84.96,EUR,Factura simplificada
T-CFED93130AA7,EMP003,Transporte_03 S.L.,EMP003-U001,2025-04-02,14:26:05,Tarjeta de empresa,"{'id': '11679', 'nombre': 'MOEVE', 'provincia': 'ZARAGOZA', 'municipio': 'ÉPILA', 'direccion': 'AUTOVIA A-2 (MRG.IZDO.) KM. 285', 'lat': 41.538528, 'lon': -1.242167, 'grupo': 'MOEVE', 'nifEmpresa': 'A28003119'}","[{'producto': 'Gasolina 95 E5', 'litros': 66.19, 'precioUnitario': 1.536, 'importe': 101.67}]",84.02,17.65,101.67,EUR,Factura simplificada
T-C369DE7F1377,EMP003,Transporte_03 S.L.,EMP003-U001,2025-06-26,04:36:40,Tarjeta de empresa,"{'id': '3872', 'nombre': 'FAST FUEL', 'provincia': 'CIUDAD REAL', 'municipio': 'VALDEPEÑAS', 'direccion': 'AUTOVIA A-4 KM. 198,7', 'lat': 38.780917, 'lon': -3.395389, 'grupo': 'FAST FUEL', 'nifEmpresa': 'H28439594'}","[{'producto': 'Gasóleo Premium', 'litros': 42.0, 'precioUnitario': 1.535, 'importe': 64.47}]",53.28,11.19,64.47,EUR,Factura simplificada
T-11716A8193CA,EMP003,Transporte_03 S.L.,EMP003-U001,2025-05-24,15:47:06,Efectivo,"{'id': '4917', 'nombre': 'REPSOL', 'provincia': 'GIRONA', 'municipio': 'MAÇANET DE LA SELVA', 'direccion': 'AU AP-7, 86', 'lat': 41.772833, 'lon': 2.739972, 'grupo': 'REPSOL', 'nifEmpresa': 'A78374725'}","[{'producto': 'Gasóleo A', 'litros': 39.07, 'precioUnitario': 1.443, 'importe': 56.38}]",46.6,9.78,56.38,EUR,Factura simplificada
T-C8BC78A6575B,EMP003,Transporte_03 S.L.,EMP003-U001,2025-05-15,01:18:15,Tarjeta de empresa,"{'id': '10174', 'nombre': 'PETROCAT', 'provincia': 'TARRAGONA', 'municipio': 'RODA DE BARÀ', 'direccion': 'CARRETERA TV-2041 KM. 0,300', 'lat': 41.170389, 'lon': 1.457806, 'grupo': 'PETROCAT', 'nifEmpresa': 'J92687052'}","[{'producto': 'Gasolina 98 E5', 'litros': 78.68, 'precioUnitario': 1.717, 'importe': 135.09}]",111.64,23.45,135.09,EUR,Factura simplificada
T-6A2A728A08DD,EMP003,Transporte_03 S.L.,EMP003-U001,2025-02-10,20:15:33,Tarjeta de empresa,"{'id': '3664', 'nombre': 'SHELL CATENA', 'provincia': 'CEUTA', 'municipio': 'CEUTA', 'direccion': 'AVENIDA MARTINEZ CATENA, 6', 'lat': 35.8795, 'lon': -5.336778, 'grupo': 'SHELL CATENA', 'nifEmpresa': 'U62462874'}","[{'producto': 'Gasóleo Premium', 'litros': 42.82, 'precioUnitario': 1.359, 'importe': 58.19}]",48.09,10.1,58.19,EUR,Factura simplificada
T-E37EECBB65C3,EMP003,Transporte_03 S.L.,EMP003-U001,2025-02-03,00:21:45,Tarjeta de empresa,"{'id': '605', 'nombre': 'PLENERGY', 'provincia': 'ALICANTE', 'municipio': 'TORREVIEJA', 'direccion': 'CALLE JOSE LORCA GARCIA, 7', 'lat': 37.998694, 'lon': -0.692278, 'grupo': 'PLENERGY', 'nifEmpresa': 'Z70866884'}","[{'producto': 'Gasolina 98 E5', 'litros': 21.6, 'precioUnitario': 1.737, 'importe': 37.52}]",31.01,6.51,37.52,EUR,Factura simplificada
T-8AD0E4F77FF3,EMP003,Transporte_03 S.L.,EMP003-U001,2025-06-02,17:06:52,Tarjeta de empresa,"{'id': '8821', 'nombre': 'STAROIL', 'provincia': 'PONTEVEDRA', 'municipio': 'CAMBADOS', 'direccion': 'V.G4.2 km 3.5', 'lat': 42.509389, 'lon': -8.792639, 'grupo': 'STAROIL', 'nifEmpresa': 'C17518309'}","[{'producto': 'Gasolina 98 E5', 'litros': 49.71, 'precioUnitario': 1.662, 'importe': 82.62}]",68.28,14.34,82.62,EUR,Factura simplificada
T-C111BF071571,EMP003,Transporte_03 S.L.,EMP003-U001,2025-07-05,01:04:37,Tarjeta de empresa,"{'id': '9767', 'nombre': 'E.S. ATENAS', 'provincia': 'SEVILLA', 'municipio': 'LEBRIJA', 'direccion': 'AVENIDA ATENAS DE, 129', 'lat': 36.911, 'lon': -6.080528, 'grupo': 'E.S. ATENAS', 'nifEmpresa': 'H13983739'}","[{'producto': 'Gasóleo A', 'litros': 72.93, 'precioUnitario': 1.448, 'importe': 105.6}]",87.27,18.33,105.6,EUR,Factura simplificada
T-530AB94C3B26,EMP003,Transporte_03 S.L.,EMP003-U001,2025-07-20,14:22:45,Efectivo,"{'id': '7946', 'nombre': 'CAMPSA EXPRESS', 'provincia': 'MURCIA', 'municipio': 'MURCIA', 'direccion': 'AVENIDA DON JUAN DE BORBÓN., S/N', 'lat': 38.018278, 'lon': -1.136972, 'grupo': 'CAMPSA EXPRESS', 'nifEmpresa': 'W3173936J'}","[{'producto': 'Gasóleo A', 'litros': 58.97, 'precioUnitario': 1.414, 'importe': 83.38}]",68.91,14.47,83.38,EUR,Factura simplificada
T-A13739211715,EMP003,Transporte_03 S.L.,EMP003-U001,2025-06-23,00:34:26,Tarjeta de empresa,"{'id': '11656', 'nombre': 'SAN GREGORIO', 'provincia': 'ZARAGOZA', 'municipio': 'CERVERA DE LA CAÑADA', 'direccion': 'CARRETERA VILLALENGUA KM. SN', 'lat': 41.431028, 'lon': -1.733583, 'grupo': 'SAN GREGORIO', 'nifEmpresa': 'D78544582'}","[{'producto': 'Gasolina 98 E5', 'litros': 51.8, 'precioUnitario': 1.718, 'importe': 88.99}]",73.55,15.44,88.99,EUR,Factura simplificada
T-B066D3A4EE69,EMP003,Transporte_03 S.L.,EMP003-U001,2025-07-06,17:02:58,Tarjeta de empresa,"{'id': '905', 'nombre': 'COALTRANS  SDAD COOP', 'provincia': 'ARABA/ÁLAVA', 'municipio': 'VITORIA-GASTEIZ', 'direccion': 'CALLE ZUAZOBIDEA, 24', 'lat': 42.838139, 'lon': -2.725944, 'grupo': 'COALTRANS  SDAD COOP', 'nifEmpresa': 'F53556098'}","[{'producto': 'Gasóleo Premium', 'litros': 29.31, 'precioUnitario': 1.555, 'importe': 45.58}]",37.67,7.91,45.58,EUR,Factura simplificada
T-02921C5D660D,EMP003,Transporte_03 S.L.,EMP003-U001,2025-04-10,15:49:33,Tarjeta de empresa,"{'id': '10731', 'nombre': 'CEPSA', 'provincia': 'VALENCIA / VALÈNCIA', 'municipio': 'ALBAL', 'direccion': 'AVENIDA PADRE CARLOS FERRIS, 109', 'lat': 39.392333, 'lon': -0.407306, 'grupo': 'CEPSA', 'nifEmpresa': 'A28003119'}","[{'producto': 'Gasolina 98 E5', 'litros': 34.23, 'precioUnitario': 1.729, 'importe': 59.18}]",48.91,10.27,59.18,EUR,Factura simplificada
T-11F5B4884E55,EMP003,Transporte_03 S.L.,EMP003-U001,2025-02-08,23:03:22,Tarjeta de empresa,"{'id': '527', 'nombre': 'PLENERGY', 'provincia': 'ALICANTE', 'municipio': 'PETRER', 'direccion': 'AVENIDA DEL MEDITERRÁNEO, S/N', 'lat': 38.456028, 'lon': -0.783361, 'grupo': 'PLENERGY', 'nifEmpresa': 'R6937854E'}","[{'producto': 'Gasóleo Premium', 'litros': 23.15, 'precioUnitario': 1.521, 'importe': 35.21}]",29.1,6.11,35.21,EUR,Factura simplificada
T-6EBC437DA9B8,EMP003,Transporte_03 S.L.,EMP003-U001,2025-02-26,22:34:36,Tarjeta de empresa,"{'id': '7139', 'nombre': 'BALLENOIL', 'provincia': 'MADRID', 'municipio': 'POZUELO DE ALARCÓN', 'direccion': 'CARRETERA POZUELO MAJADAHONDA KM. 2', 'lat': 40.440667, 'lon': -3.840611, 'grupo': 'BALLENOIL', 'nifEmpresa': 'B65371171'}","[{'producto': 'Gasóleo Premium', 'litros': 35.27, 'precioUnitario': 1.565, 'importe': 55.2}]",45.62,9.58,55.2,EUR,Factura simplificada
T-BCD7FED22475,EMP003,Transporte_03 S.L.,EMP003-U001,2025-02-10,22:16:57,Tarjeta de empresa,"{'id': '8109', 'nombre': 'HAM', 'provincia': 'MURCIA', 'municipio': 'TORRES DE COTILLAS (LAS)', 'direccion': 'CARRETERA N-344 KM. 7', 'lat': 38.032583, 'lon': -1.2365, 'grupo': 'HAM', 'nifEmpresa': 'B22872808'}","[{'producto': 'Gasóleo Premium', 'litros': 67.23, 'precioUnitario': 1.496, 'importe': 100.58}]",83.12,17.46,100.58,EUR,Factura simplificada
T-4E569ED4487F,EMP003,Transporte_03 S.L.,EMP003-U001,2025-04-14,15:45:41,Tarjeta de empresa,"{'id': '4912', 'nombre': 'Q8', 'provincia': 'GIRONA', 'municipio': 'LLORET DE MAR', 'direccion': 'AVENIDA AV VILA DE BLANES 120, ', 'lat': 41.7, 'lon': 2.831139, 'grupo': 'Q8', 'nifEmpresa': 'H06231203'}","[{'producto': 'Gasolina 95 E5', 'litros': 53.48, 'precioUnitario': 1.537, 'importe': 82.2}]",67.93,14.27,82.2,EUR,Factura simplificada
T-8BCE829C442C,EMP003,Transporte_03 S.L.,EMP003-U001,2025-03-04,13:23:54,Tarjeta de empresa,"{'id': '9701', 'nombre': 'HAM', 'provincia': 'SEVILLA', 'municipio': 'DOS HERMANAS', 'direccion': 'CARRETERA DE EL COPERO KM. 0', 'lat': 37.291972, 'lon': -5.986889, 'grupo': 'HAM', 'nifEmpresa': 'E97700884'}","[{'producto': 'Gasolina 98 E5', 'litros': 41.67, 'precioUnitario': 1.727, 'importe': 71.96}]",59.47,12.49,71.96,EUR,Factura simplificada
T-F8536EDA22FC,EMP003,Transporte_03 S.L.,EMP003-U001,2025-04-22,00:16:31,Tarjeta de empresa,"{'id': '2725', 'nombre': 'SUMINISTROS AGROBUREBA, SL', 'provincia': 'BURGOS', 'municipio': 'BRIVIESCA', 'direccion': 'CTRA.CORNUDILLA, KM.3,2', 'lat': 42.56325, 'lon': -3.331597, 'grupo': 'SUMINISTROS AGROBUREBA, SL', 'nifEmpresa': 'N8408621D'}","[{'producto': 'Gasóleo Premium', 'litros': 57.53, 'precioUnitario': 1.518, 'importe': 87.33}]",72.17,15.16,87.33,EUR,Factura simplificada
T-80F2C17A87FD,EMP003,Transporte_03 S.L.,EMP003-U001,2025-03-20,08:25:43,Tarjeta de empresa,"{'id': '2845', 'nombre': 'IBERDOEX', 'provincia': 'CÁCERES', 'municipio': 'ALCÁNTARA', 'direccion': 'AVENIDA DE MERIDA, 9', 'lat': 39.714417, 'lon': -6.883111, 'grupo': 'IBERDOEX', 'nifEmpresa': 'E84546159'}","[{'producto': 'Gasolina 95 E5', 'litros': 43.89, 'precioUnitario': 1.527, 'importe': 67.02}]",55.39,11.63,67.02,EUR,Factura simplificada
T-D6AC8028BBB6,EMP003,Transporte_03 S.L.,EMP003-U001,2025-02-22,02:39:54,Tarjeta de empresa,"{'id': '2861', 'nombre': 'DST BELVIS', 'provincia': 'CÁCERES', 'municipio': 'BELVÍS DE MONROY', 'direccion': 'CARRETERA NACIONAL V KM. 190', 'lat': 39.851778, 'lon': -5.629528, 'grupo': 'DST BELVIS', 'nifEmpresa': 'R4101666H'}","[{'producto': 'Gasóleo Premium', 'litros': 33.89, 'precioUnitario': 1.581, 'importe': 53.58}]",44.28,9.3,53.58,EUR,Factura simplificada
T-D3572F8D38D2,EMP003,Transporte_03 S.L.,EMP003-U001,2025-04-08,19:14:24,Tarjeta de empresa,"{'id': '2318', 'nombre': 'GALP ', 'provincia': 'BARCELONA', 'municipio': 'SANT ADRIÀ DE BESÒS', 'direccion': 'C/TORRASSA, 87-95', 'lat': 41.429361, 'lon': 2.227611, 'grupo': 'GALP ', 'nifEmpresa': 'A28559573'}","[{'producto': 'Gasóleo Premium', 'litros': 30.61, 'precioUnitario': 1.484, 'importe': 45.43}]",37.55,7.88,45.43,EUR,Factura simplificada
T-628584829B66,EMP003,Transporte_03 S.L.,EMP003-U001,2025-05-29,00:56:01,Tarjeta de empresa,"{'id': '11831', 'nombre': 'CEPSA', 'provincia': 'ZARAGOZA', 'municipio': 'ZARAGOZA', 'direccion': 'AUTOVIA A-23 KM. 505', 'lat': 41.698889, 'lon': -0.867667, 'grupo': 'CEPSA', 'nifEmpresa': 'A28003119'}","[{'producto': 'Gasolina 98 E5', 'litros': 49.8, 'precioUnitario': 1.688, 'importe': 84.06}]",69.47,14.59,84.06,EUR,Factura simplificada
T-A032290853BD,EMP003,Transporte_03 S.L.,EMP003-U001,2025-06-14,03:45:02,Efectivo,"{'id': '3197', 'nombre': 'BP LA VICTORIA', 'provincia': 'CÁDIZ', 'municipio': 'PUERTO DE SANTA MARÍA (EL)', 'direccion': 'AVENIDA RAFAEL ALBERTI, S/N', 'lat': 36.609083, 'lon': -6.216556, 'grupo': 'BP LA VICTORIA', 'nifEmpresa': 'X80339740'}","[{'producto': 'Gasóleo A', 'litros': 55.36, 'precioUnitario': 1.418, 'importe': 78.5}]",64.88,13.62,78.5,EUR,Factura simplificada
T-F10B6A62FEF7,EMP003,Transporte_03 S.L.,EMP003-U001,2025-02-20,09:25:33,Tarjeta de empresa,"{'id': '847', 'nombre': 'ENERGY CARBURANTES', 'provincia': 'ALMERÍA', 'municipio': 'VIATOR', 'direccion': 'CALLE SIERRA   ATALAYA, 6', 'lat': 36.879306, 'lon': -2.422972, 'grupo': 'ENERGY CARBURANTES', 'nifEmpresa': 'N8902503E'}","[{'producto': 'Gasolina 95 E5', 'litros': 51.58, 'precioUnitario': 1.51, 'importe': 77.89}]",64.37,13.52,77.89,EUR,Factura simplificada
T-F232D2557DA7,EMP003,Transporte_03 S.L.,EMP003-U001,2025-01-20,01:05:11,Tarjeta de empresa,"{'id': '4713', 'nombre': 'CEPSA', 'provincia': 'GIPUZKOA', 'municipio': 'LEGAZPI', 'direccion': 'CALLE BIKUÑA, S/N', 'lat': 43.034694, 'lon': -2.332194, 'grupo': 'CEPSA', 'nifEmpresa': 'A28003119'}","[{'producto': 'Gasolina 98 E5', 'litros': 38.88, 'precioUnitario': 1.727, 'importe': 67.15}]",55.5,11.65,67.15,EUR,Factura simplificada
T-12D95A77B219,EMP003,Transporte_03 S.L.,EMP003-U001,2025-01-25,09:55:32,Tarjeta de empresa,"{'id': '4975', 'nombre': 'REPSOL', 'provincia': 'GIRONA', 'municipio': 'SALT', 'direccion': 'CAMI DES CARLIS, 10', 'lat': 41.975917, 'lon': 2.795611, 'grupo': 'REPSOL', 'nifEmpresa': 'A78374725'}","[{'producto': 'Gasóleo Premium', 'litros': 52.39, 'precioUnitario': 1.568, 'importe': 82.15}]",67.89,14.26,82.15,EUR,Factura simplificada
T-C7CCD68553B3,EMP003,Transporte_03 S.L.,EMP003-U001,2025-06-27,07:13:47,Tarjeta de empresa,"{'id': '831', 'nombre': 'ANROROIL', 'provincia': 'ALMERÍA', 'municipio': 'VÉLEZ-BLANCO', 'direccion': 'CARRETERA C-321, PJE.CAÑADA DE NAVARRO KM 000000 KM. 162', 'lat': 37.678111, 'lon': -2.090333, 'grupo': 'ANROROIL', 'nifEmpresa': 'J56218506'}","[{'producto': 'Gasolina 98 E5', 'litros': 57.64, 'precioUnitario': 1.702, 'importe': 98.1}]",81.07,17.03,98.1,EUR,Factura simplificada
T-CD5AB4025CD0,EMP003,Transporte_03 S.L.,EMP003-U001,2025-02-01,00:47:05,Tarjeta de empresa,"{'id': '10545', 'nombre': 'GASONAVA', 'provincia': 'TOLEDO', 'municipio': 'NAVALUCILLOS (LOS)', 'direccion': 'CARRERA DE CABALLOS, S/N.', 'lat': 39.671771, 'lon': -4.645395, 'grupo': 'GASONAVA', 'nifEmpresa': 'C99965048'}","[{'producto': 'Gasolina 95 E5', 'litros': 49.12, 'precioUnitario': 1.522, 'importe': 74.76}]",61.79,12.97,74.76,EUR,Factura simplificada
T-05093C45C398,EMP003,Transporte_03 S.L.,EMP003-U001,2025-01-14,19:06:12,Tarjeta de empresa,"{'id': '240', 'nombre': 'AVANZA ENERGY', 'provincia': 'ALICANTE', 'municipio': 'ALICANTE/ALACANT', 'direccion': 'CARRETERA OCAÑA KM. 7', 'lat': 38.344917, 'lon': -0.518333, 'grupo': 'AVANZA ENERGY', 'nifEmpresa': 'D62961941'}","[{'producto': 'Gasóleo Premium', 'litros': 48.03, 'precioUnitario': 1.544, 'importe': 74.16}]",61.29,12.87,74.16,EUR,Factura simplificada
T-2A4B72549E9F,EMP003,Transporte_03 S.L.,EMP003-U001,2025-05-13,20:13:42,Tarjeta de empresa,"{'id': '2483', 'nombre': 'ESCLATOIL', 'provincia': 'BARCELONA', 'municipio': 'TERRASSA', 'direccion': 'AVENIDA JOSEP TARRADELLAS,DE, 2', 'lat': 41.570083, 'lon': 2.004694, 'grupo': 'ESCLATOIL', 'nifEmpresa': 'Z62655113'}","[{'producto': 'Gasolina 98 E5', 'litros': 59.95, 'precioUnitario': 1.725, 'importe': 103.41}]",85.46,17.95,103.41,EUR,Factura simplificada
T-B18081C9B6EC,EMP003,Transporte_03 S.L.,EMP003-U001,2025-01-27,05:30:00,Tarjeta de empresa,"{'id': '9598', 'nombre': 'GALP', 'provincia': 'SEVILLA', 'municipio': 'BOLLULLOS DE LA MITACIÓN', 'direccion': 'POLIGONO POLÍGONO INDUSTRIAL P.I.B.O. - PARC. 295 Y 296, 295', 'lat': 37.350444, 'lon': -6.138417, 'grupo': 'GALP', 'nifEmpresa': 'A28559573'}","[{'producto': 'Gasolina 95 E5', 'litros': 47.84, 'precioUnitario': 1.529, 'importe': 73.15}]",60.45,12.7,73.15,EUR,Factura simplificada
T-DADBEB7E3294,EMP003,Transporte_03 S.L.,EMP003-U001,2025-07-05,20:35:31,Tarjeta de empresa,"{'id': '2787', 'nombre': 'CEPSA', 'provincia': 'BURGOS', 'municipio': 'MILAGROS', 'direccion': 'AUTOVIA A-1 KM. 149,3', 'lat': 41.593833, 'lon': -3.697222, 'grupo': 'CEPSA', 'nifEmpresa': 'A28003119'}","[{'producto': 'Gasóleo A', 'litros': 27.97, 'precioUnitario': 1.456, 'importe': 40.72}]",33.65,7.07,40.72,EUR,Factura simplificada
T-F023A953AE30,EMP003,Transporte_03 S.L.,EMP003-U001,2025-07-23,06:47:46,Tarjeta de empresa,"{'id': '8412', 'nombre': 'PETRONOR', 'provincia': 'OURENSE', 'municipio': 'CUALEDRO', 'direccion': 'CARRETERA CARRETERA DE XINZO KM. 12,900', 'lat': 41.988722, 'lon': -7.603278, 'grupo': 'PETRONOR', 'nifEmpresa': 'U10158194'}","[{'producto': 'Gasóleo Premium', 'litros': 28.18, 'precioUnitario': 1.56, 'importe': 43.96}]",36.33,7.63,43.96,EUR,Factura simplificada
T-0C664EDBA4BB,EMP003,Transporte_03 S.L.,EMP003-U001,2025-01-13,14:49:49,Tarjeta de empresa,"{'id': '3946', 'nombre': 'REPSOL', 'provincia': 'CÓRDOBA', 'municipio': 'CARLOTA (LA)', 'direccion': 'AVENIDA CARLOS III, 139', 'lat': 37.665, 'lon': -4.942722, 'grupo': 'REPSOL', 'nifEmpresa': 'A78374725'}","[{'producto': 'Gasóleo A', 'litros': 61.27, 'precioUnitario': 1.447, 'importe': 88.66}]",73.27,15.39,88.66,EUR,Factura simplificada
T-2D85CC110778,EMP003,Transporte_03 S.L.,EMP003-U001,2025-04-20,09:20:57,Tarjeta de empresa,"{'id': '6018', 'nombre': 'REPSOL', 'provincia': 'LEÓN', 'municipio': 'PONFERRADA', 'direccion': 'CALLE AVDA. DE LOS ESCRITORES, SN', 'lat': 42.549333, 'lon': -6.606694, 'grupo': 'REPSOL', 'nifEmpresa': 'A78374725'}","[{'producto': 'Gasóleo Premium', 'litros': 64.72, 'precioUnitario': 1.504, 'importe': 97.34}]",80.45,16.89,97.34,EUR,Factura simplificada
T-335515F3D723,EMP003,Transporte_03 S.L.,EMP003-U001,2025-01-30,01:07:34,Tarjeta de empresa,"{'id': '1358', 'nombre': 'PLENERGY', 'provincia': 'BADAJOZ', 'municipio': 'DON BENITO', 'direccion': 'AVENIDA MADRID DE, 23', 'lat': 38.964278, 'lon': -5.857028, 'grupo': 'PLENERGY', 'nifEmpresa': 'D22444723'}","[{'producto': 'Gasolina 98 E5', 'litros': 27.33, 'precioUnitario': 1.7, 'importe': 46.46}]",38.4,8.06,46.46,EUR,Factura simplificada
T-0592D15261ED,EMP003,Transporte_03 S.L.,EMP003-U001,2025-07-02,09:19:00,Tarjeta de empresa,"{'id': '10894', 'nombre': 'BP CHIVA', 'provincia': 'VALENCIA / VALÈNCIA', 'municipio': 'CHIVA', 'direccion': 'CALLE PROYECTO, 4', 'lat': 39.469889, 'lon': -0.7085, 'grupo': 'BP CHIVA', 'nifEmpresa': 'A71543797'}","[{'producto': 'Gasolina 95 E5', 'litros': 38.99, 'precioUnitario': 1.498, 'importe': 58.41}]",48.27,10.14,58.41,EUR,Factura simplificada
T-59EFB23AA296,EMP003,Transporte_03 S.L.,EMP003-U001,2025-01-13,20:58:13,Tarjeta de empresa,"{'id': '8476', 'nombre': 'REPSOL', 'provincia': 'PALENCIA', 'municipio': 'AGUILAR DE CAMPOO', 'direccion': 'AUTOVIA A-67 KM. 116,600', 'lat': 42.86725, 'lon': -4.154528, 'grupo': 'REPSOL', 'nifEmpresa': 'A78374725'}","[{'producto': 'Gasolina 98 E5', 'litros': 57.22, 'precioUnitario': 1.652, 'importe': 94.53}]",78.12,16.41,94.53,EUR,Factura simplificada
T-8DA387FB12EA,EMP003,Transporte_03 S.L.,EMP003-U001,2025-02-01,00:24:48,Tarjeta de empresa,"{'id': '8552', 'nombre': 'DISA AGUIMES', 'provincia': 'PALMAS (LAS)', 'municipio': 'AGÜIMES', 'direccion': 'CALLE JUAN ALVARADO Y SANZ, 79', 'lat': 27.904056, 'lon': -15.444806, 'grupo': 'DISA AGUIMES', 'nifEmpresa': 'E65756926'}","[{'producto': 'Gasolina 95 E5', 'litros': 36.14, 'precioUnitario': 1.533, 'importe': 55.4}]",45.79,9.61,55.4,EUR,Factura simplificada
T-1FAFBE6008F1,EMP003,Transporte_03 S.L.,EMP003-U002,2025-02-23,15:18:24,Efectivo,"{'id': '4055', 'nombre': 'CARREFOUR', 'provincia': 'CÓRDOBA', 'municipio': 'LUCENA', 'direccion': 'POLIGONO LOS POLVILLARES PLAN PARCIAL, 1', 'lat': 37.40375, 'lon': -4.500306, 'grupo': 'CARREFOUR', 'nifEmpresa': 'W7526547J'}","[{'producto': 'Gasóleo A', 'litros': 36.73, 'precioUnitario': 1.447, 'importe': 53.15}]",43.93,9.22,53.15,EUR,Factura simplificada
T-B4585DAB50C9,EMP003,Transporte_03 S.L.,EMP003-U002,2025-06-29,15:30:18,Tarjeta de empresa,"{'id': '11034', 'nombre': 'REPSOL', 'provincia': 'VALENCIA / VALÈNCIA', 'municipio': 'ONTINYENT', 'direccion': 'AVENIDA VALENCIA, 3', 'lat': 38.828, 'lon': -0.605667, 'grupo': 'REPSOL', 'nifEmpresa': 'A78374725'}","[{'producto': 'Gasolina 98 E5', 'litros': 33.08, 'precioUnitario': 1.718, 'importe': 56.83}]",46.97,9.86,56.83,EUR,Factura simplificada
T-948E38977B02,EMP003,Transporte_03 S.L.,EMP003-U002,2025-03-17,03:49:26,Efectivo,"{'id': '5833', 'nombre': 'REPSOL', 'provincia': 'JAÉN', 'municipio': 'MANCHA REAL', 'direccion': 'AVENIDA TORRES, S/N', 'lat': 37.783889, 'lon': -3.600111, 'grupo': 'REPSOL', 'nifEmpresa': 'A78374725'}","[{'producto': 'Gasóleo Premium', 'litros': 41.01, 'precioUnitario': 1.565, 'importe': 64.18}]",53.04,11.14,64.18,EUR,Factura simplificada
T-1F5A8AD28608,EMP003,Transporte_03 S.L.,EMP003-U002,2025-04-22,09:39:28,Tarjeta de empresa,"{'id': '317', 'nombre': 'COOPERATIVA SAN CRISTOBAL', 'provincia': 'ALICANTE', 'municipio': 'CAÑADA', 'direccion': 'CALLE BIAR, 1', 'lat': 38.675278, 'lon': -0.804917, 'grupo': 'COOPERATIVA SAN CRISTOBAL', 'nifEmpresa': 'J07374168'}","[{'producto': 'Gasolina 98 E5', 'litros': 13.82, 'precioUnitario': 1.728, 'importe': 23.88}]",19.74,4.14,23.88,EUR,Factura simplificada
T-F946F5256C82,EMP003,Transporte_03 S.L.,EMP003-U002,2025-05-27,22:30:35,Tarjeta de empresa,"{'id': '1254', 'nombre': 'LA SOLEDAD', 'provincia': 'BADAJOZ', 'municipio': 'ACEUCHAL', 'direccion': 'CALLE PADRON DE SAN ANTONIO, S/N', 'lat': 38.643611, 'lon': -6.4955, 'grupo': 'LA SOLEDAD', 'nifEmpresa': 'N2661797G'}","[{'producto': 'Gasóleo Premium', 'litros': 44.43, 'precioUnitario': 1.533, 'importe': 68.11}]",56.29,11.82,68.11,EUR,Factura simplificada
T-D37BE2F01CEB,EMP003,Transporte_03 S.L.,EMP003-U002,2025-03-31,14:16:11,Efectivo,"{'id': '940', 'nombre': 'PETRONOR', 'provincia': 'ASTURIAS', 'municipio': 'ALLANDE', 'direccion': 'CL AVENIDA DE GALICIA, 44', 'lat': 43.271667, 'lon': -6.614222, 'grupo': 'PETRONOR', 'nifEmpresa': 'U80589112'}","[{'producto': 'Gasóleo Premium', 'litros': 71.94, 'precioUnitario': 1.558, 'importe': 112.08}]",92.63,19.45,112.08,EUR,Factura simplificada
T-E401FD64A904,EMP003,Transporte_03 S.L.,EMP003-U002,2025-03-07,17:03:59,Tarjeta de empresa,"{'id': '2580', 'nombre': 'PETRONOR', 'provincia': 'BIZKAIA', 'municipio': 'ARRIGORRIAGA', 'direccion': 'AU AP-68, 6', 'lat': 43.190194, 'lon': -2.897389, 'grupo': 'PETRONOR', 'nifEmpresa': 'E09656109'}","[{'producto': 'Gasolina 98 E5', 'litros': 19.6, 'precioUnitario': 1.713, 'importe': 33.57}]",27.74,5.83,33.57,EUR,Factura simplificada
T-F70F5B58B9F3,EMP003,Transporte_03 S.L.,EMP003-U002,2025-05-13,19:11:33,Tarjeta de empresa,"{'id': '6543', 'nombre': 'BP LA FALUA', 'provincia': 'MADRID', 'municipio': 'ARANJUEZ', 'direccion': 'CARRETERA M-305 KM. 5', 'lat': 40.072083, 'lon': -3.6085, 'grupo': 'BP LA FALUA', 'nifEmpresa': 'Q8993756I'}","[{'producto': 'Gasolina 95 E5', 'litros': 57.45, 'precioUnitario': 1.541, 'importe': 88.53}]",73.17,15.36,88.53,EUR,Factura simplificada
T-35D4BD9FCA1F,EMP003,Transporte_03 S.L.,EMP003-U002,2025-02-01,22:08:13,Tarjeta de empresa,"{'id': '4233', 'nombre': 'CEPSA', 'provincia': 'CORUÑA (A)', 'municipio': 'CERCEDA', 'direccion': 'RUA XAQUIN LORENZO, 28', 'lat': 43.159639, 'lon': -8.56675, 'grupo': 'CEPSA', 'nifEmpresa': 'A28003119'}","[{'producto': 'Gasóleo Premium', 'litros': 40.38, 'precioUnitario': 1.513, 'importe': 61.09}]",50.49,10.6,61.09,EUR,Factura simplificada
T-CB38CA6F3DB0,EMP003,Transporte_03 S.L.,EMP003-U002,2025-03-03,14:51:33,Tarjeta de empresa,"{'id': '11556', 'nombre': 'TEO', 'provincia': 'ZAMORA', 'municipio': 'QUIRUELAS DE VIDRIALES', 'direccion': 'CTRA RIO CHICO km S/N', 'lat': 42.009222, 'lon': -5.840944, 'grupo': 'TEO', 'nifEmpresa': 'X46112546'}","[{'producto': 'Gasolina 98 E5', 'litros': 25.18, 'precioUnitario': 1.684, 'importe': 42.4}]",35.04,7.36,42.4,EUR,Factura simplificada
T-7365FF53958C,EMP003,Transporte_03 S.L.,EMP003-U002,2025-02-15,20:23:46,Tarjeta de empresa,"{'id': '1042', 'nombre': 'DISMUSA MASYMAS', 'provincia': 'ASTURIAS', 'municipio': 'LANGREO', 'direccion': 'CALLE ALISEDA UMERAL POLG. IND. DE RIAÑO I, 1', 'lat': 43.322583, 'lon': -5.718667, 'grupo': 'DISMUSA MASYMAS', 'nifEmpresa': 'F57177511'}","[{'producto': 'Gasóleo A', 'litros': 48.46, 'precioUnitario': 1.476, 'importe': 71.53}]",59.12,12.41,71.53,EUR,Factura simplificada
T-B600A7226219,EMP003,Transporte_03 S.L.,EMP003-U002,2025-03-28,07:41:50,Tarjeta de empresa,"{'id': '3789', 'nombre': 'MOEVE', 'provincia': 'CIUDAD REAL', 'municipio': 'MEMBRILLA', 'direccion': 'AUTOVIA CARRETERA GENERAL DE ANDALUCIA KM. 178,800', 'lat': 38.957472, 'lon': -3.383194, 'grupo': 'MOEVE', 'nifEmpresa': 'A28003119'}","[{'producto': 'Gasóleo A', 'litros': 38.75, 'precioUnitario': 1.452, 'importe': 56.27}]",46.5,9.77,56.27,EUR,Factura simplificada
T-A8977DDB3C79,EMP003,Transporte_03 S.L.,EMP003-U002,2025-03-09,17:43:22,Tarjeta de empresa,"{'id': '3427', 'nombre': 'REPSOL', 'provincia': 'CANTABRIA', 'municipio': 'SANTILLANA DEL MAR', 'direccion': 'CARRETERA 6316 KM.2 KM. 2', 'lat': 43.378278, 'lon': -4.05975, 'grupo': 'REPSOL', 'nifEmpresa': 'A78374725'}","[{'producto': 'Gasolina 95 E5', 'litros': 52.38, 'precioUnitario': 1.55, 'importe': 81.19}]",67.1,14.09,81.19,EUR,Factura simplificada
T-3DF30C5A8E77,EMP003,Transporte_03 S.L.,EMP003-U002,2025-05-26,08:13:59,Tarjeta de empresa,"{'id': '11409', 'nombre': 'REPSOL', 'provincia': 'VALLADOLID', 'municipio': 'PEDROSA DEL REY', 'direccion': 'CARRETERA CR VP-6701 VILLAESTER-PEDROSA DEL REY KM. 1', 'lat': 41.51825, 'lon': -5.213694, 'grupo': 'REPSOL', 'nifEmpresa': 'A78374725'}","[{'producto': 'Gasolina 98 E5', 'litros': 41.58, 'precioUnitario': 1.704, 'importe': 70.85}]",58.55,12.3,70.85,EUR,Factura simplificada
T-FA1591B4E32F,EMP003,Transporte_03 S.L.,EMP003-U002,2025-01-20,21:19:09,Tarjeta de empresa,"{'id': '2848', 'nombre': 'REPSOL', 'provincia': 'CÁCERES', 'municipio': 'ALCUÉSCAR', 'direccion': 'CR N-630, 590,5', 'lat': 39.164306, 'lon': -6.264417, 'grupo': 'REPSOL', 'nifEmpresa': 'A78374725'}","[{'producto': 'Gasolina 98 E5', 'litros': 22.96, 'precioUnitario': 1.677, 'importe': 38.5}]",31.82,6.68,38.5,EUR,Factura simplificada
T-A2E969262D33,EMP003,Transporte_03 S.L.,EMP003-U002,2025-03-12,06:44:34,Tarjeta de empresa,"{'id': '9594', 'nombre': 'AREA DE SERVICIO LAS NIEVES *', 'provincia': 'SEVILLA', 'municipio': 'BENACAZÓN', 'direccion': 'CARRETERA A-473 KM. 2,800', 'lat': 37.362056, 'lon': -6.2005, 'grupo': 'AREA DE SERVICIO LAS NIEVES *', 'nifEmpresa': 'D22660930'}","[{'producto': 'Gasóleo Premium', 'litros': 60.42, 'precioUnitario': 1.58, 'importe': 95.46}]",78.89,16.57,95.46,EUR,Factura simplificada
T-B73372A5C274,EMP003,Transporte_03 S.L.,EMP003-U002,2025-03-24,15:07:14,Tarjeta de empresa,"{'id': '686', 'nombre': 'REPSOL', 'provincia': 'ALMERÍA', 'municipio': 'BENAHADUX', 'direccion': 'CARRERA A-92 KM.391, 40', 'lat': 36.924639, 'lon': -2.461556, 'grupo': 'REPSOL', 'nifEmpresa': 'A78374725'}","[{'producto': 'Gasóleo Premium', 'litros': 38.9, 'precioUnitario': 1.526, 'importe': 59.36}]",49.06,10.3,59.36,EUR,Factura simplificada
T-434A6D6C0C68,EMP003,Transporte_03 S.L.,EMP003-U002,2025-03-17,12:12:04,Tarjeta de empresa,"{'id': '6546', 'nombre': 'E.LECLERC', 'provincia': 'MADRID', 'municipio': 'ARANJUEZ', 'direccion': 'CALLE DE LAS MORERAS, 62', 'lat': 40.034306, 'lon': -3.58175, 'grupo': 'E.LECLERC', 'nifEmpresa': 'P9182553I'}","[{'producto': 'Gasolina 98 E5', 'litros': 21.41, 'precioUnitario': 1.734, 'importe': 37.12}]",30.68,6.44,37.12,EUR,Factura simplificada
T-D6C103F5DF0F,EMP003,Transporte_03 S.L.,EMP003-U002,2025-03-17,01:21:21,Tarjeta de empresa,"{'id': '960', 'nombre': 'ESC-PETROLEOS', 'provincia': 'ASTURIAS', 'municipio': 'CABRALES', 'direccion': 'CARRETERA AS-114 KM. 32,80', 'lat': 43.297944, 'lon': -4.795833, 'grupo': 'ESC-PETROLEOS', 'nifEmpresa': 'F85969699'}","[{'producto': 'Gasóleo Premium', 'litros': 29.53, 'precioUnitario': 1.57, 'importe': 46.36}]",38.31,8.05,46.36,EUR,Factura simplificada
T-DB1B6B007DA5,EMP003,Transporte_03 S.L.,EMP003-U002,2025-07-21,23:52:40,Tarjeta de empresa,"{'id': '6418', 'nombre': 'MOEVE', 'provincia': 'LUGO', 'municipio': 'SARRIA', 'direccion': 'RUA BENIGNO QUIROGA, 92', 'lat': 42.772417, 'lon': -7.414778, 'grupo': 'MOEVE', 'nifEmpresa': 'A28003119'}","[{'producto': 'Gasolina 95 E5', 'litros': 69.81, 'precioUnitario': 1.503, 'importe': 104.92}]",86.71,18.21,104.92,EUR,Factura simplificada
T-8685F0640D10,EMP003,Transporte_03 S.L.,EMP003-U002,2025-04-25,13:12:20,Tarjeta de empresa,"{'id': '3028', 'nombre': 'GARRUCHO', 'provincia': 'CÁDIZ', 'municipio': 'ARCOS DE LA FRONTERA', 'direccion': 'N 342 km 26.8', 'lat': 36.741389, 'lon': -5.854528, 'grupo': 'GARRUCHO', 'nifEmpresa': 'A99125130'}","[{'producto': 'Gasolina 98 E5', 'litros': 40.92, 'precioUnitario': 1.686, 'importe': 68.99}]",57.02,11.97,68.99,EUR,Factura simplificada
T-960805E9D8CC,EMP003,Transporte_03 S.L.,EMP003-U002,2025-01-01,03:47:04,Tarjeta de empresa,"{'id': '8322', 'nombre': 'PETROPRIX', 'provincia': 'NAVARRA', 'municipio': 'PAMPLONA/IRUÑA', 'direccion': 'CALLE E, 1', 'lat': 42.814806, 'lon': -1.684778, 'grupo': 'PETROPRIX', 'nifEmpresa': 'B23709892'}","[{'producto': 'Gasóleo A', 'litros': 46.48, 'precioUnitario': 1.405, 'importe': 65.3}]",53.97,11.33,65.3,EUR,Factura simplificada
T-D88B6A6729C3,EMP003,Transporte_03 S.L.,EMP003-U002,2025-07-29,17:37:42,Tarjeta de empresa,"{'id': '11132', 'nombre': 'GALP - AMERICAN PETROL ', 'provincia': 'VALENCIA / VALÈNCIA', 'municipio': 'REQUENA', 'direccion': 'CALLE TRANSPORTE, 9', 'lat': 39.505417, 'lon': -1.124583, 'grupo': 'GALP - AMERICAN PETROL ', 'nifEmpresa': 'Z96627823'}","[{'producto': 'Gasolina 98 E5', 'litros': 35.22, 'precioUnitario': 1.7, 'importe': 59.87}]",49.48,10.39,59.87,EUR,Factura simplificada
T-B610D5EAA982,EMP003,Transporte_03 S.L.,EMP003-U002,2025-04-03,22:49:47,Tarjeta de empresa,"{'id': '4552', 'nombre': 'PEDROGAS S.L. (JULIO CHARCO)', 'provincia': 'CUENCA', 'municipio': 'PEDROÑERAS (LAS)', 'direccion': 'CALLE JORGE MANRIQUE, 1', 'lat': 39.455389, 'lon': -2.681611, 'grupo': 'PEDROGAS S.L. (JULIO CHARCO)', 'nifEmpresa': 'C79050720'}","[{'producto': 'Gasolina 98 E5', 'litros': 58.39, 'precioUnitario': 1.695, 'importe': 98.97}]",81.79,17.18,98.97,EUR,Factura simplificada
T-260DD93C96AC,EMP003,Transporte_03 S.L.,EMP003-U002,2025-01-16,21:57:40,Efectivo,"{'id': '2069', 'nombre': 'BALLENOIL', 'provincia': 'BARCELONA', 'municipio': ""HOSPITALET DE LLOBREGAT (L')"", 'direccion': 'CALLE MIGUEL HERNANDEZ, 116', 'lat': 41.351139, 'lon': 2.120944, 'grupo': 'BALLENOIL', 'nifEmpresa': 'B65371171'}","[{'producto': 'Gasolina 98 E5', 'litros': 42.67, 'precioUnitario': 1.721, 'importe': 73.44}]",60.69,12.75,73.44,EUR,Factura simplificada
T-EB476D3B480A,EMP003,Transporte_03 S.L.,EMP003-U002,2025-01-28,17:46:20,Tarjeta de empresa,"{'id': '2437', 'nombre': 'CEPSA', 'provincia': 'BARCELONA', 'municipio': 'SANTA PERPÈTUA DE MOGODA', 'direccion': 'AUTOPISTA AP-7 KM. 144', 'lat': 41.526139, 'lon': 2.168083, 'grupo': 'CEPSA', 'nifEmpresa': 'A28003119'}","[{'producto': 'Gasóleo Premium', 'litros': 41.91, 'precioUnitario': 1.495, 'importe': 62.66}]",51.79,10.87,62.66,EUR,Factura simplificada
T-1CFCDD96C653,EMP003,Transporte_03 S.L.,EMP003-U002,2025-07-01,04:06:23,Tarjeta de empresa,"{'id': '9764', 'nombre': 'REPSOL', 'provincia': 'SEVILLA', 'municipio': 'LEBRIJA', 'direccion': 'CARRETERA A-471 SEVILLA-CHIPIONA KM. 27,900', 'lat': 36.927333, 'lon': -6.071222, 'grupo': 'REPSOL', 'nifEmpresa': 'A78374725'}","[{'producto': 'Gasóleo Premium', 'litros': 61.98, 'precioUnitario': 1.574, 'importe': 97.56}]",80.63,16.93,97.56,EUR,Factura simplificada
T-78107C74A132,EMP003,Transporte_03 S.L.,EMP003-U002,2025-02-06,18:04:31,Tarjeta de empresa,"{'id': '6089', 'nombre': 'VALCARCE', 'provincia': 'LEÓN', 'municipio': 'VILLADECANES', 'direccion': 'N-120 km 429', 'lat': 42.544639, 'lon': -6.782139, 'grupo': 'VALCARCE', 'nifEmpresa': 'B24028011'}","[{'producto': 'Gasolina 95 E5', 'litros': 25.01, 'precioUnitario': 1.517, 'importe': 37.94}]",31.36,6.58,37.94,EUR,Factura simplificada
T-F490D5F60591,EMP003,Transporte_03 S.L.,EMP003-U002,2025-07-08,23:02:10,Tarjeta de empresa,"{'id': '1130', 'nombre': 'LAS PALMERAS', 'provincia': 'ASTURIAS', 'municipio': 'SIERO', 'direccion': 'CARRETERA AS-249 KM. 8,5', 'lat': 43.346583, 'lon': -5.627472, 'grupo': 'LAS PALMERAS', 'nifEmpresa': 'Y79788196'}","[{'producto': 'Gasolina 95 E5', 'litros': 39.23, 'precioUnitario': 1.557, 'importe': 61.08}]",50.48,10.6,61.08,EUR,Factura simplificada
T-8450D97A1DFF,EMP003,Transporte_03 S.L.,EMP003-U002,2025-02-15,17:45:46,Tarjeta de empresa,"{'id': '1462', 'nombre': 'NTRA SRA DE BELEN ', 'provincia': 'BADAJOZ', 'municipio': 'PUEBLA DE SANCHO PÉREZ', 'direccion': 'CALLE CRUZ VERDE, 9', 'lat': 38.394222, 'lon': -6.393889, 'grupo': 'NTRA SRA DE BELEN ', 'nifEmpresa': 'B80783616'}","[{'producto': 'Gasolina 95 E5', 'litros': 34.66, 'precioUnitario': 1.525, 'importe': 52.86}]",43.69,9.17,52.86,EUR,Factura simplificada
T-36AD2ACEF4A3,EMP003,Transporte_03 S.L.,EMP003-U002,2025-05-02,13:37:39,Efectivo,"{'id': '5382', 'nombre': 'ASOCIACION LOCAL DE AGRICULTORES Y GANADEROS DE MARCHAMALO', 'provincia': 'GUADALAJARA', 'municipio': 'MARCHAMALO', 'direccion': 'CAMINO SAN MARTIN CTRA. FONTANAR', 'lat': 40.674528, 'lon': -3.209194, 'grupo': 'ASOCIACION LOCAL DE AGRICULTORES Y GANADEROS DE MARCHAMALO', 'nifEmpresa': 'S4517133G'}","[{'producto': 'Gasolina 98 E5', 'litros': 41.62, 'precioUnitario': 1.712, 'importe': 71.25}]",58.88,12.37,71.25,EUR,Factura simplificada
T-B8DCFFDF45C4,EMP003,Transporte_03 S.L.,EMP003-U002,2025-06-05,04:47:37,Tarjeta de empresa,"{'id': '8907', 'nombre': 'REPSOL', 'provincia': 'PONTEVEDRA', 'municipio': 'PONTEVEDRA', 'direccion': 'CR N-550, 126,4', 'lat': 42.398417, 'lon': -8.636361, 'grupo': 'REPSOL', 'nifEmpresa': 'A78374725'}","[{'producto': 'Gasóleo A', 'litros': 28.51, 'precioUnitario': 1.47, 'importe': 41.91}]",34.64,7.27,41.91,EUR,Factura simplificada
T-62718F703F2A,EMP003,Transporte_03 S.L.,EMP003-U002,2025-03-28,03:28:12,Tarjeta de empresa,"{'id': '8020', 'nombre': 'REPSOL', 'provincia': 'MURCIA', 'municipio': 'MURCIA', 'direccion': 'AVENIDA JERONIMOS  EN  GUADALUPE, 160', 'lat': 37.995639, 'lon': -1.176611, 'grupo': 'REPSOL', 'nifEmpresa': 'A78374725'}","[{'producto': 'Gasóleo Premium', 'litros': 25.41, 'precioUnitario': 1.495, 'importe': 37.99}]",31.4,6.59,37.99,EUR,Factura simplificada
T-C99FFCBD22C2,EMP003,Transporte_03 S.L.,EMP003-U002,2025-02-16,12:03:31,Tarjeta de empresa,"{'id': '8296', 'nombre': 'AVIA', 'provincia': 'NAVARRA', 'municipio': 'MENDAZA', 'direccion': 'CARRETERA NA-132-A km 19', 'lat': 42.666917, 'lon': -2.252397, 'grupo': 'AVIA', 'nifEmpresa': 'A20072070'}","[{'producto': 'Gasolina 98 E5', 'litros': 33.03, 'precioUnitario': 1.688, 'importe': 55.75}]",46.07,9.68,55.75,EUR,Factura simplificada
T-C579B44B9D70,EMP003,Transporte_03 S.L.,EMP003-U002,2025-01-22,02:33:36,Tarjeta de empresa,"{'id': '6528', 'nombre': 'REPSOL URTINSA 365', 'provincia': 'MADRID', 'municipio': 'ALCORCÓN', 'direccion': 'CALLE EBANISTAS,, 2', 'lat': 40.342167, 'lon': -3.805333, 'grupo': 'REPSOL URTINSA 365', 'nifEmpresa': 'Y54494810'}","[{'producto': 'Gasóleo A', 'litros': 42.43, 'precioUnitario': 1.45, 'importe': 61.52}]",50.84,10.68,61.52,EUR,Factura simplificada
T-FD68D6B9958D,EMP003,Transporte_03 S.L.,EMP003-U002,2025-01-08,10:33:49,Tarjeta de empresa,"{'id': '10328', 'nombre': 'COOP. CODOÑERA', 'provincia': 'TERUEL', 'municipio': 'CODOÑERA (LA)', 'direccion': 'AVDA. ISIDORO CELMA, I', 'lat': 40.935561, 'lon': -0.086346, 'grupo': 'COOP. CODOÑERA', 'nifEmpresa': 'H42232538'}","[{'producto': 'Gasolina 98 E5', 'litros': 15.07, 'precioUnitario': 1.708, 'importe': 25.74}]",21.27,4.47,25.74,EUR,Factura simplificada
T-089A2B46ED9B,EMP003,Transporte_03 S.L.,EMP003-U002,2025-02-02,07:16:51,Tarjeta de empresa,"{'id': '9172', 'nombre': 'CEPSA', 'provincia': 'SALAMANCA', 'municipio': 'PEDROSILLO EL RALO', 'direccion': 'AUTOVIA A-62 KM. 225', 'lat': 41.057444, 'lon': -5.543917, 'grupo': 'CEPSA', 'nifEmpresa': 'A28003119'}","[{'producto': 'Gasóleo Premium', 'litros': 54.24, 'precioUnitario': 1.585, 'importe': 85.97}]",71.05,14.92,85.97,EUR,Factura simplificada
T-9316D3EBD649,EMP003,Transporte_03 S.L.,EMP003-U002,2025-07-05,09:31:43,Tarjeta de empresa,"{'id': '9821', 'nombre': 'MOEVE', 'provincia': 'SEVILLA', 'municipio': 'OSUNA', 'direccion': 'POLIGONO C/GUARNICIONEROS, 18,19', 'lat': 37.245472, 'lon': -5.109056, 'grupo': 'MOEVE', 'nifEmpresa': 'A28003119'}","[{'producto': 'Gasóleo A', 'litros': 29.45, 'precioUnitario': 1.428, 'importe': 42.05}]",34.75,7.3,42.05,EUR,Factura simplificada
T-7F8ECC89260F,EMP003,Transporte_03 S.L.,EMP003-U002,2025-01-19,02:35:37,Efectivo,"{'id': '11598', 'nombre': 'REPSOL', 'provincia': 'ZARAGOZA', 'municipio': 'AGÓN', 'direccion': 'CARRETERA N-122 KM. 53,5', 'lat': 41.840056, 'lon': -1.419444, 'grupo': 'REPSOL', 'nifEmpresa': 'A78374725'}","[{'producto': 'Gasolina 95 E5', 'litros': 52.2, 'precioUnitario': 1.539, 'importe': 80.34}]",66.4,13.94,80.34,EUR,Factura simplificada
T-6C7DFBB5C542,EMP003,Transporte_03 S.L.,EMP003-U002,2025-05-12,23:09:19,Tarjeta de empresa,"{'id': '5947', 'nombre': 'CAMPSA', 'provincia': 'LEÓN', 'municipio': 'ARDÓN', 'direccion': 'CARRETERA N-630 KM. 161,500', 'lat': 42.462444, 'lon': -5.579694, 'grupo': 'CAMPSA', 'nifEmpresa': 'B77590172'}","[{'producto': 'Gasolina 95 E5', 'litros': 64.81, 'precioUnitario': 1.534, 'importe': 99.42}]",82.17,17.25,99.42,EUR,Factura simplificada
T-544A5072DA77,EMP003,Transporte_03 S.L.,EMP003-U002,2025-07-04,05:26:32,Tarjeta de empresa,"{'id': '8157', 'nombre': 'REPSOL', 'provincia': 'NAVARRA', 'municipio': 'ARANGUREN', 'direccion': 'CARRETERA N-121 KM. 5', 'lat': 42.776111, 'lon': -1.634722, 'grupo': 'REPSOL', 'nifEmpresa': 'A78374725'}","[{'producto': 'Gasóleo A', 'litros': 64.2, 'precioUnitario': 1.427, 'importe': 91.61}]",75.71,15.9,91.61,EUR,Factura simplificada
T-4A955D129791,EMP003,Transporte_03 S.L.,EMP003-U002,2025-06-23,14:41:31,Tarjeta de empresa,"{'id': '3305', 'nombre': 'E.S. CARBURANTES DE ARNUERO S.L.', 'provincia': 'CANTABRIA', 'municipio': 'ARNUERO', 'direccion': 'CARRETERA CASTILLO SIETEVILLAS KM. S/N', 'lat': 43.459083, 'lon': -3.549028, 'grupo': 'E.S. CARBURANTES DE ARNUERO S.L.', 'nifEmpresa': 'W7454589H'}","[{'producto': 'Gasóleo Premium', 'litros': 38.4, 'precioUnitario': 1.509, 'importe': 57.95}]",47.89,10.06,57.95,EUR,Factura simplificada
T-1F2007A3F3B6,EMP003,Transporte_03 S.L.,EMP003-U002,2025-03-10,10:25:58,Tarjeta de empresa,"{'id': '7156', 'nombre': 'ALIARA ENERGÍA', 'provincia': 'MADRID', 'municipio': 'RIVAS-VACIAMADRID', 'direccion': 'AVENIDA DE LA TÉCNICA, 2', 'lat': 40.354583, 'lon': -3.55, 'grupo': 'ALIARA ENERGÍA', 'nifEmpresa': 'C00170126'}","[{'producto': 'Gasolina 98 E5', 'litros': 54.05, 'precioUnitario': 1.732, 'importe': 93.61}]",77.36,16.25,93.61,EUR,Factura simplificada
T-5F641B5DAD82,EMP003,Transporte_03 S.L.,EMP003-U002,2025-04-02,08:37:49,Efectivo,"{'id': '867', 'nombre': 'AVIA ', 'provincia': 'ARABA/ÁLAVA', 'municipio': 'ARTZINIEGA', 'direccion': 'AVENIDA GARAY, 23', 'lat': 43.123361, 'lon': -3.122528, 'grupo': 'AVIA ', 'nifEmpresa': 'A20072070'}","[{'producto': 'Gasóleo Premium', 'litros': 45.83, 'precioUnitario': 1.539, 'importe': 70.53}]",58.29,12.24,70.53,EUR,Factura simplificada
T-5D96BB176A92,EMP003,Transporte_03 S.L.,EMP003-U002,2025-02-01,11:19:46,Tarjeta de empresa,"{'id': '5610', 'nombre': 'BP AP2 FRAGA (MI)', 'provincia': 'HUESCA', 'municipio': 'FRAGA', 'direccion': 'AUTOPISTA AP-2 (MRG.IZDO.) KM. 119', 'lat': 41.497389, 'lon': 0.39475, 'grupo': 'BP AP2 FRAGA (MI)', 'nifEmpresa': 'Z42415414'}","[{'producto': 'Gasóleo Premium', 'litros': 40.24, 'precioUnitario': 1.558, 'importe': 62.69}]",51.81,10.88,62.69,EUR,Factura simplificada
T-36780368CC5B,EMP003,Transporte_03 S.L.,EMP003-U002,2025-04-02,11:57:55,Tarjeta de empresa,"{'id': '7242', 'nombre': 'SHELL', 'provincia': 'MADRID', 'municipio': 'TORREJÓN DE ARDOZ', 'direccion': 'AVENIDA DE LAS ESTACIONES, 2', 'lat': 40.446083, 'lon': -3.483278, 'grupo': 'SHELL', 'nifEmpresa': 'H64361108'}","[{'producto': 'Gasóleo A', 'litros': 58.16, 'precioUnitario': 1.466, 'importe': 85.26}]",70.46,14.8,85.26,EUR,Factura simplificada
T-86E3EB233250,EMP003,Transporte_03 S.L.,EMP003-U002,2025-06-24,21:58:52,Tarjeta de empresa,"{'id': '2925', 'nombre': 'SEDIMACAR, SL', 'provincia': 'CÁCERES', 'municipio': 'MIAJADAS', 'direccion': 'CARRETERA EX-106 KM. 2,50', 'lat': 39.141306, 'lon': -5.901833, 'grupo': 'SEDIMACAR, SL', 'nifEmpresa': 'R8700516A'}","[{'producto': 'Gasolina 98 E5', 'litros': 31.16, 'precioUnitario': 1.679, 'importe': 52.32}]",43.24,9.08,52.32,EUR,Factura simplificada
T-248FACEF6EFE,EMP003,Transporte_03 S.L.,EMP003-U002,2025-03-07,05:25:04,Tarjeta de empresa,"{'id': '8258', 'nombre': 'AN ENERGETICOS - FUNES', 'provincia': 'NAVARRA', 'municipio': 'FUNES', 'direccion': 'POLIGONO SARDILLA, S/N', 'lat': 42.308472, 'lon': -1.795139, 'grupo': 'AN ENERGETICOS - FUNES', 'nifEmpresa': 'P1155426H'}","[{'producto': 'Gasolina 98 E5', 'litros': 17.37, 'precioUnitario': 1.708, 'importe': 29.67}]",24.52,5.15,29.67,EUR,Factura simplificada
T-7C55C3E86F5A,EMP003,Transporte_03 S.L.,EMP003-U002,2025-02-11,03:55:38,Tarjeta de empresa,"{'id': '1355', 'nombre': 'CEPSA', 'provincia': 'BADAJOZ', 'municipio': 'DON BENITO', 'direccion': 'AVENIDA VEGAS ALTAS, 1', 'lat': 38.961167, 'lon': -5.851861, 'grupo': 'CEPSA', 'nifEmpresa': 'A28003119'}","[{'producto': 'Gasolina 98 E5', 'litros': 28.68, 'precioUnitario': 1.701, 'importe': 48.78}]",40.31,8.47,48.78,EUR,Factura simplificada
T-5E834B2A7521,EMP003,Transporte_03 S.L.,EMP003-U002,2025-06-25,12:39:31,Tarjeta de empresa,"{'id': '7091', 'nombre': 'PLENERGY', 'provincia': 'MADRID', 'municipio': 'NAVAS DEL REY', 'direccion': 'VÍA DE SANDRO PERTINI, 6', 'lat': 40.383361, 'lon': -4.241583, 'grupo': 'PLENERGY', 'nifEmpresa': 'Y75326975'}","[{'producto': 'Gasolina 95 E5', 'litros': 20.34, 'precioUnitario': 1.52, 'importe': 30.92}]",25.55,5.37,30.92,EUR,Factura simplificada
T-6B08DD40110B,EMP003,Transporte_03 S.L.,EMP003-U003,2025-03-07,00:04:10,Tarjeta de empresa,"{'id': '7241', 'nombre': 'BALLENOIL', 'provincia': 'MADRID', 'municipio': 'TORREJÓN DE ARDOZ', 'direccion': 'CALLE CIRCUNVALACIÓN, 64', 'lat': 40.452083, 'lon': -3.458444, 'grupo': 'BALLENOIL', 'nifEmpresa': 'B65371171'}","[{'producto': 'Gasolina 98 E5', 'litros': 26.25, 'precioUnitario': 1.707, 'importe': 44.81}]",37.03,7.78,44.81,EUR,Factura simplificada
T-68FF7AEFDC19,EMP003,Transporte_03 S.L.,EMP003-U003,2025-03-09,11:45:51,Tarjeta de empresa,"{'id': '4589', 'nombre': 'BEROIL', 'provincia': 'CUENCA', 'municipio': 'TÉBAR', 'direccion': 'AUTOVIA DISEMINADOS POLIGONO 511 PARCELA 39 KM. 386', 'lat': 39.485778, 'lon': -2.161972, 'grupo': 'BEROIL', 'nifEmpresa': 'U52341385'}","[{'producto': 'Gasolina 95 E5', 'litros': 26.2, 'precioUnitario': 1.548, 'importe': 40.56}]",33.52,7.04,40.56,EUR,Factura simplificada
T-F68E4C0E2DF6,EMP003,Transporte_03 S.L.,EMP003-U003,2025-03-27,02:09:34,Tarjeta de empresa,"{'id': '11492', 'nombre': 'LA ESTRELLA DE QATAR', 'provincia': 'VALLADOLID', 'municipio': 'VALLADOLID', 'direccion': 'CALLE SANTIAGO LOPEZ GONZALEZ, 17', 'lat': 41.628278, 'lon': -4.769028, 'grupo': 'LA ESTRELLA DE QATAR', 'nifEmpresa': 'A38983649'}","[{'producto': 'Gasóleo A', 'litros': 54.36, 'precioUnitario': 1.459, 'importe': 79.31}]",65.55,13.76,79.31,EUR,Factura simplificada
T-CD2DD2C55CDD,EMP003,Transporte_03 S.L.,EMP003-U003,2025-03-20,05:26:51,Tarjeta de empresa,"{'id': '5073', 'nombre': 'BP BAZA', 'provincia': 'GRANADA', 'municipio': 'BAZA', 'direccion': 'CARRETERA BENAMAUREL KM. S/N', 'lat': 37.504889, 'lon': -2.769194, 'grupo': 'BP BAZA', 'nifEmpresa': 'R7613791H'}","[{'producto': 'Gasolina 95 E5', 'litros': 62.38, 'precioUnitario': 1.525, 'importe': 95.13}]",78.62,16.51,95.13,EUR,Factura simplificada
T-24DE07FA1C42,EMP003,Transporte_03 S.L.,EMP003-U003,2025-04-26,21:09:17,Efectivo,"{'id': '6247', 'nombre': 'PETROLIS DE BARCELONA', 'provincia': 'LLEIDA', 'municipio': 'OLIUS', 'direccion': 'CTRA. MANRESA, C-55 km 77,50', 'lat': 41.984528, 'lon': 1.556083, 'grupo': 'PETROLIS DE BARCELONA', 'nifEmpresa': 'Z69658276'}","[{'producto': 'Gasolina 95 E5', 'litros': 39.17, 'precioUnitario': 1.487, 'importe': 58.25}]",48.14,10.11,58.25,EUR,Factura simplificada
T-F4CDF6A08143,EMP003,Transporte_03 S.L.,EMP003-U003,2025-06-04,03:51:35,Tarjeta de empresa,"{'id': '1954', 'nombre': 'ESCLATOIL', 'provincia': 'BARCELONA', 'municipio': 'CERDANYOLA DEL VALLÈS', 'direccion': 'CALLE SAN RAMON, 259', 'lat': 41.488167, 'lon': 2.129222, 'grupo': 'ESCLATOIL', 'nifEmpresa': 'N3006848J'}","[{'producto': 'Gasolina 95 E5', 'litros': 47.04, 'precioUnitario': 1.525, 'importe': 71.74}]",59.29,12.45,71.74,EUR,Factura simplificada
T-1A9C04275520,EMP003,Transporte_03 S.L.,EMP003-U003,2025-01-16,16:37:26,Tarjeta de empresa,"{'id': '9290', 'nombre': 'BP AEROPUERTO REINA SOFIA', 'provincia': 'SANTA CRUZ DE TENERIFE', 'municipio': 'GRANADILLA DE ABONA', 'direccion': 'CARRETERA ATOGO KM. 0,5', 'lat': 28.061056, 'lon': -16.576167, 'grupo': 'BP AEROPUERTO REINA SOFIA', 'nifEmpresa': 'J89241418'}","[{'producto': 'Gasóleo Premium', 'litros': 44.12, 'precioUnitario': 1.299, 'importe': 57.31}]",47.36,9.95,57.31,EUR,Factura simplificada
T-9122DD8F07B5,EMP003,Transporte_03 S.L.,EMP003-U003,2025-05-08,20:56:28,Tarjeta de empresa,"{'id': '3155', 'nombre': 'GALP', 'provincia': 'CÁDIZ', 'municipio': 'JEREZ DE LA FRONTERA', 'direccion': 'AVENIDA MEDINA SIDONIA, S/N', 'lat': 36.677167, 'lon': -6.123944, 'grupo': 'GALP', 'nifEmpresa': 'A28559573'}","[{'producto': 'Gasolina 98 E5', 'litros': 73.29, 'precioUnitario': 1.654, 'importe': 121.22}]",100.18,21.04,121.22,EUR,Factura simplificada
T-87BA18B29069,EMP003,Transporte_03 S.L.,EMP003-U003,2025-01-27,09:07:37,Tarjeta de empresa,"{'id': '6102', 'nombre': 'REPSOL', 'provincia': 'LEÓN', 'municipio': 'VILLAQUILAMBRE', 'direccion': 'CARRETERA SANTANDER KM. 4,02', 'lat': 42.622167, 'lon': -5.549667, 'grupo': 'REPSOL', 'nifEmpresa': 'A78374725'}","[{'producto': 'Gasóleo A', 'litros': 41.34, 'precioUnitario': 1.458, 'importe': 60.27}]",49.81,10.46,60.27,EUR,Factura simplificada
T-AEB52B6E9270,EMP003,Transporte_03 S.L.,EMP003-U003,2025-04-10,08:16:39,Tarjeta de empresa,"{'id': '10112', 'nombre': 'REPSOL', 'provincia': 'TARRAGONA', 'municipio': 'CORNUDELLA DE MONTSANT', 'direccion': 'CALLE COMPTE DE RIUS, S/N', 'lat': 41.263889, 'lon': 0.904917, 'grupo': 'REPSOL', 'nifEmpresa': 'A78374725'}","[{'producto': 'Gasolina 95 E5', 'litros': 38.13, 'precioUnitario': 1.51, 'importe': 57.58}]",47.59,9.99,57.58,EUR,Factura simplificada
T-8E8D84E59AC8,EMP003,Transporte_03 S.L.,EMP003-U003,2025-04-04,04:49:37,Tarjeta de empresa,"{'id': '5738', 'nombre': 'SDAD. COOP. AND. ACEITERA LA BEDMARENSE', 'provincia': 'JAÉN', 'municipio': 'BEDMAR Y GARCÍEZ', 'direccion': 'CALLE CORREHUELA, 38', 'lat': 37.830583, 'lon': -3.416111, 'grupo': 'SDAD. COOP. AND. ACEITERA LA BEDMARENSE', 'nifEmpresa': 'U17990425'}","[{'producto': 'Gasolina 98 E5', 'litros': 37.21, 'precioUnitario': 1.678, 'importe': 62.44}]",51.6,10.84,62.44,EUR,Factura simplificada
T-DC1DBD3A25D8,EMP003,Transporte_03 S.L.,EMP003-U003,2025-03-12,07:38:44,Tarjeta de empresa,"{'id': '5842', 'nombre': 'REPSOL', 'provincia': 'JAÉN', 'municipio': 'MARTOS', 'direccion': 'AVENIDA DE EUROPA, 1', 'lat': 37.71425, 'lon': -3.976917, 'grupo': 'REPSOL', 'nifEmpresa': 'A78374725'}","[{'producto': 'Gasolina 95 E5', 'litros': 44.43, 'precioUnitario': 1.496, 'importe': 66.47}]",54.93,11.54,66.47,EUR,Factura simplificada
T-269E65C472BC,EMP003,Transporte_03 S.L.,EMP003-U003,2025-06-06,09:19:18,Efectivo,"{'id': '800', 'nombre': 'REPSOL', 'provincia': 'ALMERÍA', 'municipio': 'RIOJA', 'direccion': 'CR A-92, 386', 'lat': 36.96075, 'lon': -2.466583, 'grupo': 'REPSOL', 'nifEmpresa': 'A78374725'}","[{'producto': 'Gasolina 95 E5', 'litros': 35.67, 'precioUnitario': 1.477, 'importe': 52.68}]",43.54,9.14,52.68,EUR,Factura simplificada
T-DC584B44F7A6,EMP003,Transporte_03 S.L.,EMP003-U003,2025-04-29,23:10:41,Tarjeta de empresa,"{'id': '9761', 'nombre': 'COOPERATIVA MARISMAS', 'provincia': 'SEVILLA', 'municipio': 'LEBRIJA', 'direccion': 'POLIGONO LAS MARISMAS PARCELA, 1023', 'lat': 36.947361, 'lon': -6.095639, 'grupo': 'COOPERATIVA MARISMAS', 'nifEmpresa': 'N1056481C'}","[{'producto': 'Gasóleo A', 'litros': 55.27, 'precioUnitario': 1.434, 'importe': 79.26}]",65.5,13.76,79.26,EUR,Factura simplificada
T-8EDB44AC5B3F,EMP003,Transporte_03 S.L.,EMP003-U003,2025-01-27,10:29:51,Tarjeta de empresa,"{'id': '2567', 'nombre': 'BP PLANAMAR', 'provincia': 'BARCELONA', 'municipio': 'VILASSAR DE MAR', 'direccion': 'CARRETERA NACIONAL II KM. 639,5', 'lat': 41.495722, 'lon': 2.379111, 'grupo': 'BP PLANAMAR', 'nifEmpresa': 'P7785079J'}","[{'producto': 'Gasóleo A', 'litros': 36.89, 'precioUnitario': 1.428, 'importe': 52.68}]",43.54,9.14,52.68,EUR,Factura simplificada
T-20D27EB21E20,EMP003,Transporte_03 S.L.,EMP003-U003,2025-02-03,03:38:02,Tarjeta de empresa,"{'id': '9019', 'nombre': 'REPSOL', 'provincia': 'PONTEVEDRA', 'municipio': 'VILAGARCÍA DE AROUSA', 'direccion': 'CL VALLE INCLAN, 8', 'lat': 42.59375, 'lon': -8.771389, 'grupo': 'REPSOL', 'nifEmpresa': 'A78374725'}","[{'producto': 'Gasolina 98 E5', 'litros': 46.44, 'precioUnitario': 1.694, 'importe': 78.67}]",65.02,13.65,78.67,EUR,Factura simplificada
T-807D76F7E24B,EMP003,Transporte_03 S.L.,EMP003-U003,2025-05-16,18:34:11,Tarjeta de empresa,"{'id': '6225', 'nombre': 'CAMPSA', 'provincia': 'LLEIDA', 'municipio': 'LLEIDA', 'direccion': 'CARRETERA DE HUESCA (N-240 km 101)', 'lat': 41.651778, 'lon': 0.551778, 'grupo': 'CAMPSA', 'nifEmpresa': 'X38000303'}","[{'producto': 'Gasolina 95 E5', 'litros': 35.75, 'precioUnitario': 1.486, 'importe': 53.12}]",43.9,9.22,53.12,EUR,Factura simplificada
T-11026FA9EC93,EMP003,Transporte_03 S.L.,EMP003-U003,2025-07-16,11:50:53,Efectivo,"{'id': '7869', 'nombre': 'EE.SS AGUADERAS', 'provincia': 'MURCIA', 'municipio': 'LORCA', 'direccion': 'CTRA. LORCA A PUNTAS DE CALNEGRE km 4.100', 'lat': 37.640111, 'lon': -1.614889, 'grupo': 'EE.SS AGUADERAS', 'nifEmpresa': 'Y08635369'}","[{'producto': 'Gasóleo Premium', 'litros': 33.2, 'precioUnitario': 1.469, 'importe': 48.77}]",40.31,8.46,48.77,EUR,Factura simplificada
T-8E97A3A23D1E,EMP003,Transporte_03 S.L.,EMP003-U003,2025-04-16,08:53:03,Tarjeta de empresa,"{'id': '3005', 'nombre': 'CAMPSA', 'provincia': 'CÁDIZ', 'municipio': 'ALCALÁ DEL VALLE', 'direccion': 'CR CA-455, 0,8', 'lat': 36.894722, 'lon': -5.163833, 'grupo': 'CAMPSA', 'nifEmpresa': 'B18023804'}","[{'producto': 'Gasóleo A', 'litros': 22.24, 'precioUnitario': 1.412, 'importe': 31.4}]",25.95,5.45,31.4,EUR,Factura simplificada
T-68BF6DC2ED93,EMP003,Transporte_03 S.L.,EMP003-U003,2025-03-27,14:36:20,Tarjeta de empresa,"{'id': '7995', 'nombre': 'FROET-GAS', 'provincia': 'MURCIA', 'municipio': 'MURCIA', 'direccion': 'AVENIDA FUENTE ALAMO, 1', 'lat': 37.945778, 'lon': -1.194639, 'grupo': 'FROET-GAS', 'nifEmpresa': 'A45187051'}","[{'producto': 'Gasóleo Premium', 'litros': 45.8, 'precioUnitario': 1.487, 'importe': 68.1}]",56.28,11.82,68.1,EUR,Factura simplificada
T-B9BC9E0ACCA1,EMP003,Transporte_03 S.L.,EMP003-U003,2025-04-04,04:33:09,Tarjeta de empresa,"{'id': '987', 'nombre': 'VALCARCE (GHC )', 'provincia': 'ASTURIAS', 'municipio': 'CORVERA DE ASTURIAS', 'direccion': 'CARRETERA AVILES - GIJON KM. 12,500', 'lat': 43.548472, 'lon': -5.856361, 'grupo': 'VALCARCE (GHC )', 'nifEmpresa': 'E37597382'}","[{'producto': 'Gasolina 98 E5', 'litros': 15.69, 'precioUnitario': 1.728, 'importe': 27.11}]",22.4,4.71,27.11,EUR,Factura simplificada
T-566D94FE81A9,EMP003,Transporte_03 S.L.,EMP003-U003,2025-06-04,04:24:37,Efectivo,"{'id': '5396', 'nombre': 'REPSOL', 'provincia': 'GUADALAJARA', 'municipio': 'SIGÜENZA', 'direccion': 'CR C-204, 19', 'lat': 41.065646, 'lon': -2.647839, 'grupo': 'REPSOL', 'nifEmpresa': 'A78374725'}","[{'producto': 'Gasolina 98 E5', 'litros': 25.27, 'precioUnitario': 1.707, 'importe': 43.14}]",35.65,7.49,43.14,EUR,Factura simplificada
T-0F70136E1909,EMP003,Transporte_03 S.L.,EMP003-U003,2025-07-31,17:17:07,Tarjeta de empresa,"{'id': '9654', 'nombre': 'CEPSA', 'provincia': 'SEVILLA', 'municipio': 'CAZALLA DE LA SIERRA', 'direccion': 'A-432 km 45,5', 'lat': 37.92225, 'lon': -5.763222, 'grupo': 'CEPSA', 'nifEmpresa': 'A28003119'}","[{'producto': 'Gasolina 95 E5', 'litros': 42.58, 'precioUnitario': 1.493, 'importe': 63.57}]",52.54,11.03,63.57,EUR,Factura simplificada
T-ECE2D7B2F669,EMP003,Transporte_03 S.L.,EMP003-U003,2025-02-18,19:34:32,Tarjeta de empresa,"{'id': '5009', 'nombre': 'PETROLIS INDEPENDENTS - PETRO7', 'provincia': 'GIRONA', 'municipio': 'TORROELLA DE MONTGRÍ', 'direccion': 'CAMI DEL MOLI, 1', 'lat': 42.037056, 'lon': 3.127361, 'grupo': 'PETROLIS INDEPENDENTS - PETRO7', 'nifEmpresa': 'D41383670'}","[{'producto': 'Gasolina 95 E5', 'litros': 58.03, 'precioUnitario': 1.557, 'importe': 90.35}]",74.67,15.68,90.35,EUR,Factura simplificada
T-B34193A5D397,EMP003,Transporte_03 S.L.,EMP003-U003,2025-03-20,13:12:46,Tarjeta de empresa,"{'id': '5101', 'nombre': 'SHELL', 'provincia': 'GRANADA', 'municipio': 'CHAUCHINA', 'direccion': 'CALLE 1, 5', 'lat': 37.19375, 'lon': -3.776917, 'grupo': 'SHELL', 'nifEmpresa': 'N1038657A'}","[{'producto': 'Gasolina 95 E5', 'litros': 54.91, 'precioUnitario': 1.528, 'importe': 83.9}]",69.34,14.56,83.9,EUR,Factura simplificada
T-2CFC88ABBBCC,EMP003,Transporte_03 S.L.,EMP003-U003,2025-03-17,16:46:19,Tarjeta de empresa,"{'id': '5782', 'nombre': 'REPSOL', 'provincia': 'JAÉN', 'municipio': 'HUELMA', 'direccion': 'CARRETERA CORDOBA ALMERIA KM. 158', 'lat': 37.647778, 'lon': -3.452778, 'grupo': 'REPSOL', 'nifEmpresa': 'A78374725'}","[{'producto': 'Gasolina 95 E5', 'litros': 16.91, 'precioUnitario': 1.513, 'importe': 25.58}]",21.14,4.44,25.58,EUR,Factura simplificada
T-12AD2B981160,EMP003,Transporte_03 S.L.,EMP003-U003,2025-03-24,20:04:22,Tarjeta de empresa,"{'id': '8053', 'nombre': 'PARKING DE CAMIONES', 'provincia': 'MURCIA', 'municipio': 'PUERTO LUMBRERAS', 'direccion': ' POL. IND. DESCANSO   PARKING DE CAMIONES, ', 'lat': 37.58425, 'lon': -1.783361, 'grupo': 'PARKING DE CAMIONES', 'nifEmpresa': 'U23445653'}","[{'producto': 'Gasóleo Premium', 'litros': 22.94, 'precioUnitario': 1.486, 'importe': 34.09}]",28.17,5.92,34.09,EUR,Factura simplificada
T-B327EA29AD8C,EMP003,Transporte_03 S.L.,EMP003-U003,2025-01-16,08:17:31,Tarjeta de empresa,"{'id': '8352', 'nombre': 'TIEBAS', 'provincia': 'NAVARRA', 'municipio': 'TIEBAS-MURUARTE DE RETA', 'direccion': 'NA121;CTRA FRANCIA km 11,3', 'lat': 42.717694, 'lon': -1.633556, 'grupo': 'TIEBAS', 'nifEmpresa': 'W2912127D'}","[{'producto': 'Gasóleo A', 'litros': 42.88, 'precioUnitario': 1.424, 'importe': 61.06}]",50.46,10.6,61.06,EUR,Factura simplificada
T-D2D7B8CE7DDA,EMP003,Transporte_03 S.L.,EMP003-U003,2025-02-15,21:33:02,Tarjeta de empresa,"{'id': '7760', 'nombre': 'REPSOL', 'provincia': 'MURCIA', 'municipio': 'CARTAGENA', 'direccion': 'CL PLAZA ESPAÑA, S.N.', 'lat': 37.605944, 'lon': -0.991944, 'grupo': 'REPSOL', 'nifEmpresa': 'A78374725'}","[{'producto': 'Gasóleo Premium', 'litros': 46.87, 'precioUnitario': 1.483, 'importe': 69.51}]",57.45,12.06,69.51,EUR,Factura simplificada
T-465E48BA5ABC,EMP003,Transporte_03 S.L.,EMP003-U003,2025-07-27,03:18:57,Tarjeta de empresa,"{'id': '6417', 'nombre': 'REPSOL', 'provincia': 'LUGO', 'municipio': 'SARRIA', 'direccion': 'CL MATIAS LOPEZ, 97', 'lat': 42.782667, 'lon': -7.415222, 'grupo': 'REPSOL', 'nifEmpresa': 'A78374725'}","[{'producto': 'Gasóleo A', 'litros': 34.22, 'precioUnitario': 1.476, 'importe': 50.51}]",41.74,8.77,50.51,EUR,Factura simplificada
T-2FF15F5CF7E7,EMP003,Transporte_03 S.L.,EMP003-U003,2025-01-30,18:38:30,Efectivo,"{'id': '8210', 'nombre': 'MOEVE', 'provincia': 'NAVARRA', 'municipio': 'CAPARROSO', 'direccion': 'CARRETERA NACIONAL 121 KM. 56', 'lat': 42.350722, 'lon': -1.650389, 'grupo': 'MOEVE', 'nifEmpresa': 'A28003119'}","[{'producto': 'Gasóleo A', 'litros': 31.47, 'precioUnitario': 1.441, 'importe': 45.35}]",37.48,7.87,45.35,EUR,Factura simplificada
T-12334B2557F0,EMP003,Transporte_03 S.L.,EMP003-U003,2025-07-11,01:57:27,Tarjeta de empresa,"{'id': '9512', 'nombre': 'REPSOL', 'provincia': 'SEGOVIA', 'municipio': 'PRADALES', 'direccion': 'CARRERA CARABIAS, 130', 'lat': 41.439806, 'lon': -3.678028, 'grupo': 'REPSOL', 'nifEmpresa': 'A78374725'}","[{'producto': 'Gasolina 95 E5', 'litros': 43.82, 'precioUnitario': 1.498, 'importe': 65.64}]",54.25,11.39,65.64,EUR,Factura simplificada
T-5C4817020588,EMP003,Transporte_03 S.L.,EMP003-U003,2025-04-30,03:14:52,Efectivo,"{'id': '4267', 'nombre': 'REPSOL', 'provincia': 'CORUÑA (A)', 'municipio': 'CORUÑA (A)', 'direccion': 'AVENIDA HABANA, S/N', 'lat': 43.368194, 'lon': -8.414722, 'grupo': 'REPSOL', 'nifEmpresa': 'A78374725'}","[{'producto': 'Gasolina 95 E5', 'litros': 58.57, 'precioUnitario': 1.492, 'importe': 87.39}]",72.22,15.17,87.39,EUR,Factura simplificada
T-53910A03FC2B,EMP003,Transporte_03 S.L.,EMP003-U003,2025-07-23,11:22:08,Tarjeta de empresa,"{'id': '1633', 'nombre': 'MOEVE', 'provincia': 'BALEARS (ILLES)', 'municipio': 'MANACOR', 'direccion': 'CARRETERA PM 402 KM. 9', 'lat': 39.561, 'lon': 3.263111, 'grupo': 'MOEVE', 'nifEmpresa': 'A28003119'}","[{'producto': 'Gasolina 98 E5', 'litros': 47.99, 'precioUnitario': 1.68, 'importe': 80.62}]",66.63,13.99,80.62,EUR,Factura simplificada
T-8C36C6E831CA,EMP003,Transporte_03 S.L.,EMP003-U003,2025-02-19,22:26:51,Tarjeta de empresa,"{'id': '6464', 'nombre': 'BP PUENTE ARCE', 'provincia': 'MADRID', 'municipio': 'ALCALÁ DE HENARES', 'direccion': 'CARRETERA M-300 KM. 26,4', 'lat': 40.472639, 'lon': -3.408, 'grupo': 'BP PUENTE ARCE', 'nifEmpresa': 'A42067884'}","[{'producto': 'Gasóleo A', 'litros': 46.0, 'precioUnitario': 1.442, 'importe': 66.33}]",54.82,11.51,66.33,EUR,Factura simplificada
T-070D39F730FB,EMP003,Transporte_03 S.L.,EMP003-U003,2025-05-02,19:27:57,Tarjeta de empresa,"{'id': '10596', 'nombre': 'PETRORECAS', 'provincia': 'TOLEDO', 'municipio': 'RECAS', 'direccion': 'CALLE DOCTOR CABAÑAS, 16', 'lat': 40.053028, 'lon': -3.986417, 'grupo': 'PETRORECAS', 'nifEmpresa': 'Z10032365'}","[{'producto': 'Gasolina 98 E5', 'litros': 26.59, 'precioUnitario': 1.67, 'importe': 44.41}]",36.7,7.71,44.41,EUR,Factura simplificada
T-A0639A5A7777,EMP003,Transporte_03 S.L.,EMP003-U003,2025-04-12,00:54:18,Efectivo,"{'id': '1734', 'nombre': 'BP  SANTA EULALIA - IBIZA', 'provincia': 'BALEARS (ILLES)', 'municipio': 'SANTA EULALIA DEL RÍO', 'direccion': 'AVENIDA SAN JAUME, 30', 'lat': 38.983528, 'lon': 1.531861, 'grupo': 'BP  SANTA EULALIA - IBIZA', 'nifEmpresa': 'P9941013F'}","[{'producto': 'Gasóleo A', 'litros': 60.75, 'precioUnitario': 1.437, 'importe': 87.3}]",72.15,15.15,87.3,EUR,Factura simplificada
T-D1ED8B71DF59,EMP003,Transporte_03 S.L.,EMP003-U003,2025-06-21,22:11:36,Tarjeta de empresa,"{'id': '9841', 'nombre': 'AGLA', 'provincia': 'SEVILLA', 'municipio': 'PARADAS', 'direccion': 'POLIGONO LOS ALBEROS VIAL 1, 21', 'lat': 37.288444, 'lon': -5.505083, 'grupo': 'AGLA', 'nifEmpresa': 'C10702967'}","[{'producto': 'Gasóleo Premium', 'litros': 35.5, 'precioUnitario': 1.577, 'importe': 55.98}]",46.26,9.72,55.98,EUR,Factura simplificada
T-86D74C32CE38,EMP003,Transporte_03 S.L.,EMP003-U003,2025-01-03,22:46:53,Tarjeta de empresa,"{'id': '1367', 'nombre': 'AGLA', 'provincia': 'BADAJOZ', 'municipio': 'FREGENAL DE LA SIERRA', 'direccion': 'CALLE MATADERO, 5', 'lat': 38.171917, 'lon': -6.651333, 'grupo': 'AGLA', 'nifEmpresa': 'U25324476'}","[{'producto': 'Gasóleo Premium', 'litros': 33.1, 'precioUnitario': 1.553, 'importe': 51.4}]",42.48,8.92,51.4,EUR,Factura simplificada
T-33E35A26AFB5,EMP003,Transporte_03 S.L.,EMP003-U003,2025-01-19,14:16:04,Tarjeta de empresa,"{'id': '7027', 'nombre': 'MOEVE', 'provincia': 'MADRID', 'municipio': 'MAJADAHONDA', 'direccion': 'CALLE SARASATE, 1', 'lat': 40.451, 'lon': -3.856806, 'grupo': 'MOEVE', 'nifEmpresa': 'A28003119'}","[{'producto': 'Gasolina 98 E5', 'litros': 71.2, 'precioUnitario': 1.732, 'importe': 123.32}]",101.92,21.4,123.32,EUR,Factura simplificada
T-462C6779F53E,EMP003,Transporte_03 S.L.,EMP003-U003,2025-05-07,04:31:17,Tarjeta de empresa,"{'id': '5241', 'nombre': 'E.S. CAMPSA', 'provincia': 'GRANADA', 'municipio': 'MOTRIL', 'direccion': 'CALLE AVENIDA ANDALUCIA, 11', 'lat': 36.74375, 'lon': -3.517472, 'grupo': 'E.S. CAMPSA', 'nifEmpresa': 'J70146261'}","[{'producto': 'Gasolina 98 E5', 'litros': 55.58, 'precioUnitario': 1.664, 'importe': 92.49}]",76.44,16.05,92.49,EUR,Factura simplificada
T-23CD2BDCA201,EMP003,Transporte_03 S.L.,EMP003-U003,2025-05-02,17:36:12,Tarjeta de empresa,"{'id': '5191', 'nombre': 'GALP', 'provincia': 'GRANADA', 'municipio': 'HUÉTOR TÁJAR', 'direccion': 'AUTOVIA A 92 KM. 200,2', 'lat': 37.179722, 'lon': -4.059278, 'grupo': 'GALP', 'nifEmpresa': 'A28559573'}","[{'producto': 'Gasolina 98 E5', 'litros': 55.96, 'precioUnitario': 1.663, 'importe': 93.06}]",76.91,16.15,93.06,EUR,Factura simplificada
T-32E91F7F90D4,EMP003,Transporte_03 S.L.,EMP003-U003,2025-01-19,08:35:48,Tarjeta de empresa,"{'id': '3470', 'nombre': 'BDMED', 'provincia': 'CASTELLÓN / CASTELLÓ', 'municipio': 'ALMAZORA/ALMASSORA', 'direccion': 'CALLE GUERRER IBERIC, 12', 'lat': 39.973667, 'lon': -0.133889, 'grupo': 'BDMED', 'nifEmpresa': 'G65787590'}","[{'producto': 'Gasolina 98 E5', 'litros': 48.66, 'precioUnitario': 1.681, 'importe': 81.8}]",67.6,14.2,81.8,EUR,Factura simplificada
T-6F40B9350CBA,EMP003,Transporte_03 S.L.,EMP003-U003,2025-03-29,15:26:01,Tarjeta de empresa,"{'id': '8257', 'nombre': 'PLENERGY', 'provincia': 'NAVARRA', 'municipio': 'FONTELLAS', 'direccion': 'CARRETERA A-68 KM. 99,82', 'lat': 42.024778, 'lon': -1.580333, 'grupo': 'PLENERGY', 'nifEmpresa': 'C93040780'}","[{'producto': 'Gasóleo A', 'litros': 32.25, 'precioUnitario': 1.41, 'importe': 45.47}]",37.58,7.89,45.47,EUR,Factura simplificada
T-3A28E1E09EF7,EMP003,Transporte_03 S.L.,EMP003-U003,2025-02-21,12:19:13,Efectivo,"{'id': '2729', 'nombre': 'BEROIL', 'provincia': 'BURGOS', 'municipio': 'BUNIEL', 'direccion': 'CARRETERA A 62 KM. 14', 'lat': 42.300722, 'lon': -3.835139, 'grupo': 'BEROIL', 'nifEmpresa': 'Y13348032'}","[{'producto': 'Gasóleo A', 'litros': 43.35, 'precioUnitario': 1.455, 'importe': 63.07}]",52.12,10.95,63.07,EUR,Factura simplificada
T-421120F7789A,EMP003,Transporte_03 S.L.,EMP003-U003,2025-01-01,21:49:05,Tarjeta de empresa,"{'id': '1862', 'nombre': 'REPSOL', 'provincia': 'BARCELONA', 'municipio': 'BARCELONA', 'direccion': 'PASEO VALLDAURA, 106', 'lat': 41.439306, 'lon': 2.161444, 'grupo': 'REPSOL', 'nifEmpresa': 'A78374725'}","[{'producto': 'Gasóleo Premium', 'litros': 27.17, 'precioUnitario': 1.51, 'importe': 41.03}]",33.91,7.12,41.03,EUR,Factura simplificada
T-6EB13665A488,EMP003,Transporte_03 S.L.,EMP003-U003,2025-05-13,04:09:58,Tarjeta de empresa,"{'id': '11773', 'nombre': 'CAMPO DE USED', 'provincia': 'ZARAGOZA', 'municipio': 'USED', 'direccion': 'CAMINO GALLOCANTA, S/N', 'lat': 41.051417, 'lon': -1.559222, 'grupo': 'CAMPO DE USED', 'nifEmpresa': 'B90599291'}","[{'producto': 'Gasolina 98 E5', 'litros': 52.32, 'precioUnitario': 1.717, 'importe': 89.83}]",74.24,15.59,89.83,EUR,Factura simplificada
T-6472D962E149,EMP003,Transporte_03 S.L.,EMP003-U003,2025-04-26,18:28:03,Tarjeta de empresa,"{'id': '10784', 'nombre': 'BP ALGEMESI II - LA CALANDRIA', 'provincia': 'VALENCIA / VALÈNCIA', 'municipio': 'ALGEMESÍ', 'direccion': 'AVENIDA PAIS VALENCIA, 144', 'lat': 39.19275, 'lon': -0.429611, 'grupo': 'BP ALGEMESI II - LA CALANDRIA', 'nifEmpresa': 'F84270107'}","[{'producto': 'Gasolina 98 E5', 'litros': 15.25, 'precioUnitario': 1.741, 'importe': 26.55}]",21.94,4.61,26.55,EUR,Factura simplificada
T-24235689921D,EMP003,Transporte_03 S.L.,EMP003-U003,2025-06-27,21:49:59,Tarjeta de empresa,"{'id': '9981', 'nombre': 'RED CAR OIL', 'provincia': 'SEVILLA', 'municipio': 'TOCINA', 'direccion': 'CALLE JOVELLANOS, 10', 'lat': 37.596639, 'lon': -5.737889, 'grupo': 'RED CAR OIL', 'nifEmpresa': 'F05932520'}","[{'producto': 'Gasolina 98 E5', 'litros': 46.4, 'precioUnitario': 1.698, 'importe': 78.79}]",65.12,13.67,78.79,EUR,Factura simplificada
T-992D39174800,EMP003,Transporte_03 S.L.,EMP003-U003,2025-06-13,22:26:52,Tarjeta de empresa,"{'id': '10487', 'nombre': 'PRADOGAS, S.COOP. DE C-LM', 'provincia': 'TOLEDO', 'municipio': 'GUADAMUR', 'direccion': 'CALLE CAMINO DE LA FABRICA, S/N', 'lat': 39.803778, 'lon': -4.142, 'grupo': 'PRADOGAS, S.COOP. DE C-LM', 'nifEmpresa': 'Z18515692'}","[{'producto': 'Gasóleo A', 'litros': 33.24, 'precioUnitario': 1.453, 'importe': 48.3}]",39.92,8.38,48.3,EUR,Factura simplificada
