tipoDocumento,concesionaria,autopista,fechaHora,categoriaVehiculo,importe,ivaIncluido,formaPago,referencia,idEmpresa,empresaNombre,idUsuario,provincia,tramo,entrada,salida
Peaje,Estatal,AP-7,2025-06-04 02:55:23,LIGEROS,"2,75 €",IVA incluido,Tarjeta de empresa,PASO-7361BC57,EMP001,Transporte_01 S.L.,EMP001-U1,ALICANTE,763 La Zenia Urbanizaciones – 786 Los Alcazares (Norte),763 La Zenia Urbanizaciones,786 Los Alcazares (Norte)
Peaje,Estatal,AP-7,2025-07-26 16:40:18,LIGEROS,"5,50 €",IVA incluido,Tarjeta de empresa,PASO-54792A7D,EMP001,Transporte_01 S.L.,EMP001-U1,ALICANTE,768 Campoamor-Urbanizaciones – 786 Los Alcazares (Norte),768 Campoamor-Urbanizaciones,786 Los Alcazares (Norte)
Peaje,Estatal,AP-53,2025-06-05 23:43:49,LIGEROS,"7,00 €",IVA incluido,Efectivo,PASO-A5591ACE,EMP001,Transporte_01 S.L.,EMP001-U1,PONTEVEDRA,Santiago – Lalín Oeste,Santiago,Lalín Oeste
Peaje,Estatal,AP-71,2025-01-25 03:40:33,LIGEROS,"1,60 €",IVA incluido,Tarjeta de empresa,PASO-CC1F0968,EMP001,Transporte_01 S.L.,EMP001-U1,LEÓN,Hospital de Órbigo – Astorga,Hospital de Órbigo,Astorga
Peaje,Estatal,AP-7,2025-07-06 20:17:49,LIGEROS,"2,75 €",IVA incluido,Efectivo,PASO-6680FC7B,EMP001,Transporte_01 S.L.,EMP001-U1,CÁDIZ,758 San Miguel de Salinas-Torrevieja – 768 Campoamor-Urbanizaciones,758 San Miguel de Salinas-Torrevieja,768 Campoamor-Urbanizaciones
Peaje,Estatal,AP-7,2025-05-24 12:56:23,LIGEROS,"2,75 €",IVA incluido,Tarjeta de empresa,PASO-C9A61841,EMP001,Transporte_01 S.L.,EMP001-U1,ALICANTE,754 Carretera San Miguel Benijofar – 794 Los Alcazares (Sur),754 Carretera San Miguel Benijofar,794 Los Alcazares (Sur)
Peaje,Estatal,AP-7,2025-05-12 13:56:57,LIGEROS,"2,75 €",IVA incluido,Efectivo,PASO-A738DD8F,EMP001,Transporte_01 S.L.,EMP001-U1,CÁDIZ,754 Carretera San Miguel Benijofar – 784 San Javier (Sur)-Acceso aeropuerto,754 Carretera San Miguel Benijofar,784 San Javier (Sur)-Acceso aeropuerto
Peaje,Estatal,AP-7,2025-07-11 04:30:40,LIGEROS,"5,50 €",IVA incluido,Tarjeta de empresa,PASO-9B9FDA14,EMP001,Transporte_01 S.L.,EMP001-U1,BARCELONA,775 Los Tárragas – 797 Torre del Negro,775 Los Tárragas,797 Torre del Negro
Peaje,Estatal,AP-7,2025-07-23 13:02:38,LIGEROS,"2,15 €",IVA incluido,Tarjeta de empresa,PASO-54EB96A5,EMP001,Transporte_01 S.L.,EMP001-U1,MÁLAGA,Acceso de San Pedro de Alcantara – ,Acceso de San Pedro de Alcantara,
Peaje,Estatal,AP-7,2025-06-25 06:50:49,LIGEROS,"5,50 €",IVA incluido,Tarjeta de empresa,PASO-2BC77B33,EMP001,Transporte_01 S.L.,EMP001-U1,TARRAGONA,763 La Zenia Urbanizaciones – 784 San Javier (Sur)-Acceso aeropuerto,763 La Zenia Urbanizaciones,784 San Javier (Sur)-Acceso aeropuerto
Peaje,Estatal,AP-7,2025-02-14 12:10:41,LIGEROS,"2,40 €",IVA incluido,Tarjeta de empresa,PASO-E3241DA8,EMP001,Transporte_01 S.L.,EMP001-U1,GIRONA,Troncal de Manilva – ,Troncal de Manilva,
Peaje,Estatal,AP-7,2025-05-01 13:04:50,LIGEROS,"2,15 €",IVA incluido,Tarjeta de empresa,PASO-816CD862,EMP001,Transporte_01 S.L.,EMP001-U1,BARCELONA,Acceso de San Pedro de Alcantara – ,Acceso de San Pedro de Alcantara,
Peaje,Estatal,AP-7,2025-06-28 13:50:19,LIGEROS,"2,75 €",IVA incluido,Tarjeta de empresa,PASO-E3E5707E,EMP001,Transporte_01 S.L.,EMP001-U1,VALENCIA / VALÈNCIA,784 San Javier (Sur)-Acceso aeropuerto – 790 Los Alcazares (Centro)-Torre Pacheco,784 San Javier (Sur)-Acceso aeropuerto,790 Los Alcazares (Centro)-Torre Pacheco
Peaje,Estatal,AP-7,2025-01-15 18:08:55,LIGEROS,"5,50 €",IVA incluido,Tarjeta de empresa,PASO-C268A172,EMP001,Transporte_01 S.L.,EMP001-U1,CASTELLÓN / CASTELLÓ,754 Carretera San Miguel Benijofar – 780 San Javier (Norte)-Sucina,754 Carretera San Miguel Benijofar,780 San Javier (Norte)-Sucina
Peaje,Estatal,AP-7,2025-03-24 07:48:34,LIGEROS,"2,75 €",IVA incluido,Efectivo,PASO-68A41C63,EMP001,Transporte_01 S.L.,EMP001-U1,ALICANTE,763 La Zenia Urbanizaciones – 774 San Pedro del Pinatar (Norte),763 La Zenia Urbanizaciones,774 San Pedro del Pinatar (Norte)
Peaje,Estatal,AP-7,2025-06-05 22:53:03,LIGEROS,"2,75 €",IVA incluido,Tarjeta de empresa,PASO-7777619E,EMP001,Transporte_01 S.L.,EMP001-U1,BARCELONA,754 Carretera San Miguel Benijofar – 784 San Javier (Sur)-Acceso aeropuerto,754 Carretera San Miguel Benijofar,784 San Javier (Sur)-Acceso aeropuerto
Peaje,Estatal,AP-6,2025-06-11 07:00:28,LIGEROS,"15,15 €",IVA incluido,Tarjeta de empresa,PASO-D853CB1D,EMP001,Transporte_01 S.L.,EMP001-U1,MADRID,Villalba – Adanero,Villalba,Adanero
Peaje,Estatal,AP-7,2025-07-27 13:08:00,LIGEROS,"2,75 €",IVA incluido,Efectivo,PASO-953254C7,EMP001,Transporte_01 S.L.,EMP001-U1,BARCELONA,724 Entronque A-7 – 754 Carretera San Miguel Benijofar,724 Entronque A-7,754 Carretera San Miguel Benijofar
Peaje,Estatal,AP-7,2025-03-06 02:23:08,LIGEROS,"5,50 €",IVA incluido,Tarjeta de empresa,PASO-6B0966C4,EMP001,Transporte_01 S.L.,EMP001-U1,VALENCIA / VALÈNCIA,754 Carretera San Miguel Benijofar – 780 San Javier (Norte)-Sucina,754 Carretera San Miguel Benijofar,780 San Javier (Norte)-Sucina
Peaje,Estatal,AP-61,2025-03-06 02:15:34,LIGEROS,"2,95 €",IVA incluido,Efectivo,PASO-2B89B8ED,EMP001,Transporte_01 S.L.,EMP001-U1,MADRID,San Rafael – Segovia,San Rafael,Segovia
Peaje,Estatal,AP-7,2025-07-01 00:21:44,LIGEROS,"2,75 €",IVA incluido,Tarjeta de empresa,PASO-310D35F9,EMP001,Transporte_01 S.L.,EMP001-U1,BARCELONA,754 Carretera San Miguel Benijofar – 786 Los Alcazares (Norte),754 Carretera San Miguel Benijofar,786 Los Alcazares (Norte)
Peaje,Estatal,AP-66,2025-04-17 06:38:57,LIGEROS,"9,95 €",IVA incluido,Tarjeta de empresa,PASO-C4D3BAB5,EMP001,Transporte_01 S.L.,EMP001-U1,ASTURIAS,Oblanca – León,Oblanca,León
Peaje,Estatal,AP-7,2025-06-24 21:28:53,LIGEROS,"2,75 €",IVA incluido,Tarjeta de empresa,PASO-517A47C1,EMP001,Transporte_01 S.L.,EMP001-U1,BARCELONA,763 La Zenia Urbanizaciones – 777 El Mirador-Colonia Ruiz de Alda,763 La Zenia Urbanizaciones,777 El Mirador-Colonia Ruiz de Alda
Peaje,Estatal,AP-7,2025-04-20 07:56:05,LIGEROS,"2,75 €",IVA incluido,Tarjeta de empresa,PASO-2D643DBC,EMP001,Transporte_01 S.L.,EMP001-U1,ALICANTE,724 Entronque A-7 – 754 Carretera San Miguel Benijofar,724 Entronque A-7,754 Carretera San Miguel Benijofar
Peaje,Estatal,AP-7,2025-03-14 13:03:59,LIGEROS,"2,75 €",IVA incluido,Tarjeta de empresa,PASO-543B2F55,EMP001,Transporte_01 S.L.,EMP001-U1,CASTELLÓN / CASTELLÓ,784 San Javier (Sur)-Acceso aeropuerto – 797 Torre del Negro,784 San Javier (Sur)-Acceso aeropuerto,797 Torre del Negro
Peaje,Estatal,AP-61,2025-02-22 01:47:01,LIGEROS,"2,95 €",IVA incluido,Tarjeta de empresa,PASO-A86C6717,EMP001,Transporte_01 S.L.,EMP001-U1,MADRID,San Rafael – El Hontoria,San Rafael,El Hontoria
Peaje,Estatal,AP-61,2025-02-23 18:17:17,LIGEROS,"2,95 €",IVA incluido,Tarjeta de empresa,PASO-BEDB03F2,EMP001,Transporte_01 S.L.,EMP001-U1,MADRID,San Rafael – El Hontoria,San Rafael,El Hontoria
Peaje,Estatal,AP-7,2025-06-08 03:23:09,LIGEROS,"2,75 €",IVA incluido,Efectivo,PASO-C558E806,EMP001,Transporte_01 S.L.,EMP001-U2,BARCELONA,754 Carretera San Miguel Benijofar – 784 San Javier (Sur)-Acceso aeropuerto,754 Carretera San Miguel Benijofar,784 San Javier (Sur)-Acceso aeropuerto
Peaje,Estatal,AP-68,2025-02-16 23:07:18,LIGEROS,"15,85 €",IVA incluido,Tarjeta de empresa,PASO-C06A1F0A,EMP001,Transporte_01 S.L.,EMP001-U2,ZARAGOZA,Lodosa – Zaragoza,Lodosa,Zaragoza
Peaje,Estatal,AP-9,2025-05-05 20:33:54,LIGEROS,"2,50 €",IVA incluido,Efectivo,PASO-C1162A09,EMP001,Transporte_01 S.L.,EMP001-U2,PONTEVEDRA,Cabanas – Guísamo,Cabanas,Guísamo
Peaje,Estatal,AP-7,2025-03-25 05:37:26,LIGEROS,"2,75 €",IVA incluido,Efectivo,PASO-6C2EA672,EMP001,Transporte_01 S.L.,EMP001-U2,VALENCIA / VALÈNCIA,758 San Miguel de Salinas-Torrevieja – 768 Campoamor-Urbanizaciones,758 San Miguel de Salinas-Torrevieja,768 Campoamor-Urbanizaciones
Peaje,Estatal,AP-7,2025-01-12 00:44:00,LIGEROS,"3,70 €",IVA incluido,Tarjeta de empresa,PASO-31964E9A,EMP001,Transporte_01 S.L.,EMP001-U2,ALICANTE,Marbella – Estepona,Marbella,Estepona
Peaje,Estatal,AP-7,2025-06-08 17:52:04,LIGEROS,"2,75 €",IVA incluido,Tarjeta de empresa,PASO-62A4B37E,EMP001,Transporte_01 S.L.,EMP001-U2,BARCELONA,Troncal de Los Montesinos – ,Troncal de Los Montesinos,
Peaje,Estatal,AP-7,2025-01-29 23:55:00,LIGEROS,"7,65 €",IVA incluido,Efectivo,PASO-AA962047,EMP001,Transporte_01 S.L.,EMP001-U2,ALICANTE,Málaga – San Pedro de Alcantara,Málaga,San Pedro de Alcantara
Peaje,Estatal,AP-7,2025-07-12 00:05:00,LIGEROS,"3,70 €",IVA incluido,Efectivo,PASO-7C4DB745,EMP001,Transporte_01 S.L.,EMP001-U2,CÁDIZ,Marbella – Estepona,Marbella,Estepona
Peaje,Estatal,AP-7,2025-01-14 10:52:53,LIGEROS,"2,75 €",IVA incluido,Tarjeta de empresa,PASO-97B6C59F,EMP001,Transporte_01 S.L.,EMP001-U2,BARCELONA,754 Carretera San Miguel Benijofar – 763 La Zenia Urbanizaciones,754 Carretera San Miguel Benijofar,763 La Zenia Urbanizaciones
Peaje,Estatal,AP-7,2025-05-19 07:34:13,LIGEROS,"2,40 €",IVA incluido,Tarjeta de empresa,PASO-92EEE44F,EMP001,Transporte_01 S.L.,EMP001-U2,ALICANTE,Estepona – Guadiaro,Estepona,Guadiaro
Peaje,Estatal,AP-61,2025-06-16 17:09:48,LIGEROS,"2,95 €",IVA incluido,Tarjeta de empresa,PASO-8C106D61,EMP001,Transporte_01 S.L.,EMP001-U2,MADRID,San Rafael – Segovia,San Rafael,Segovia
Peaje,Estatal,AP-61,2025-01-21 06:20:28,LIGEROS,"1,40 €",IVA incluido,Efectivo,PASO-B697A393,EMP001,Transporte_01 S.L.,EMP001-U2,MADRID,Conexión AP-6 (El Espinar) – Ortigosa,Conexión AP-6 (El Espinar),Ortigosa
Peaje,Estatal,AP-66,2025-07-23 14:46:19,LIGEROS,"9,95 €",IVA incluido,Efectivo,PASO-EC84623E,EMP001,Transporte_01 S.L.,EMP001-U2,LEÓN,Oblanca – León,Oblanca,León
Peaje,Estatal,AP-7,2025-07-24 07:22:45,LIGEROS,"0,00 €",IVA incluido,Tarjeta de empresa,PASO-C02AED09,EMP001,Transporte_01 S.L.,EMP001-U2,BARCELONA,754 Carretera San Miguel Benijofar – 758 San Miguel de Salinas-Torrevieja,754 Carretera San Miguel Benijofar,758 San Miguel de Salinas-Torrevieja
Peaje,Estatal,AP-66,2025-03-10 06:04:25,LIGEROS,"4,15 €",IVA incluido,Tarjeta de empresa,PASO-D7FE907A,EMP001,Transporte_01 S.L.,EMP001-U2,LEÓN,Oblanca – La Magdalena,Oblanca,La Magdalena
Peaje,Estatal,AP-7,2025-01-23 21:53:44,LIGEROS,"7,65 €",IVA incluido,Tarjeta de empresa,PASO-92361559,EMP001,Transporte_01 S.L.,EMP001-U2,VALENCIA / VALÈNCIA,Málaga – San Pedro de Alcantara,Málaga,San Pedro de Alcantara
Peaje,Estatal,AP-61,2025-06-30 16:01:16,LIGEROS,"1,40 €",IVA incluido,Tarjeta de empresa,PASO-4F299FC5,EMP001,Transporte_01 S.L.,EMP001-U2,MADRID,Conexión AP-6 (El Espinar) – Ortigosa,Conexión AP-6 (El Espinar),Ortigosa
Peaje,Estatal,AP-7,2025-06-04 11:26:56,LIGEROS,"5,50 €",IVA incluido,Tarjeta de empresa,PASO-E1F92116,EMP001,Transporte_01 S.L.,EMP001-U2,VALENCIA / VALÈNCIA,763 La Zenia Urbanizaciones – 784 San Javier (Sur)-Acceso aeropuerto,763 La Zenia Urbanizaciones,784 San Javier (Sur)-Acceso aeropuerto
Peaje,Estatal,AP-53,2025-04-20 23:32:58,LIGEROS,"5,15 €",IVA incluido,Tarjeta de empresa,PASO-C7507B49,EMP001,Transporte_01 S.L.,EMP001-U2,PONTEVEDRA,Ribadulla – Lalín Este,Ribadulla,Lalín Este
Peaje,Estatal,AP-7,2025-02-14 07:40:06,LIGEROS,"2,75 €",IVA incluido,Tarjeta de empresa,PASO-5DF71664,EMP001,Transporte_01 S.L.,EMP001-U2,MÁLAGA,754 Carretera San Miguel Benijofar – 770 El Pilar de la Horadada (Norte),754 Carretera San Miguel Benijofar,770 El Pilar de la Horadada (Norte)
Peaje,Estatal,AP-61,2025-07-25 05:07:37,LIGEROS,"0,80 €",IVA incluido,Efectivo,PASO-AF5A9778,EMP001,Transporte_01 S.L.,EMP001-U3,MADRID,Conexión AP-6 (El Espinar) – Otero de H.,Conexión AP-6 (El Espinar),Otero de H.
Peaje,Estatal,AP-7,2025-04-06 00:05:00,LIGEROS,"0,00 €",IVA incluido,Tarjeta de empresa,PASO-10BDA2B9,EMP001,Transporte_01 S.L.,EMP001-U3,BARCELONA,754 Carretera San Miguel Benijofar – 758 San Miguel de Salinas-Torrevieja,754 Carretera San Miguel Benijofar,758 San Miguel de Salinas-Torrevieja
Peaje,Estatal,AP-9,2025-06-04 03:59:19,LIGEROS,"1,70 €",IVA incluido,Tarjeta de empresa,PASO-6B63060A,EMP001,Transporte_01 S.L.,EMP001-U3,PONTEVEDRA,Curro – Pontevedra,Curro,Pontevedra
Peaje,Estatal,AP-7,2025-02-17 05:23:02,LIGEROS,"2,75 €",IVA incluido,Tarjeta de empresa,PASO-F0B82290,EMP001,Transporte_01 S.L.,EMP001-U3,BARCELONA,Troncal de La Zenia – ,Troncal de La Zenia,
Peaje,Estatal,AP-61,2025-04-22 21:21:59,LIGEROS,"2,15 €",IVA incluido,Tarjeta de empresa,PASO-73CB57A2,EMP001,Transporte_01 S.L.,EMP001-U3,SEGOVIA,Otero de Herreros – Segovia,Otero de Herreros,Segovia
Peaje,Estatal,AP-6,2025-07-21 08:55:31,LIGEROS,"15,15 €",IVA incluido,Tarjeta de empresa,PASO-CA5063C4,EMP001,Transporte_01 S.L.,EMP001-U3,MADRID,Villalba – Adanero,Villalba,Adanero
Peaje,Estatal,AP-61,2025-05-10 13:30:58,LIGEROS,"2,15 €",IVA incluido,Tarjeta de empresa,PASO-94EA68DB,EMP001,Transporte_01 S.L.,EMP001-U3,MADRID,Otero de Herreros – Hontoria,Otero de Herreros,Hontoria
Peaje,Estatal,AP-7,2025-06-28 20:55:18,LIGEROS,"2,75 €",IVA incluido,Tarjeta de empresa,PASO-0ACACBC7,EMP001,Transporte_01 S.L.,EMP001-U3,CÁDIZ,784 San Javier (Sur)-Acceso aeropuerto – 786 Los Alcazares (Norte),784 San Javier (Sur)-Acceso aeropuerto,786 Los Alcazares (Norte)
Peaje,Estatal,AP-7,2025-02-27 03:16:56,LIGEROS,"5,50 €",IVA incluido,Tarjeta de empresa,PASO-59D28454,EMP001,Transporte_01 S.L.,EMP001-U3,ALICANTE,770 El Pilar de la Horadada (Norte) – 790 Los Alcazares (Centro)-Torre Pacheco,770 El Pilar de la Horadada (Norte),790 Los Alcazares (Centro)-Torre Pacheco
Peaje,Estatal,AP-61,2025-06-10 06:27:33,LIGEROS,"0,90 €",IVA incluido,Efectivo,PASO-EDF5F368,EMP001,Transporte_01 S.L.,EMP001-U3,MADRID,San Rafael – Otero de Herreros,San Rafael,Otero de Herreros
Peaje,Estatal,AP-6,2025-04-10 13:09:03,LIGEROS,"4,50 €",IVA incluido,Tarjeta de empresa,PASO-7FD41412,EMP001,Transporte_01 S.L.,EMP001-U3,MADRID,Villacastín – Adanero,Villacastín,Adanero
Peaje,Estatal,AP-9,2025-04-14 18:56:36,LIGEROS,"1,10 €",IVA incluido,Efectivo,PASO-EBC2D5E1,EMP001,Transporte_01 S.L.,EMP001-U3,PONTEVEDRA,Fene – Cabanas,Fene,Cabanas
Peaje,Estatal,AP-61,2025-01-11 21:27:28,LIGEROS,"1,55 €",IVA incluido,Tarjeta de empresa,PASO-9DC121F6,EMP001,Transporte_01 S.L.,EMP001-U3,MADRID,Ortigosa del Monte – Segovia,Ortigosa del Monte,Segovia
Peaje,Estatal,AP-7,2025-04-15 00:05:00,LIGEROS,"2,75 €",IVA incluido,Tarjeta de empresa,PASO-57F4F19A,EMP001,Transporte_01 S.L.,EMP001-U3,ALICANTE,763 La Zenia Urbanizaciones – 784 San Javier (Sur)-Acceso aeropuerto,763 La Zenia Urbanizaciones,784 San Javier (Sur)-Acceso aeropuerto
Peaje,Estatal,AP-7,2025-06-14 13:47:08,LIGEROS,"2,75 €",IVA incluido,Tarjeta de empresa,PASO-79B8D562,EMP001,Transporte_01 S.L.,EMP001-U3,CASTELLÓN / CASTELLÓ,763 La Zenia Urbanizaciones – 782 Balsicas,763 La Zenia Urbanizaciones,782 Balsicas
Peaje,Estatal,AP-7,2025-05-01 13:08:23,LIGEROS,"2,75 €",IVA incluido,Tarjeta de empresa,PASO-352E1264,EMP001,Transporte_01 S.L.,EMP001-U3,BARCELONA,754 Carretera San Miguel Benijofar – 763 La Zenia Urbanizaciones,754 Carretera San Miguel Benijofar,763 La Zenia Urbanizaciones
Peaje,Estatal,AP-7,2025-01-31 11:27:25,LIGEROS,"2,75 €",IVA incluido,Efectivo,PASO-8B1A3584,EMP001,Transporte_01 S.L.,EMP001-U3,ALICANTE,763 La Zenia Urbanizaciones – 768 Campoamor-Urbanizaciones,763 La Zenia Urbanizaciones,768 Campoamor-Urbanizaciones
Peaje,Estatal,AP-61,2025-01-07 13:48:36,LIGEROS,"2,95 €",IVA incluido,Tarjeta de empresa,PASO-C9F80DE1,EMP001,Transporte_01 S.L.,EMP001-U3,MADRID,San Rafael – El Hontoria,San Rafael,El Hontoria
Peaje,Estatal,AP-7,2025-01-06 00:11:46,LIGEROS,"1,15 €",IVA incluido,Tarjeta de empresa,PASO-5755925F,EMP001,Transporte_01 S.L.,EMP001-U3,GIRONA,Manilva – Guadiaro,Manilva,Guadiaro
Peaje,Estatal,AP-6,2025-03-21 09:51:48,LIGEROS,"8,75 €",IVA incluido,Tarjeta de empresa,PASO-E08289A9,EMP001,Transporte_01 S.L.,EMP001-U4,MADRID,San Rafael – Adanero,San Rafael,Adanero
Peaje,Estatal,AP-7,2025-01-08 16:34:39,LIGEROS,"5,50 €",IVA incluido,Tarjeta de empresa,PASO-3C690337,EMP001,Transporte_01 S.L.,EMP001-U4,BARCELONA,733 Catral-Albatera – 763 La Zenia Urbanizaciones,733 Catral-Albatera,763 La Zenia Urbanizaciones
Peaje,Estatal,AP-7,2025-01-07 08:39:28,LIGEROS,"2,75 €",IVA incluido,Tarjeta de empresa,PASO-EA8EA9D2,EMP001,Transporte_01 S.L.,EMP001-U4,VALENCIA / VALÈNCIA,763 La Zenia Urbanizaciones – 797 Torre del Negro,763 La Zenia Urbanizaciones,797 Torre del Negro
Peaje,Estatal,AP-7,2025-06-19 15:46:37,LIGEROS,"2,75 €",IVA incluido,Tarjeta de empresa,PASO-13C44CB0,EMP001,Transporte_01 S.L.,EMP001-U4,BARCELONA,754 Carretera San Miguel Benijofar – 786 Los Alcazares (Norte),754 Carretera San Miguel Benijofar,786 Los Alcazares (Norte)
Peaje,Estatal,AP-7,2025-03-01 20:44:31,LIGEROS,"9,20 €",IVA incluido,Tarjeta de empresa,PASO-3EC73F94,EMP001,Transporte_01 S.L.,EMP001-U4,CÁDIZ,Málaga – Estepona,Málaga,Estepona
Peaje,Estatal,AP-61,2025-05-25 00:05:00,LIGEROS,"1,55 €",IVA incluido,Tarjeta de empresa,PASO-8B74CBDD,EMP001,Transporte_01 S.L.,EMP001-U4,MADRID,Ortigosa del Monte – Segovia,Ortigosa del Monte,Segovia
Peaje,Estatal,AP-7,2025-03-10 12:54:17,LIGEROS,"5,50 €",IVA incluido,Tarjeta de empresa,PASO-E47AC6F6,EMP001,Transporte_01 S.L.,EMP001-U4,VALENCIA / VALÈNCIA,751 Los Montesinos – 777 El Mirador-Colonia Ruiz de Alda,751 Los Montesinos,777 El Mirador-Colonia Ruiz de Alda
Peaje,Estatal,AP-7,2025-07-08 01:32:05,LIGEROS,"2,75 €",IVA incluido,Tarjeta de empresa,PASO-899E53A9,EMP001,Transporte_01 S.L.,EMP001-U4,BARCELONA,754 Carretera San Miguel Benijofar – 786 Los Alcazares (Norte),754 Carretera San Miguel Benijofar,786 Los Alcazares (Norte)
Peaje,Estatal,AP-61,2025-05-29 15:53:35,LIGEROS,"0,80 €",IVA incluido,Tarjeta de empresa,PASO-1CD3353B,EMP001,Transporte_01 S.L.,EMP001-U4,MADRID,Conexión AP-6 (El Espinar) – Otero de H.,Conexión AP-6 (El Espinar),Otero de H.
Peaje,Estatal,AP-7,2025-05-15 10:00:16,LIGEROS,"2,75 €",IVA incluido,Tarjeta de empresa,PASO-4815F962,EMP001,Transporte_01 S.L.,EMP001-U4,VALENCIA / VALÈNCIA,754 Carretera San Miguel Benijofar – 770 El Pilar de la Horadada (Norte),754 Carretera San Miguel Benijofar,770 El Pilar de la Horadada (Norte)
Peaje,Estatal,AP-61,2025-05-11 03:15:02,LIGEROS,"1,55 €",IVA incluido,Tarjeta de empresa,PASO-AEB52815,EMP001,Transporte_01 S.L.,EMP001-U4,MADRID,Ortigosa del Monte – Hontoria,Ortigosa del Monte,Hontoria
Peaje,Estatal,AP-7,2025-02-11 17:09:54,LIGEROS,"2,75 €",IVA incluido,Tarjeta de empresa,PASO-C0EAFEDE,EMP001,Transporte_01 S.L.,EMP001-U4,TARRAGONA,754 Carretera San Miguel Benijofar – 797 Torre del Negro,754 Carretera San Miguel Benijofar,797 Torre del Negro
Peaje,Estatal,AP-61,2025-06-14 13:58:05,LIGEROS,"2,85 €",IVA incluido,Tarjeta de empresa,PASO-842EAE81,EMP001,Transporte_01 S.L.,EMP001-U4,SEGOVIA,Conexión AP-6 (El Espinar) – Segovia,Conexión AP-6 (El Espinar),Segovia
Peaje,Estatal,AP-7,2025-03-11 20:26:00,LIGEROS,"2,75 €",IVA incluido,Tarjeta de empresa,PASO-C7BFCF5C,EMP001,Transporte_01 S.L.,EMP001-U4,BARCELONA,754 Carretera San Miguel Benijofar – 763 La Zenia Urbanizaciones,754 Carretera San Miguel Benijofar,763 La Zenia Urbanizaciones
Peaje,Estatal,AP-7,2025-04-04 03:23:54,LIGEROS,"2,75 €",IVA incluido,Efectivo,PASO-1D0E69BC,EMP001,Transporte_01 S.L.,EMP001-U4,MÁLAGA,754 Carretera San Miguel Benijofar – 768 Campoamor-Urbanizaciones,754 Carretera San Miguel Benijofar,768 Campoamor-Urbanizaciones
Peaje,Estatal,AP-7,2025-03-06 00:58:31,LIGEROS,"0,00 €",IVA incluido,Tarjeta de empresa,PASO-77BB3663,EMP001,Transporte_01 S.L.,EMP001-U4,CÁDIZ,754 Carretera San Miguel Benijofar – 758 San Miguel de Salinas-Torrevieja,754 Carretera San Miguel Benijofar,758 San Miguel de Salinas-Torrevieja
Peaje,Estatal,AP-7,2025-01-02 03:54:06,LIGEROS,"2,75 €",IVA incluido,Tarjeta de empresa,PASO-6D819636,EMP001,Transporte_01 S.L.,EMP001-U4,GIRONA,754 Carretera San Miguel Benijofar – 780 San Javier (Norte)-Sucina,754 Carretera San Miguel Benijofar,780 San Javier (Norte)-Sucina
Peaje,Estatal,AP-7,2025-05-29 19:09:30,LIGEROS,"2,75 €",IVA incluido,Tarjeta de empresa,PASO-B70AE01C,EMP001,Transporte_01 S.L.,EMP001-U4,BARCELONA,763 La Zenia Urbanizaciones – 800 Los Beatos-El Algar,763 La Zenia Urbanizaciones,800 Los Beatos-El Algar
Peaje,Estatal,AP-7,2025-06-23 15:44:11,LIGEROS,"2,75 €",IVA incluido,Tarjeta de empresa,PASO-A4F9251E,EMP001,Transporte_01 S.L.,EMP001-U4,CASTELLÓN / CASTELLÓ,758 San Miguel de Salinas-Torrevieja – 763 La Zenia Urbanizaciones,758 San Miguel de Salinas-Torrevieja,763 La Zenia Urbanizaciones
Peaje,Estatal,AP-7,2025-06-08 00:05:00,LIGEROS,"2,40 €",IVA incluido,Tarjeta de empresa,PASO-0EDD0F1E,EMP001,Transporte_01 S.L.,EMP001-U4,MÁLAGA,Estepona – Guadiaro,Estepona,Guadiaro
Peaje,Estatal,AP-7,2025-03-16 08:43:14,LIGEROS,"1,15 €",IVA incluido,Tarjeta de empresa,PASO-A815BB74,EMP001,Transporte_01 S.L.,EMP001-U4,ALICANTE,Acceso de Manilva – ,Acceso de Manilva,
Peaje,Estatal,AP-7,2025-05-20 17:58:14,LIGEROS,"2,75 €",IVA incluido,Tarjeta de empresa,PASO-77EB6187,EMP001,Transporte_01 S.L.,EMP001-U4,ALICANTE,763 La Zenia Urbanizaciones – 790 Los Alcazares (Centro)-Torre Pacheco,763 La Zenia Urbanizaciones,790 Los Alcazares (Centro)-Torre Pacheco
Peaje,Estatal,AP-7,2025-03-31 22:19:03,LIGEROS,"5,50 €",IVA incluido,Tarjeta de empresa,PASO-81BC0CAA,EMP001,Transporte_01 S.L.,EMP001-U4,TARRAGONA,745 CV90-Torrevieja – 775 Los Tárragas,745 CV90-Torrevieja,775 Los Tárragas
Peaje,Estatal,AP-7,2025-07-19 19:28:26,LIGEROS,"2,75 €",IVA incluido,Tarjeta de empresa,PASO-DCE5AFF3,EMP001,Transporte_01 S.L.,EMP001-U5,GIRONA,763 La Zenia Urbanizaciones – 777 El Mirador-Colonia Ruiz de Alda,763 La Zenia Urbanizaciones,777 El Mirador-Colonia Ruiz de Alda
Peaje,Estatal,AP-66,2025-02-16 02:57:05,LIGEROS,"6,10 €",IVA incluido,Tarjeta de empresa,PASO-7961D1F1,EMP001,Transporte_01 S.L.,EMP001-U5,ASTURIAS,La Magdalena – León,La Magdalena,León
Peaje,Estatal,AP-61,2025-03-13 13:17:36,LIGEROS,"0,90 €",IVA incluido,Tarjeta de empresa,PASO-DEE728E8,EMP001,Transporte_01 S.L.,EMP001-U5,MADRID,San Rafael – Otero de Herreros,San Rafael,Otero de Herreros
Peaje,Estatal,AP-7,2025-04-06 06:26:32,LIGEROS,"2,75 €",IVA incluido,Tarjeta de empresa,PASO-F01E37C0,EMP001,Transporte_01 S.L.,EMP001-U5,ALICANTE,784 San Javier (Sur)-Acceso aeropuerto – 786 Los Alcazares (Norte),784 San Javier (Sur)-Acceso aeropuerto,786 Los Alcazares (Norte)
Peaje,Estatal,AP-7,2025-01-21 04:12:06,LIGEROS,"3,70 €",IVA incluido,Tarjeta de empresa,PASO-903676B3,EMP001,Transporte_01 S.L.,EMP001-U5,VALENCIA / VALÈNCIA,Troncal de San Pedro de Alcantara – ,Troncal de San Pedro de Alcantara,
Peaje,Estatal,AP-61,2025-01-27 20:09:47,LIGEROS,"2,15 €",IVA incluido,Tarjeta de empresa,PASO-4A18F727,EMP001,Transporte_01 S.L.,EMP001-U5,MADRID,Otero de Herreros – Hontoria,Otero de Herreros,Hontoria
Peaje,Estatal,AP-7,2025-03-03 20:52:33,LIGEROS,"2,75 €",IVA incluido,Tarjeta de empresa,PASO-92A0B44A,EMP001,Transporte_01 S.L.,EMP001-U5,CASTELLÓN / CASTELLÓ,754 Carretera San Miguel Benijofar – 763 La Zenia Urbanizaciones,754 Carretera San Miguel Benijofar,763 La Zenia Urbanizaciones
Peaje,Estatal,AP-7,2025-03-28 15:30:49,LIGEROS,"2,75 €",IVA incluido,Tarjeta de empresa,PASO-34080350,EMP001,Transporte_01 S.L.,EMP001-U5,VALENCIA / VALÈNCIA,754 Carretera San Miguel Benijofar – 800 Los Beatos-El Algar,754 Carretera San Miguel Benijofar,800 Los Beatos-El Algar
Peaje,Estatal,AP-7,2025-06-20 13:12:35,LIGEROS,"2,75 €",IVA incluido,Efectivo,PASO-087ACB5F,EMP001,Transporte_01 S.L.,EMP001-U5,MÁLAGA,754 Carretera San Miguel Benijofar – 770 El Pilar de la Horadada (Norte),754 Carretera San Miguel Benijofar,770 El Pilar de la Horadada (Norte)
Peaje,Estatal,AP-68,2025-04-06 03:45:46,LIGEROS,"10,60 €",IVA incluido,Efectivo,PASO-49B7E94A,EMP001,Transporte_01 S.L.,EMP001-U5,ZARAGOZA,Autop. Burgos – Lodosa,Autop. Burgos,Lodosa
Peaje,Estatal,AP-61,2025-04-16 02:40:40,LIGEROS,"0,70 €",IVA incluido,Efectivo,PASO-B9D90B20,EMP001,Transporte_01 S.L.,EMP001-U5,MADRID,Otero de Herreros – Ortigosa,Otero de Herreros,Ortigosa
Peaje,Estatal,AP-7,2025-02-06 13:46:29,LIGEROS,"1,15 €",IVA incluido,Tarjeta de empresa,PASO-A23F9EE0,EMP001,Transporte_01 S.L.,EMP001-U5,BARCELONA,Acceso de Manilva – ,Acceso de Manilva,
Peaje,Estatal,AP-61,2025-02-02 08:55:34,LIGEROS,"0,80 €",IVA incluido,Tarjeta de empresa,PASO-D53FDA5D,EMP001,Transporte_01 S.L.,EMP001-U5,MADRID,Conexión AP-6 (El Espinar) – Otero de Herreros,Conexión AP-6 (El Espinar),Otero de Herreros
Peaje,Estatal,AP-7,2025-01-12 12:04:49,LIGEROS,"9,20 €",IVA incluido,Efectivo,PASO-2177B2FD,EMP001,Transporte_01 S.L.,EMP001-U5,GIRONA,Málaga – Estepona,Málaga,Estepona
Peaje,Estatal,AP-7,2025-02-16 16:22:21,LIGEROS,"3,40 €",IVA incluido,Efectivo,PASO-5703E1E1,EMP001,Transporte_01 S.L.,EMP001-U5,GIRONA,Calahonda – Marbella,Calahonda,Marbella
Peaje,Estatal,AP-7,2025-03-01 23:55:00,LIGEROS,"5,50 €",IVA incluido,Tarjeta de empresa,PASO-D43F5887,EMP001,Transporte_01 S.L.,EMP001-U5,ALICANTE,740 Almoradí-Formentera – 770 El Pilar de la Horadada (Norte),740 Almoradí-Formentera,770 El Pilar de la Horadada (Norte)
Peaje,Estatal,AP-68,2025-04-08 12:02:12,LIGEROS,"19,55 €",IVA incluido,Tarjeta de empresa,PASO-4C11BE7C,EMP001,Transporte_01 S.L.,EMP001-U5,ZARAGOZA,Subijana – Tudela,Subijana,Tudela
Peaje,Estatal,AP-68,2025-07-10 22:27:05,LIGEROS,"30,60 €",IVA incluido,Tarjeta de empresa,PASO-80301B9E,EMP001,Transporte_01 S.L.,EMP001-U5,BIZKAIA,Llodio – Gallur,Llodio,Gallur
Peaje,Estatal,AP-7,2025-04-09 00:09:43,LIGEROS,"3,70 €",IVA incluido,Tarjeta de empresa,PASO-474DAD67,EMP001,Transporte_01 S.L.,EMP001-U5,GIRONA,Marbella – Estepona,Marbella,Estepona
Peaje,Estatal,AP-7,2025-05-11 16:54:32,LIGEROS,"2,75 €",IVA incluido,Tarjeta de empresa,PASO-673D1C4C,EMP001,Transporte_01 S.L.,EMP001-U5,VALENCIA / VALÈNCIA,758 San Miguel de Salinas-Torrevieja – 780 San Javier (Norte)-Sucina,758 San Miguel de Salinas-Torrevieja,780 San Javier (Norte)-Sucina
Peaje,Estatal,AP-61,2025-04-27 17:39:06,LIGEROS,"1,50 €",IVA incluido,Tarjeta de empresa,PASO-2F97925A,EMP001,Transporte_01 S.L.,EMP001-U5,MADRID,San Rafael – Ortigosa,San Rafael,Ortigosa
Peaje,Estatal,AP-7,2025-02-05 16:37:24,LIGEROS,"2,75 €",IVA incluido,Tarjeta de empresa,PASO-4D34366A,EMP001,Transporte_01 S.L.,EMP001-U5,TARRAGONA,758 San Miguel de Salinas-Torrevieja – 763 La Zenia Urbanizaciones,758 San Miguel de Salinas-Torrevieja,763 La Zenia Urbanizaciones
Peaje,Estatal,AP-6,2025-04-24 16:17:18,LIGEROS,"8,75 €",IVA incluido,Efectivo,PASO-67920B74,EMP001,Transporte_01 S.L.,EMP001-U5,MADRID,San Rafael – Adanero,San Rafael,Adanero
Peaje,Estatal,AP-7,2025-05-19 19:29:29,LIGEROS,"2,75 €",IVA incluido,Tarjeta de empresa,PASO-C6BCE019,EMP001,Transporte_01 S.L.,EMP001-U5,ALICANTE,754 Carretera San Miguel Benijofar – 782 Balsicas,754 Carretera San Miguel Benijofar,782 Balsicas
Peaje,Estatal,AP-66,2025-02-23 08:29:36,LIGEROS,"9,95 €",IVA incluido,Tarjeta de empresa,PASO-D38FC299,EMP001,Transporte_01 S.L.,EMP001-U5,ASTURIAS,Oblanca – León,Oblanca,León
Peaje,Estatal,AP-7,2025-05-14 10:52:03,LIGEROS,"5,50 €",IVA incluido,Tarjeta de empresa,PASO-1DE0870B,EMP001,Transporte_01 S.L.,EMP001-U5,BARCELONA,Troncal de Calahonda – ,Troncal de Calahonda,
Peaje,Estatal,AP-7,2025-02-10 15:19:32,LIGEROS,"2,75 €",IVA incluido,Tarjeta de empresa,PASO-724A1E17,EMP001,Transporte_01 S.L.,EMP001-U5,BARCELONA,758 San Miguel de Salinas-Torrevieja – 780 San Javier (Norte)-Sucina,758 San Miguel de Salinas-Torrevieja,780 San Javier (Norte)-Sucina
Peaje,Estatal,AP-7,2025-02-09 13:21:23,LIGEROS,"2,75 €",IVA incluido,Tarjeta de empresa,PASO-DD118D27,EMP001,Transporte_01 S.L.,EMP001-U6,BARCELONA,754 Carretera San Miguel Benijofar – 782 Balsicas,754 Carretera San Miguel Benijofar,782 Balsicas
Peaje,Estatal,AP-71,2025-06-08 14:16:04,LIGEROS,"3,12 €",IVA incluido,Tarjeta de empresa,PASO-DD63CA56,EMP001,Transporte_01 S.L.,EMP001-U6,LEÓN,Villadangos – Astorga,Villadangos,Astorga
Peaje,Estatal,AP-61,2025-06-01 17:09:10,LIGEROS,"1,55 €",IVA incluido,Tarjeta de empresa,PASO-20DDA451,EMP001,Transporte_01 S.L.,EMP001-U6,MADRID,Ortigosa del Monte – Hontoria,Ortigosa del Monte,Hontoria
Peaje,Estatal,AP-7,2025-06-29 16:28:06,LIGEROS,"2,75 €",IVA incluido,Tarjeta de empresa,PASO-C6012B3E,EMP001,Transporte_01 S.L.,EMP001-U6,VALENCIA / VALÈNCIA,754 Carretera San Miguel Benijofar – 775 Los Tárragas,754 Carretera San Miguel Benijofar,775 Los Tárragas
Peaje,Estatal,AP-7,2025-03-14 23:55:00,LIGEROS,"2,75 €",IVA incluido,Tarjeta de empresa,PASO-1A3A2FEE,EMP001,Transporte_01 S.L.,EMP001-U6,ALICANTE,763 La Zenia Urbanizaciones – 790 Los Alcazares (Centro)-Torre Pacheco,763 La Zenia Urbanizaciones,790 Los Alcazares (Centro)-Torre Pacheco
Peaje,Estatal,AP-66,2025-02-07 20:19:32,LIGEROS,"4,15 €",IVA incluido,Tarjeta de empresa,PASO-6C8BD717,EMP001,Transporte_01 S.L.,EMP001-U6,ASTURIAS,Oblanca – La Magdalena,Oblanca,La Magdalena
Peaje,Estatal,AP-61,2025-07-14 14:11:56,LIGEROS,"2,85 €",IVA incluido,Efectivo,PASO-39EE8157,EMP001,Transporte_01 S.L.,EMP001-U6,MADRID,Conexión AP-6 (El Espinar) – Segovia,Conexión AP-6 (El Espinar),Segovia
Peaje,Estatal,AP-7,2025-04-23 05:42:12,LIGEROS,"2,75 €",IVA incluido,Efectivo,PASO-0FB3F705,EMP001,Transporte_01 S.L.,EMP001-U6,VALENCIA / VALÈNCIA,754 Carretera San Miguel Benijofar – 800 Los Beatos-El Algar,754 Carretera San Miguel Benijofar,800 Los Beatos-El Algar
Peaje,Estatal,AP-66,2025-07-22 02:42:38,LIGEROS,"15,60 €",IVA incluido,Tarjeta de empresa,PASO-8190F30F,EMP001,Transporte_01 S.L.,EMP001-U6,LEÓN,Campomanes – León,Campomanes,León
Peaje,Estatal,AP-7,2025-04-02 15:46:05,LIGEROS,"2,75 €",IVA incluido,Tarjeta de empresa,PASO-576F66F4,EMP001,Transporte_01 S.L.,EMP001-U6,GIRONA,754 Carretera San Miguel Benijofar – 794 Los Alcazares (Sur),754 Carretera San Miguel Benijofar,794 Los Alcazares (Sur)
Peaje,Estatal,AP-61,2025-05-13 21:20:01,LIGEROS,"2,15 €",IVA incluido,Tarjeta de empresa,PASO-2A837E69,EMP001,Transporte_01 S.L.,EMP001-U6,MADRID,Otero de Herreros – Segovia,Otero de Herreros,Segovia
Peaje,Estatal,AP-7,2025-03-09 20:41:18,LIGEROS,"3,40 €",IVA incluido,Tarjeta de empresa,PASO-5BB6D3C1,EMP001,Transporte_01 S.L.,EMP001-U6,BARCELONA,Málaga – Calahonda,Málaga,Calahonda
Peaje,Estatal,AP-7,2025-06-23 15:06:42,LIGEROS,"2,75 €",IVA incluido,Tarjeta de empresa,PASO-62E3BD7B,EMP001,Transporte_01 S.L.,EMP001-U6,ALICANTE,763 La Zenia Urbanizaciones – 770 El Pilar de la Horadada,763 La Zenia Urbanizaciones,770 El Pilar de la Horadada
Peaje,Estatal,AP-7,2025-07-28 00:13:17,LIGEROS,"2,75 €",IVA incluido,Tarjeta de empresa,PASO-BD00592A,EMP001,Transporte_01 S.L.,EMP001-U6,VALENCIA / VALÈNCIA,754 Carretera San Miguel Benijofar – 784 San Javier (Sur)-Acceso aeropuerto,754 Carretera San Miguel Benijofar,784 San Javier (Sur)-Acceso aeropuerto
Peaje,Estatal,AP-68,2025-06-25 13:17:07,LIGEROS,"1,30 €",IVA incluido,Tarjeta de empresa,PASO-E6B77E0F,EMP001,Transporte_01 S.L.,EMP001-U6,ZARAGOZA,Lodosa – Calahorra,Lodosa,Calahorra
Peaje,Estatal,AP-7,2025-04-11 16:33:03,LIGEROS,"2,75 €",IVA incluido,Tarjeta de empresa,PASO-1C882894,EMP001,Transporte_01 S.L.,EMP001-U6,ALICANTE,754 Carretera San Miguel Benijofar – 777 El Mirador-Colonia Ruiz de Alda,754 Carretera San Miguel Benijofar,777 El Mirador-Colonia Ruiz de Alda
Peaje,Estatal,AP-7,2025-03-20 08:30:21,LIGEROS,"2,75 €",IVA incluido,Tarjeta de empresa,PASO-1837C3D1,EMP001,Transporte_01 S.L.,EMP001-U6,BARCELONA,754 Carretera San Miguel Benijofar – 763 La Zenia Urbanizaciones,754 Carretera San Miguel Benijofar,763 La Zenia Urbanizaciones
Peaje,Estatal,AP-7,2025-07-19 10:48:17,LIGEROS,"2,75 €",IVA incluido,Tarjeta de empresa,PASO-940DB9F2,EMP001,Transporte_01 S.L.,EMP001-U7,BARCELONA,754 Carretera San Miguel Benijofar – 784 San Javier (Sur)-Acceso aeropuerto,754 Carretera San Miguel Benijofar,784 San Javier (Sur)-Acceso aeropuerto
Peaje,Estatal,AP-61,2025-05-02 03:40:40,LIGEROS,"2,85 €",IVA incluido,Tarjeta de empresa,PASO-AD97AF28,EMP001,Transporte_01 S.L.,EMP001-U7,MADRID,Conexión AP-6 (El Espinar) – Hontoria,Conexión AP-6 (El Espinar),Hontoria
Peaje,Estatal,AP-7,2025-07-02 00:05:00,LIGEROS,"2,75 €",IVA incluido,Tarjeta de empresa,PASO-EDB3B638,EMP001,Transporte_01 S.L.,EMP001-U7,GIRONA,758 San Miguel de Salinas-Torrevieja – 777 El Mirador-Colonia Ruiz de Alda,758 San Miguel de Salinas-Torrevieja,777 El Mirador-Colonia Ruiz de Alda
Peaje,Estatal,AP-61,2025-05-26 12:27:44,LIGEROS,"1,55 €",IVA incluido,Tarjeta de empresa,PASO-E097F464,EMP001,Transporte_01 S.L.,EMP001-U7,MADRID,Ortigosa del Monte – Hontoria,Ortigosa del Monte,Hontoria
Peaje,Estatal,AP-7,2025-01-14 00:05:00,LIGEROS,"5,50 €",IVA incluido,Tarjeta de empresa,PASO-0F45D66B,EMP001,Transporte_01 S.L.,EMP001-U7,BARCELONA,754 Carretera San Miguel Benijofar – 780 San Javier (Norte)-Sucina,754 Carretera San Miguel Benijofar,780 San Javier (Norte)-Sucina
Peaje,Estatal,AP-68,2025-04-02 15:25:05,LIGEROS,"4,60 €",IVA incluido,Tarjeta de empresa,PASO-5E6FB232,EMP001,Transporte_01 S.L.,EMP001-U7,ZARAGOZA,Ziorraga – Subijana,Ziorraga,Subijana
Peaje,Estatal,AP-7,2025-05-24 13:38:06,LIGEROS,"5,50 €",IVA incluido,Tarjeta de empresa,PASO-3C05AAA1,EMP001,Transporte_01 S.L.,EMP001-U7,GIRONA,768 Campoamor-Urbanizaciones – 786 Los Alcazares (Norte),768 Campoamor-Urbanizaciones,786 Los Alcazares (Norte)
Peaje,Estatal,AP-7,2025-05-15 04:02:15,LIGEROS,"0,00 €",IVA incluido,Tarjeta de empresa,PASO-7D95322A,EMP001,Transporte_01 S.L.,EMP001-U7,TARRAGONA,754 Carretera San Miguel Benijofar – 758 San Miguel de Salinas-Torrevieja,754 Carretera San Miguel Benijofar,758 San Miguel de Salinas-Torrevieja
Peaje,Estatal,AP-7,2025-02-03 01:54:45,LIGEROS,"2,75 €",IVA incluido,Efectivo,PASO-7C2841A2,EMP001,Transporte_01 S.L.,EMP001-U7,ALICANTE,763 La Zenia Urbanizaciones – 784 San Javier (Sur)-Acceso aeropuerto,763 La Zenia Urbanizaciones,784 San Javier (Sur)-Acceso aeropuerto
Peaje,Estatal,AP-53,2025-06-02 14:07:52,LIGEROS,"2,90 €",IVA incluido,Tarjeta de empresa,PASO-05DF2F4C,EMP001,Transporte_01 S.L.,EMP001-U7,PONTEVEDRA,Silleda – Lalín Este,Silleda,Lalín Este
Peaje,Estatal,AP-68,2025-06-23 00:05:00,LIGEROS,"3,35 €",IVA incluido,Tarjeta de empresa,PASO-3FBE7345,EMP001,Transporte_01 S.L.,EMP001-U7,ZARAGOZA,Gallur – Alagón pk 272,Gallur,Alagón pk 272
Peaje,Estatal,AP-7,2025-04-10 16:07:33,LIGEROS,"2,75 €",IVA incluido,Tarjeta de empresa,PASO-FB0A19CC,EMP001,Transporte_01 S.L.,EMP001-U7,VALENCIA / VALÈNCIA,754 Carretera San Miguel Benijofar – 784 San Javier (Sur)-Acceso aeropuerto,754 Carretera San Miguel Benijofar,784 San Javier (Sur)-Acceso aeropuerto
Peaje,Estatal,AP-7,2025-02-08 23:55:00,LIGEROS,"2,75 €",IVA incluido,Tarjeta de empresa,PASO-DD419A9E,EMP001,Transporte_01 S.L.,EMP001-U7,ALICANTE,763 La Zenia Urbanizaciones – 775 Los Tárragas,763 La Zenia Urbanizaciones,775 Los Tárragas
Peaje,Estatal,AP-6,2025-02-26 22:41:36,LIGEROS,"8,75 €",IVA incluido,Tarjeta de empresa,PASO-F5076B8C,EMP001,Transporte_01 S.L.,EMP001-U7,MADRID,San Rafael – Adanero,San Rafael,Adanero
Peaje,Estatal,AP-7,2025-04-14 17:28:41,LIGEROS,"2,75 €",IVA incluido,Tarjeta de empresa,PASO-E8C808D1,EMP001,Transporte_01 S.L.,EMP001-U7,GIRONA,754 Carretera San Miguel Benijofar – 774 San Pedro del Pinatar (Norte),754 Carretera San Miguel Benijofar,774 San Pedro del Pinatar (Norte)
Peaje,Estatal,AP-7,2025-04-08 19:30:24,LIGEROS,"2,75 €",IVA incluido,Efectivo,PASO-3923E6E3,EMP001,Transporte_01 S.L.,EMP001-U7,BARCELONA,754 Carretera San Miguel Benijofar – 770 El Pilar de la Horadada (Norte),754 Carretera San Miguel Benijofar,770 El Pilar de la Horadada (Norte)
Peaje,Estatal,AP-68,2025-05-29 00:05:00,LIGEROS,"6,30 €",IVA incluido,Tarjeta de empresa,PASO-A16B50B0,EMP001,Transporte_01 S.L.,EMP001-U7,ZARAGOZA,Lodosa – Tudela,Lodosa,Tudela
Peaje,Estatal,AP-7,2025-06-14 02:25:02,LIGEROS,"2,75 €",IVA incluido,Efectivo,PASO-423B90EB,EMP001,Transporte_01 S.L.,EMP001-U7,CÁDIZ,754 Carretera San Miguel Benijofar – 800 Los Beatos-El Algar,754 Carretera San Miguel Benijofar,800 Los Beatos-El Algar
Peaje,Estatal,AP-7,2025-01-25 11:22:32,LIGEROS,"2,75 €",IVA incluido,Tarjeta de empresa,PASO-F677EA75,EMP001,Transporte_01 S.L.,EMP001-U7,GIRONA,758 San Miguel de Salinas-Torrevieja – 782 Balsicas,758 San Miguel de Salinas-Torrevieja,782 Balsicas
Peaje,Estatal,AP-7,2025-01-14 19:02:12,LIGEROS,"2,75 €",IVA incluido,Tarjeta de empresa,PASO-5508DD83,EMP001,Transporte_01 S.L.,EMP001-U7,ALICANTE,754 Carretera San Miguel Benijofar – 797 Torre del Negro,754 Carretera San Miguel Benijofar,797 Torre del Negro
Peaje,Estatal,AP-7,2025-05-13 19:35:42,LIGEROS,"2,75 €",IVA incluido,Tarjeta de empresa,PASO-911E1AF9,EMP001,Transporte_01 S.L.,EMP001-U7,BARCELONA,784 San Javier (Sur)-Acceso aeropuerto – 794 Los Alcazares (Sur),784 San Javier (Sur)-Acceso aeropuerto,794 Los Alcazares (Sur)
Peaje,Estatal,AP-66,2025-04-20 06:29:57,LIGEROS,"5,65 €",IVA incluido,Tarjeta de empresa,PASO-95909661,EMP001,Transporte_01 S.L.,EMP001-U7,LEÓN,Campomanes – Oblanca,Campomanes,Oblanca
Peaje,Estatal,AP-7,2025-07-02 10:41:00,LIGEROS,"1,15 €",IVA incluido,Tarjeta de empresa,PASO-70A7E56B,EMP001,Transporte_01 S.L.,EMP001-U7,VALENCIA / VALÈNCIA,Acceso de Manilva – ,Acceso de Manilva,
Peaje,Estatal,AP-7,2025-06-29 18:12:18,LIGEROS,"3,40 €",IVA incluido,Efectivo,PASO-C5D13A7A,EMP001,Transporte_01 S.L.,EMP001-U8,VALENCIA / VALÈNCIA,Acceso de Calahonda – ,Acceso de Calahonda,
Peaje,Estatal,AP-7,2025-04-22 07:52:28,LIGEROS,"5,50 €",IVA incluido,Tarjeta de empresa,PASO-5F51A89A,EMP001,Transporte_01 S.L.,EMP001-U8,ALICANTE,768 Campoamor-Urbanizaciones – 786 Los Alcazares (Norte),768 Campoamor-Urbanizaciones,786 Los Alcazares (Norte)
Peaje,Estatal,AP-66,2025-03-31 15:55:11,LIGEROS,"6,10 €",IVA incluido,Efectivo,PASO-97A04E5C,EMP001,Transporte_01 S.L.,EMP001-U8,ASTURIAS,La Magdalena – León,La Magdalena,León
Peaje,Estatal,AP-68,2025-03-07 19:34:59,LIGEROS,"9,15 €",IVA incluido,Tarjeta de empresa,PASO-EDF6EDFF,EMP001,Transporte_01 S.L.,EMP001-U8,BIZKAIA,Recajo – Tudela,Recajo,Tudela
Peaje,Estatal,AP-61,2025-05-13 16:54:33,LIGEROS,"1,55 €",IVA incluido,Tarjeta de empresa,PASO-F19C25A3,EMP001,Transporte_01 S.L.,EMP001-U8,MADRID,Ortigosa del Monte – Hontoria,Ortigosa del Monte,Hontoria
Peaje,Estatal,AP-66,2025-02-15 19:58:46,LIGEROS,"6,10 €",IVA incluido,Efectivo,PASO-5CCF9EA1,EMP001,Transporte_01 S.L.,EMP001-U8,ASTURIAS,La Magdalena – León,La Magdalena,León
Peaje,Estatal,AP-61,2025-03-17 13:24:04,LIGEROS,"1,40 €",IVA incluido,Efectivo,PASO-C2F2F28B,EMP001,Transporte_01 S.L.,EMP001-U8,MADRID,Conexión AP-6 (El Espinar) – Ortigosa,Conexión AP-6 (El Espinar),Ortigosa
Peaje,Estatal,AP-66,2025-03-17 01:09:21,LIGEROS,"5,65 €",IVA incluido,Efectivo,PASO-9470A9D3,EMP001,Transporte_01 S.L.,EMP001-U8,ASTURIAS,Campomanes – Oblanca,Campomanes,Oblanca
Peaje,Estatal,AP-7,2025-04-25 13:53:20,LIGEROS,"2,75 €",IVA incluido,Efectivo,PASO-BF3765A7,EMP001,Transporte_01 S.L.,EMP001-U8,CÁDIZ,758 San Miguel de Salinas-Torrevieja – 774 San Pedro del Pinatar (Norte),758 San Miguel de Salinas-Torrevieja,774 San Pedro del Pinatar (Norte)
Peaje,Estatal,AP-7,2025-07-29 15:55:42,LIGEROS,"2,75 €",IVA incluido,Tarjeta de empresa,PASO-0D7DEB1C,EMP001,Transporte_01 S.L.,EMP001-U8,VALENCIA / VALÈNCIA,754 Carretera San Miguel Benijofar – 786 Los Alcazares (Norte),754 Carretera San Miguel Benijofar,786 Los Alcazares (Norte)
Peaje,Estatal,AP-7,2025-01-16 22:30:40,LIGEROS,"2,75 €",IVA incluido,Tarjeta de empresa,PASO-34340B65,EMP001,Transporte_01 S.L.,EMP001-U8,BARCELONA,754 Carretera San Miguel Benijofar – 763 La Zenia Urbanizaciones,754 Carretera San Miguel Benijofar,763 La Zenia Urbanizaciones
Peaje,Estatal,AP-7,2025-01-28 19:55:20,LIGEROS,"2,75 €",IVA incluido,Tarjeta de empresa,PASO-E4DFAC49,EMP001,Transporte_01 S.L.,EMP001-U8,BARCELONA,754 Carretera San Miguel Benijofar – 797 Torre del Negro,754 Carretera San Miguel Benijofar,797 Torre del Negro
Peaje,Estatal,AP-66,2025-02-06 18:24:31,LIGEROS,"5,65 €",IVA incluido,Tarjeta de empresa,PASO-C4FB2A3C,EMP001,Transporte_01 S.L.,EMP001-U8,LEÓN,Campomanes – Oblanca,Campomanes,Oblanca
Peaje,Estatal,AP-66,2025-07-08 20:12:10,LIGEROS,"6,10 €",IVA incluido,Tarjeta de empresa,PASO-3DE57F8B,EMP001,Transporte_01 S.L.,EMP001-U8,ASTURIAS,La Magdalena – León,La Magdalena,León
Peaje,Estatal,AP-9,2025-06-05 05:59:37,LIGEROS,"1,20 €",IVA incluido,Tarjeta de empresa,PASO-5D6BCDB8,EMP001,Transporte_01 S.L.,EMP001-U8,PONTEVEDRA,Puxeiros – Porriño,Puxeiros,Porriño
Peaje,Estatal,AP-61,2025-01-22 00:07:36,LIGEROS,"2,15 €",IVA incluido,Tarjeta de empresa,PASO-A311CC14,EMP001,Transporte_01 S.L.,EMP001-U8,MADRID,Otero de Herreros – Segovia,Otero de Herreros,Segovia
Peaje,Estatal,AP-68,2025-01-19 00:07:37,LIGEROS,"8,65 €",IVA incluido,Tarjeta de empresa,PASO-5B13577A,EMP001,Transporte_01 S.L.,EMP001-U8,ZARAGOZA,Autop. Navarra – Alagón pk 272,Autop. Navarra,Alagón pk 272
Peaje,Estatal,AP-66,2025-05-12 23:01:19,LIGEROS,"15,60 €",IVA incluido,Tarjeta de empresa,PASO-B06433EC,EMP001,Transporte_01 S.L.,EMP001-U8,LEÓN,Campomanes – León,Campomanes,León
Peaje,Estatal,AP-61,2025-03-10 10:48:58,LIGEROS,"1,55 €",IVA incluido,Tarjeta de empresa,PASO-15FC7100,EMP001,Transporte_01 S.L.,EMP001-U8,MADRID,Ortigosa del Monte – Segovia,Ortigosa del Monte,Segovia
Peaje,Estatal,AP-61,2025-04-02 09:12:55,LIGEROS,"0,80 €",IVA incluido,Tarjeta de empresa,PASO-6C0E9D12,EMP001,Transporte_01 S.L.,EMP001-U8,MADRID,Conexión AP-6 (El Espinar) – Otero de H.,Conexión AP-6 (El Espinar),Otero de H.
Peaje,Estatal,AP-61,2025-06-25 14:59:31,LIGEROS,"0,00 €",IVA incluido,Tarjeta de empresa,PASO-F6D1B877,EMP001,Transporte_01 S.L.,EMP001-U8,MADRID,Hontoria – Segovia,Hontoria,Segovia
Peaje,Estatal,AP-61,2025-03-07 02:30:10,LIGEROS,"1,55 €",IVA incluido,Tarjeta de empresa,PASO-753F0BEB,EMP001,Transporte_01 S.L.,EMP001-U9,MADRID,Ortigosa del Monte – Segovia,Ortigosa del Monte,Segovia
Peaje,Estatal,AP-7,2025-06-04 04:40:35,LIGEROS,"2,75 €",IVA incluido,Tarjeta de empresa,PASO-6DD9035E,EMP001,Transporte_01 S.L.,EMP001-U9,BARCELONA,763 La Zenia Urbanizaciones – 777 El Mirador-Colonia Ruiz de Alda,763 La Zenia Urbanizaciones,777 El Mirador-Colonia Ruiz de Alda
Peaje,Estatal,AP-7,2025-05-08 23:13:28,LIGEROS,"2,75 €",IVA incluido,Tarjeta de empresa,PASO-F74FB069,EMP001,Transporte_01 S.L.,EMP001-U9,CÁDIZ,754 Carretera San Miguel Benijofar – 777 El Mirador-Colonia Ruiz de Alda,754 Carretera San Miguel Benijofar,777 El Mirador-Colonia Ruiz de Alda
Peaje,Estatal,AP-66,2025-01-27 10:52:37,LIGEROS,"15,60 €",IVA incluido,Tarjeta de empresa,PASO-97464ED9,EMP001,Transporte_01 S.L.,EMP001-U9,LEÓN,Campomanes – León,Campomanes,León
Peaje,Estatal,AP-7,2025-04-10 07:17:39,LIGEROS,"2,75 €",IVA incluido,Tarjeta de empresa,PASO-F9E5F1C9,EMP001,Transporte_01 S.L.,EMP001-U9,TARRAGONA,754 Carretera San Miguel Benijofar – 768 Campoamor-Urbanizaciones,754 Carretera San Miguel Benijofar,768 Campoamor-Urbanizaciones
Peaje,Estatal,AP-7,2025-01-27 10:04:51,LIGEROS,"7,65 €",IVA incluido,Tarjeta de empresa,PASO-3E35008C,EMP001,Transporte_01 S.L.,EMP001-U9,BARCELONA,Málaga – San Pedro de Alcantara,Málaga,San Pedro de Alcantara
Peaje,Estatal,AP-53,2025-02-03 01:53:02,LIGEROS,"2,90 €",IVA incluido,Tarjeta de empresa,PASO-0952C0BB,EMP001,Transporte_01 S.L.,EMP001-U9,PONTEVEDRA,Silleda – Lalín Este,Silleda,Lalín Este
Peaje,Estatal,AP-7,2025-04-16 07:08:03,LIGEROS,"2,75 €",IVA incluido,Efectivo,PASO-143A8D07,EMP001,Transporte_01 S.L.,EMP001-U9,CÁDIZ,784 San Javier (Sur)-Acceso aeropuerto – 790 Los Alcazares (Centro)-Torre Pacheco,784 San Javier (Sur)-Acceso aeropuerto,790 Los Alcazares (Centro)-Torre Pacheco
Peaje,Estatal,AP-66,2025-04-04 01:47:09,LIGEROS,"9,95 €",IVA incluido,Tarjeta de empresa,PASO-B6C98095,EMP001,Transporte_01 S.L.,EMP001-U9,ASTURIAS,Oblanca – León,Oblanca,León
Peaje,Estatal,AP-7,2025-02-18 17:45:32,LIGEROS,"2,75 €",IVA incluido,Tarjeta de empresa,PASO-27496EC7,EMP001,Transporte_01 S.L.,EMP001-U9,GIRONA,Troncal de Los Montesinos – ,Troncal de Los Montesinos,
Peaje,Estatal,AP-61,2025-07-11 00:05:00,LIGEROS,"0,80 €",IVA incluido,Tarjeta de empresa,PASO-12E281F3,EMP001,Transporte_01 S.L.,EMP001-U9,SEGOVIA,Conexión AP-6 (El Espinar) – Otero de Herreros,Conexión AP-6 (El Espinar),Otero de Herreros
Peaje,Estatal,AP-61,2025-02-19 22:32:51,LIGEROS,"1,55 €",IVA incluido,Tarjeta de empresa,PASO-9ECD97BB,EMP001,Transporte_01 S.L.,EMP001-U9,MADRID,Ortigosa del Monte – Hontoria,Ortigosa del Monte,Hontoria
Peaje,Estatal,AP-6,2025-01-19 15:10:04,LIGEROS,"9,75 €",IVA incluido,Tarjeta de empresa,PASO-A52352ED,EMP001,Transporte_01 S.L.,EMP001-U9,MADRID,Villalba – Villacastín,Villalba,Villacastín
Peaje,Estatal,AP-7,2025-01-19 07:05:48,LIGEROS,"5,50 €",IVA incluido,Efectivo,PASO-71EA67F3,EMP001,Transporte_01 S.L.,EMP001-U9,CASTELLÓN / CASTELLÓ,768 Campoamor-Urbanizaciones – 786 Los Alcazares (Norte),768 Campoamor-Urbanizaciones,786 Los Alcazares (Norte)
Peaje,Estatal,AP-7,2025-01-01 22:20:05,LIGEROS,"2,75 €",IVA incluido,Tarjeta de empresa,PASO-39FCDC76,EMP001,Transporte_01 S.L.,EMP001-U9,BARCELONA,754 Carretera San Miguel Benijofar – 763 La Zenia Urbanizaciones,754 Carretera San Miguel Benijofar,763 La Zenia Urbanizaciones
Peaje,Estatal,AP-68,2025-05-13 03:46:58,LIGEROS,"4,35 €",IVA incluido,Tarjeta de empresa,PASO-835F82AE,EMP001,Transporte_01 S.L.,EMP001-U9,ZARAGOZA,Zambrana – Cenicero,Zambrana,Cenicero
Peaje,Estatal,AP-7,2025-04-26 20:55:03,LIGEROS,"2,75 €",IVA incluido,Tarjeta de empresa,PASO-C0645DF4,EMP001,Transporte_01 S.L.,EMP001-U9,VALENCIA / VALÈNCIA,754 Carretera San Miguel Benijofar – 790 Los Alcazares (Centro)-Torre Pacheco,754 Carretera San Miguel Benijofar,790 Los Alcazares (Centro)-Torre Pacheco
Peaje,Estatal,AP-7,2025-02-04 16:38:41,LIGEROS,"5,50 €",IVA incluido,Tarjeta de empresa,PASO-7A35B6F6,EMP002,Transporte_02 S.L.,EMP002-U10,VALENCIA / VALÈNCIA,740 Almoradí-Formentera – 770 El Pilar de la Horadada (Norte),740 Almoradí-Formentera,770 El Pilar de la Horadada (Norte)
Peaje,Estatal,AP-61,2025-05-21 00:05:00,LIGEROS,"2,15 €",IVA incluido,Efectivo,PASO-32162642,EMP002,Transporte_02 S.L.,EMP002-U10,MADRID,Otero de Herreros – Hontoria,Otero de Herreros,Hontoria
Peaje,Estatal,AP-7,2025-03-16 07:41:14,LIGEROS,"2,75 €",IVA incluido,Tarjeta de empresa,PASO-B08465A1,EMP002,Transporte_02 S.L.,EMP002-U10,GIRONA,784 San Javier (Sur)-Acceso aeropuerto – 800 Los Beatos-El Algar,784 San Javier (Sur)-Acceso aeropuerto,800 Los Beatos-El Algar
Peaje,Estatal,AP-53,2025-07-02 08:16:13,LIGEROS,"5,15 €",IVA incluido,Efectivo,PASO-55AAB0C5,EMP002,Transporte_02 S.L.,EMP002-U10,PONTEVEDRA,Ribadulla – Lalín Centro,Ribadulla,Lalín Centro
Peaje,Estatal,AP-7,2025-01-12 08:57:50,LIGEROS,"5,50 €",IVA incluido,Tarjeta de empresa,PASO-A66FD505,EMP002,Transporte_02 S.L.,EMP002-U10,GIRONA,751 Los Montesinos – 777 El Mirador-Colonia Ruiz de Alda,751 Los Montesinos,777 El Mirador-Colonia Ruiz de Alda
Peaje,Estatal,AP-9,2025-01-07 13:35:39,LIGEROS,"2,15 €",IVA incluido,Efectivo,PASO-13877015,EMP002,Transporte_02 S.L.,EMP002-U10,PONTEVEDRA,Sigüeiro – Santiago,Sigüeiro,Santiago
Peaje,Estatal,AP-61,2025-02-22 22:08:19,LIGEROS,"1,55 €",IVA incluido,Tarjeta de empresa,PASO-A3CD2E86,EMP002,Transporte_02 S.L.,EMP002-U10,SEGOVIA,Ortigosa del Monte – Hontoria,Ortigosa del Monte,Hontoria
Peaje,Estatal,AP-7,2025-05-25 14:34:59,LIGEROS,"2,15 €",IVA incluido,Tarjeta de empresa,PASO-F106E6A4,EMP002,Transporte_02 S.L.,EMP002-U10,ALICANTE,San Pedro de Alcantara – Estepona,San Pedro de Alcantara,Estepona
Peaje,Estatal,AP-7,2025-02-14 06:21:03,LIGEROS,"5,50 €",IVA incluido,Tarjeta de empresa,PASO-9B1F2426,EMP002,Transporte_02 S.L.,EMP002-U10,MÁLAGA,743 Algorfa-Benijofar – 774 San Pedro del Pinatar (Norte),743 Algorfa-Benijofar,774 San Pedro del Pinatar (Norte)
Peaje,Estatal,AP-7,2025-07-10 23:21:43,LIGEROS,"7,65 €",IVA incluido,Tarjeta de empresa,PASO-69040104,EMP002,Transporte_02 S.L.,EMP002-U10,BARCELONA,Málaga – San Pedro de Alcantara,Málaga,San Pedro de Alcantara
Peaje,Estatal,AP-7,2025-06-02 19:48:15,LIGEROS,"2,75 €",IVA incluido,Tarjeta de empresa,PASO-EA5D093F,EMP002,Transporte_02 S.L.,EMP002-U10,GIRONA,784 San Javier (Sur)-Acceso aeropuerto – 786 Los Alcazares (Norte),784 San Javier (Sur)-Acceso aeropuerto,786 Los Alcazares (Norte)
Peaje,Estatal,AP-7,2025-02-15 12:33:07,LIGEROS,"9,20 €",IVA incluido,Tarjeta de empresa,PASO-1235AB62,EMP002,Transporte_02 S.L.,EMP002-U10,CASTELLÓN / CASTELLÓ,Málaga – Estepona,Málaga,Estepona
Peaje,Estatal,AP-7,2025-05-27 07:09:35,LIGEROS,"5,50 €",IVA incluido,Tarjeta de empresa,PASO-C9FDDF37,EMP002,Transporte_02 S.L.,EMP002-U10,CÁDIZ,774 San Pedro del Pinatar (Norte) – 794 Los Alcazares (Sur),774 San Pedro del Pinatar (Norte),794 Los Alcazares (Sur)
Peaje,Estatal,AP-7,2025-07-25 20:07:14,LIGEROS,"5,50 €",IVA incluido,Tarjeta de empresa,PASO-2FD25476,EMP002,Transporte_02 S.L.,EMP002-U10,CÁDIZ,774 San Pedro del Pinatar (Norte) – 794 Los Alcazares (Sur),774 San Pedro del Pinatar (Norte),794 Los Alcazares (Sur)
Peaje,Estatal,AP-7,2025-02-06 09:23:53,LIGEROS,"2,75 €",IVA incluido,Tarjeta de empresa,PASO-9C7FFF63,EMP002,Transporte_02 S.L.,EMP002-U10,VALENCIA / VALÈNCIA,763 La Zenia Urbanizaciones – 797 Torre del Negro,763 La Zenia Urbanizaciones,797 Torre del Negro
Peaje,Estatal,AP-7,2025-02-12 08:42:28,LIGEROS,"2,75 €",IVA incluido,Tarjeta de empresa,PASO-9BA1CA09,EMP002,Transporte_02 S.L.,EMP002-U10,BARCELONA,758 San Miguel de Salinas-Torrevieja – 763 La Zenia Urbanizaciones,758 San Miguel de Salinas-Torrevieja,763 La Zenia Urbanizaciones
Peaje,Estatal,AP-7,2025-07-09 14:56:15,LIGEROS,"2,75 €",IVA incluido,Tarjeta de empresa,PASO-FDAE8B4D,EMP002,Transporte_02 S.L.,EMP002-U10,CÁDIZ,784 San Javier (Sur)-Acceso aeropuerto – 794 Los Alcazares (Sur),784 San Javier (Sur)-Acceso aeropuerto,794 Los Alcazares (Sur)
Peaje,Estatal,AP-7,2025-06-01 14:53:20,LIGEROS,"2,75 €",IVA incluido,Efectivo,PASO-9B23E5AD,EMP002,Transporte_02 S.L.,EMP002-U10,VALENCIA / VALÈNCIA,754 Carretera San Miguel Benijofar – 768 Campoamor-Urbanizaciones,754 Carretera San Miguel Benijofar,768 Campoamor-Urbanizaciones
Peaje,Estatal,AP-61,2025-01-11 22:17:27,LIGEROS,"2,15 €",IVA incluido,Tarjeta de empresa,PASO-CB8F22DE,EMP002,Transporte_02 S.L.,EMP002-U10,MADRID,Otero de Herreros – Segovia,Otero de Herreros,Segovia
Peaje,Estatal,AP-7,2025-07-16 04:06:56,LIGEROS,"2,75 €",IVA incluido,Tarjeta de empresa,PASO-2CE00032,EMP002,Transporte_02 S.L.,EMP002-U11,TARRAGONA,758 San Miguel de Salinas-Torrevieja – 782 Balsicas,758 San Miguel de Salinas-Torrevieja,782 Balsicas
Peaje,Estatal,AP-7,2025-02-01 22:47:49,LIGEROS,"2,75 €",IVA incluido,Efectivo,PASO-3BD6FA7A,EMP002,Transporte_02 S.L.,EMP002-U11,BARCELONA,763 La Zenia Urbanizaciones – 777 El Mirador-Colonia Ruiz de Alda,763 La Zenia Urbanizaciones,777 El Mirador-Colonia Ruiz de Alda
Peaje,Estatal,AP-66,2025-03-29 04:42:24,LIGEROS,"4,15 €",IVA incluido,Tarjeta de empresa,PASO-C57414D5,EMP002,Transporte_02 S.L.,EMP002-U11,ASTURIAS,Oblanca – La Magdalena,Oblanca,La Magdalena
Peaje,Estatal,AP-7,2025-06-12 00:05:00,LIGEROS,"2,75 €",IVA incluido,Tarjeta de empresa,PASO-79BEA4B7,EMP002,Transporte_02 S.L.,EMP002-U11,VALENCIA / VALÈNCIA,754 Carretera San Miguel Benijofar – 782 Balsicas,754 Carretera San Miguel Benijofar,782 Balsicas
Peaje,Estatal,AP-68,2025-02-21 21:11:48,LIGEROS,"12,95 €",IVA incluido,Efectivo,PASO-3EC2E500,EMP002,Transporte_02 S.L.,EMP002-U11,ZARAGOZA,Recajo – Gallur,Recajo,Gallur
Peaje,Estatal,AP-7,2025-07-18 21:19:10,LIGEROS,"5,50 €",IVA incluido,Tarjeta de empresa,PASO-11427E90,EMP002,Transporte_02 S.L.,EMP002-U11,CÁDIZ,Málaga – Marbella,Málaga,Marbella
Peaje,Estatal,AP-7,2025-07-01 00:25:24,LIGEROS,"3,70 €",IVA incluido,Efectivo,PASO-11D31081,EMP002,Transporte_02 S.L.,EMP002-U11,GIRONA,Troncal de San Pedro de Alcantara – ,Troncal de San Pedro de Alcantara,
Peaje,Estatal,AP-7,2025-07-01 08:51:30,LIGEROS,"1,15 €",IVA incluido,Tarjeta de empresa,PASO-336009BC,EMP002,Transporte_02 S.L.,EMP002-U11,BARCELONA,Estepona – Manilva,Estepona,Manilva
Peaje,Estatal,AP-7,2025-05-08 12:31:45,LIGEROS,"2,75 €",IVA incluido,Tarjeta de empresa,PASO-4BE735F4,EMP002,Transporte_02 S.L.,EMP002-U11,BARCELONA,754 Carretera San Miguel Benijofar – 777 El Mirador-Colonia Ruiz de Alda,754 Carretera San Miguel Benijofar,777 El Mirador-Colonia Ruiz de Alda
Peaje,Estatal,AP-7,2025-03-16 07:30:02,LIGEROS,"5,50 €",IVA incluido,Tarjeta de empresa,PASO-FB6DFE06,EMP002,Transporte_02 S.L.,EMP002-U11,ALICANTE,Troncal de Calahonda – ,Troncal de Calahonda,
Peaje,Estatal,AP-66,2025-03-08 23:55:00,LIGEROS,"15,60 €",IVA incluido,Tarjeta de empresa,PASO-5F44AF61,EMP002,Transporte_02 S.L.,EMP002-U11,ASTURIAS,Campomanes – León,Campomanes,León
Peaje,Estatal,AP-7,2025-01-19 20:13:33,LIGEROS,"2,75 €",IVA incluido,Tarjeta de empresa,PASO-2C6030A0,EMP002,Transporte_02 S.L.,EMP002-U11,VALENCIA / VALÈNCIA,754 Carretera San Miguel Benijofar – 777 El Mirador-Colonia Ruiz de Alda,754 Carretera San Miguel Benijofar,777 El Mirador-Colonia Ruiz de Alda
Peaje,Estatal,AP-7,2025-06-10 11:02:32,LIGEROS,"2,75 €",IVA incluido,Efectivo,PASO-D7603BAE,EMP002,Transporte_02 S.L.,EMP002-U11,MÁLAGA,763 La Zenia Urbanizaciones – 800 Los Beatos-El Algar,763 La Zenia Urbanizaciones,800 Los Beatos-El Algar
Peaje,Estatal,AP-66,2025-05-17 07:54:22,LIGEROS,"6,10 €",IVA incluido,Tarjeta de empresa,PASO-A10B426E,EMP002,Transporte_02 S.L.,EMP002-U11,ASTURIAS,La Magdalena – León,La Magdalena,León
Peaje,Estatal,AP-68,2025-01-29 16:06:22,LIGEROS,"7,75 €",IVA incluido,Tarjeta de empresa,PASO-7F094FA6,EMP002,Transporte_02 S.L.,EMP002-U11,BIZKAIA,Recajo – Autop. Navarra,Recajo,Autop. Navarra
Peaje,Estatal,AP-9,2025-01-25 09:34:04,LIGEROS,"0,90 €",IVA incluido,Tarjeta de empresa,PASO-7853B6FC,EMP002,Transporte_02 S.L.,EMP002-U11,PONTEVEDRA,Carracedo – Caldas de Reis,Carracedo,Caldas de Reis
Peaje,Estatal,AP-7,2025-07-23 19:14:05,LIGEROS,"2,75 €",IVA incluido,Tarjeta de empresa,PASO-C45C1B43,EMP002,Transporte_02 S.L.,EMP002-U11,GIRONA,758 San Miguel de Salinas-Torrevieja – 780 San Javier (Norte)-Sucina,758 San Miguel de Salinas-Torrevieja,780 San Javier (Norte)-Sucina
Peaje,Estatal,AP-7,2025-07-11 14:51:56,LIGEROS,"2,75 €",IVA incluido,Tarjeta de empresa,PASO-57345F25,EMP002,Transporte_02 S.L.,EMP002-U11,VALENCIA / VALÈNCIA,754 Carretera San Miguel Benijofar – 794 Los Alcazares (Sur),754 Carretera San Miguel Benijofar,794 Los Alcazares (Sur)
Peaje,Estatal,AP-7,2025-03-03 18:29:48,LIGEROS,"5,50 €",IVA incluido,Tarjeta de empresa,PASO-87E8172D,EMP002,Transporte_02 S.L.,EMP002-U11,BARCELONA,770 El Pilar de la Horadada (Norte) – 790 Los Alcazares (Centro)-Torre Pacheco,770 El Pilar de la Horadada (Norte),790 Los Alcazares (Centro)-Torre Pacheco
Peaje,Estatal,AP-7,2025-01-25 07:29:49,LIGEROS,"2,75 €",IVA incluido,Tarjeta de empresa,PASO-8F5E2134,EMP002,Transporte_02 S.L.,EMP002-U11,CASTELLÓN / CASTELLÓ,754 Carretera San Miguel Benijofar – 794 Los Alcazares (Sur),754 Carretera San Miguel Benijofar,794 Los Alcazares (Sur)
Peaje,Estatal,AP-7,2025-01-20 14:58:55,LIGEROS,"2,75 €",IVA incluido,Efectivo,PASO-21FA7844,EMP002,Transporte_02 S.L.,EMP002-U12,VALENCIA / VALÈNCIA,754 Carretera San Miguel Benijofar – 784 San Javier (Sur)-Acceso aeropuerto,754 Carretera San Miguel Benijofar,784 San Javier (Sur)-Acceso aeropuerto
Peaje,Estatal,AP-7,2025-01-08 03:55:12,LIGEROS,"5,50 €",IVA incluido,Tarjeta de empresa,PASO-25768802,EMP002,Transporte_02 S.L.,EMP002-U12,ALICANTE,743 Algorfa-Benijofar – 774 San Pedro del Pinatar (Norte),743 Algorfa-Benijofar,774 San Pedro del Pinatar (Norte)
Peaje,Estatal,AP-6,2025-06-14 05:02:57,LIGEROS,"15,15 €",IVA incluido,Efectivo,PASO-91371D02,EMP002,Transporte_02 S.L.,EMP002-U12,ÁVILA,Villalba – Adanero,Villalba,Adanero
Peaje,Estatal,AP-7,2025-01-13 13:53:40,LIGEROS,"2,75 €",IVA incluido,Efectivo,PASO-9DC9FD7F,EMP002,Transporte_02 S.L.,EMP002-U12,GIRONA,Troncal de La Zenia – ,Troncal de La Zenia,
Peaje,Estatal,AP-7,2025-07-27 01:05:34,LIGEROS,"2,75 €",IVA incluido,Tarjeta de empresa,PASO-28433C64,EMP002,Transporte_02 S.L.,EMP002-U12,BARCELONA,763 La Zenia Urbanizaciones – 774 San Pedro del Pinatar (Norte),763 La Zenia Urbanizaciones,774 San Pedro del Pinatar (Norte)
Peaje,Estatal,AP-66,2025-07-08 08:09:38,LIGEROS,"9,95 €",IVA incluido,Tarjeta de empresa,PASO-E52B46BA,EMP002,Transporte_02 S.L.,EMP002-U12,ASTURIAS,Oblanca – León,Oblanca,León
Peaje,Estatal,AP-61,2025-02-20 01:25:38,LIGEROS,"0,70 €",IVA incluido,Tarjeta de empresa,PASO-611F10C8,EMP002,Transporte_02 S.L.,EMP002-U12,MADRID,Otero de Herreros – Ortigosa,Otero de Herreros,Ortigosa
Peaje,Estatal,AP-7,2025-06-11 09:38:08,LIGEROS,"2,75 €",IVA incluido,Efectivo,PASO-96B0630E,EMP002,Transporte_02 S.L.,EMP002-U12,CÁDIZ,763 La Zenia Urbanizaciones – 774 San Pedro del Pinatar (Norte),763 La Zenia Urbanizaciones,774 San Pedro del Pinatar (Norte)
Peaje,Estatal,AP-7,2025-05-14 16:54:24,LIGEROS,"2,75 €",IVA incluido,Efectivo,PASO-447FB43F,EMP002,Transporte_02 S.L.,EMP002-U12,MÁLAGA,754 Carretera San Miguel Benijofar – 784 San Javier (Sur)-Acceso aeropuerto,754 Carretera San Miguel Benijofar,784 San Javier (Sur)-Acceso aeropuerto
Peaje,Estatal,AP-7,2025-01-09 05:29:18,LIGEROS,"2,75 €",IVA incluido,Tarjeta de empresa,PASO-CE674650,EMP002,Transporte_02 S.L.,EMP002-U12,CÁDIZ,Troncal de Los Montesinos – ,Troncal de Los Montesinos,
Peaje,Estatal,AP-7,2025-02-17 04:14:05,LIGEROS,"5,50 €",IVA incluido,Tarjeta de empresa,PASO-8FC43599,EMP002,Transporte_02 S.L.,EMP002-U12,VALENCIA / VALÈNCIA,745 CV90-Torrevieja – 775 Los Tárragas,745 CV90-Torrevieja,775 Los Tárragas
Peaje,Estatal,AP-6,2025-07-24 20:46:33,LIGEROS,"3,10 €",IVA incluido,Tarjeta de empresa,PASO-05A31380,EMP002,Transporte_02 S.L.,EMP002-U12,MADRID,San Rafael – Villacastín,San Rafael,Villacastín
Peaje,Estatal,AP-7,2025-07-01 13:22:35,LIGEROS,"2,75 €",IVA incluido,Tarjeta de empresa,PASO-72A9D621,EMP002,Transporte_02 S.L.,EMP002-U12,BARCELONA,754 Carretera San Miguel Benijofar – 786 Los Alcazares (Norte),754 Carretera San Miguel Benijofar,786 Los Alcazares (Norte)
Peaje,Estatal,AP-66,2025-06-24 01:42:27,LIGEROS,"9,80 €",IVA incluido,Efectivo,PASO-A49A45AE,EMP002,Transporte_02 S.L.,EMP002-U12,LEÓN,Campomanes – La Magdalena,Campomanes,La Magdalena
Peaje,Estatal,AP-7,2025-03-27 02:47:20,LIGEROS,"2,75 €",IVA incluido,Tarjeta de empresa,PASO-AE62C9B8,EMP002,Transporte_02 S.L.,EMP002-U12,VALENCIA / VALÈNCIA,730 Catral – 758 San Miguel de Salinas-Torrevieja,730 Catral,758 San Miguel de Salinas-Torrevieja
Peaje,Estatal,AP-61,2025-07-06 11:29:03,LIGEROS,"1,40 €",IVA incluido,Tarjeta de empresa,PASO-E508F1B0,EMP002,Transporte_02 S.L.,EMP002-U12,MADRID,Conexión AP-6 (El Espinar) – Ortigosa,Conexión AP-6 (El Espinar),Ortigosa
Peaje,Estatal,AP-7,2025-01-14 14:33:45,LIGEROS,"5,50 €",IVA incluido,Tarjeta de empresa,PASO-8A4F1BA8,EMP002,Transporte_02 S.L.,EMP002-U12,BARCELONA,745 CV90-Torrevieja – 775 Los Tárragas,745 CV90-Torrevieja,775 Los Tárragas
Peaje,Estatal,AP-7,2025-07-31 05:49:16,LIGEROS,"2,75 €",IVA incluido,Tarjeta de empresa,PASO-2E6D8580,EMP002,Transporte_02 S.L.,EMP002-U12,BARCELONA,758 San Miguel de Salinas-Torrevieja – 777 El Mirador-Colonia Ruiz de Alda,758 San Miguel de Salinas-Torrevieja,777 El Mirador-Colonia Ruiz de Alda
Peaje,Estatal,AP-7,2025-07-09 18:23:04,LIGEROS,"2,75 €",IVA incluido,Tarjeta de empresa,PASO-B0E3955C,EMP002,Transporte_02 S.L.,EMP002-U12,BARCELONA,754 Carretera San Miguel Benijofar – 790 Los Alcazares (Centro)-Torre Pacheco,754 Carretera San Miguel Benijofar,790 Los Alcazares (Centro)-Torre Pacheco
Peaje,Estatal,AP-7,2025-02-19 09:59:32,LIGEROS,"2,75 €",IVA incluido,Efectivo,PASO-70723F34,EMP002,Transporte_02 S.L.,EMP002-U12,MÁLAGA,758 San Miguel de Salinas-Torrevieja – 768 Campoamor-Urbanizaciones,758 San Miguel de Salinas-Torrevieja,768 Campoamor-Urbanizaciones
Peaje,Estatal,AP-7,2025-01-25 09:39:07,LIGEROS,"2,75 €",IVA incluido,Tarjeta de empresa,PASO-F7C19B62,EMP002,Transporte_02 S.L.,EMP002-U12,VALENCIA / VALÈNCIA,763 La Zenia Urbanizaciones – 800 Los Beatos-El Algar,763 La Zenia Urbanizaciones,800 Los Beatos-El Algar
Peaje,Estatal,AP-7,2025-03-04 23:26:39,LIGEROS,"2,75 €",IVA incluido,Tarjeta de empresa,PASO-C3B17D1D,EMP002,Transporte_02 S.L.,EMP002-U12,VALENCIA / VALÈNCIA,758 San Miguel de Salinas-Torrevieja – 770 El Pilar de la Horadada (Norte),758 San Miguel de Salinas-Torrevieja,770 El Pilar de la Horadada (Norte)
Peaje,Estatal,AP-7,2025-06-05 16:15:16,LIGEROS,"2,75 €",IVA incluido,Tarjeta de empresa,PASO-CC6CDA49,EMP002,Transporte_02 S.L.,EMP002-U12,BARCELONA,754 Carretera San Miguel Benijofar – 782 Balsicas,754 Carretera San Miguel Benijofar,782 Balsicas
Peaje,Estatal,AP-61,2025-02-18 00:05:00,LIGEROS,"2,85 €",IVA incluido,Tarjeta de empresa,PASO-5F5A49D8,EMP002,Transporte_02 S.L.,EMP002-U13,MADRID,Conexión AP-6 (El Espinar) – Hontoria,Conexión AP-6 (El Espinar),Hontoria
Peaje,Estatal,AP-71,2025-01-10 06:30:49,LIGEROS,"1,60 €",IVA incluido,Efectivo,PASO-05ACF9E5,EMP002,Transporte_02 S.L.,EMP002-U13,LEÓN,Hospital de Órbigo – Astorga,Hospital de Órbigo,Astorga
Peaje,Estatal,AP-7,2025-07-24 14:52:15,LIGEROS,"2,75 €",IVA incluido,Tarjeta de empresa,PASO-4062F09E,EMP002,Transporte_02 S.L.,EMP002-U13,GIRONA,763 La Zenia Urbanizaciones – 768 Campoamor-Urbanizaciones,763 La Zenia Urbanizaciones,768 Campoamor-Urbanizaciones
Peaje,Estatal,AP-7,2025-06-03 19:01:55,LIGEROS,"2,75 €",IVA incluido,Tarjeta de empresa,PASO-3DD94481,EMP002,Transporte_02 S.L.,EMP002-U13,BARCELONA,763 La Zenia Urbanizaciones – 768 Campoamor-Urbanizaciones,763 La Zenia Urbanizaciones,768 Campoamor-Urbanizaciones
Peaje,Estatal,AP-7,2025-03-31 15:41:01,LIGEROS,"2,75 €",IVA incluido,Tarjeta de empresa,PASO-43BCB3B3,EMP002,Transporte_02 S.L.,EMP002-U13,ALICANTE,758 San Miguel de Salinas-Torrevieja – 763 La Zenia Urbanizaciones,758 San Miguel de Salinas-Torrevieja,763 La Zenia Urbanizaciones
Peaje,Estatal,AP-7,2025-01-14 14:07:34,LIGEROS,"2,75 €",IVA incluido,Tarjeta de empresa,PASO-8D4F68BB,EMP002,Transporte_02 S.L.,EMP002-U13,ALICANTE,754 Carretera San Miguel Benijofar – 794 Los Alcazares (Sur),754 Carretera San Miguel Benijofar,794 Los Alcazares (Sur)
Peaje,Estatal,AP-7,2025-04-25 20:19:04,LIGEROS,"5,55 €",IVA incluido,Tarjeta de empresa,PASO-F3E176CD,EMP002,Transporte_02 S.L.,EMP002-U13,BARCELONA,Calahonda – San Pedro de Alcantara,Calahonda,San Pedro de Alcantara
Peaje,Estatal,AP-9,2025-02-10 17:21:13,LIGEROS,"2,75 €",IVA incluido,Tarjeta de empresa,PASO-C926761E,EMP002,Transporte_02 S.L.,EMP002-U13,PONTEVEDRA,Caldas de Reis – Pontevedra,Caldas de Reis,Pontevedra
Peaje,Estatal,AP-7,2025-07-04 05:13:19,LIGEROS,"3,70 €",IVA incluido,Efectivo,PASO-CA624CC1,EMP002,Transporte_02 S.L.,EMP002-U13,VALENCIA / VALÈNCIA,Marbella – Estepona,Marbella,Estepona
Peaje,Estatal,AP-66,2025-01-26 18:44:24,LIGEROS,"4,15 €",IVA incluido,Tarjeta de empresa,PASO-FD942931,EMP002,Transporte_02 S.L.,EMP002-U13,ASTURIAS,Oblanca – La Magdalena,Oblanca,La Magdalena
Peaje,Estatal,AP-7,2025-01-13 19:46:22,LIGEROS,"2,75 €",IVA incluido,Tarjeta de empresa,PASO-C13D977B,EMP002,Transporte_02 S.L.,EMP002-U13,BARCELONA,754 Carretera San Miguel Benijofar – 775 Los Tárragas,754 Carretera San Miguel Benijofar,775 Los Tárragas
Peaje,Estatal,AP-7,2025-04-04 04:06:54,LIGEROS,"5,50 €",IVA incluido,Efectivo,PASO-01D6E877,EMP002,Transporte_02 S.L.,EMP002-U13,VALENCIA / VALÈNCIA,758 San Miguel de Salinas-Torrevieja – 782 Balsicas,758 San Miguel de Salinas-Torrevieja,782 Balsicas
Peaje,Estatal,AP-7,2025-06-04 23:20:21,LIGEROS,"5,50 €",IVA incluido,Tarjeta de empresa,PASO-C178203D,EMP002,Transporte_02 S.L.,EMP002-U13,ALICANTE,758 San Miguel de Salinas-Torrevieja – 782 Balsicas,758 San Miguel de Salinas-Torrevieja,782 Balsicas
Peaje,Estatal,AP-7,2025-03-03 15:57:44,LIGEROS,"2,75 €",IVA incluido,Efectivo,PASO-18B626F1,EMP002,Transporte_02 S.L.,EMP002-U13,GIRONA,763 La Zenia Urbanizaciones – 797 Torre del Negro,763 La Zenia Urbanizaciones,797 Torre del Negro
Peaje,Estatal,AP-7,2025-04-16 05:17:30,LIGEROS,"2,75 €",IVA incluido,Tarjeta de empresa,PASO-A43124CB,EMP002,Transporte_02 S.L.,EMP002-U13,MÁLAGA,754 Carretera San Miguel Benijofar – 786 Los Alcazares (Norte),754 Carretera San Miguel Benijofar,786 Los Alcazares (Norte)
Peaje,Estatal,AP-68,2025-02-01 16:17:55,LIGEROS,"25,85 €",IVA incluido,Tarjeta de empresa,PASO-E6BB2242,EMP002,Transporte_02 S.L.,EMP002-U13,BIZKAIA,Zambrana – Zaragoza,Zambrana,Zaragoza
Peaje,Estatal,AP-7,2025-06-12 17:13:10,LIGEROS,"2,75 €",IVA incluido,Tarjeta de empresa,PASO-B5BA98BE,EMP002,Transporte_02 S.L.,EMP002-U13,TARRAGONA,754 Carretera San Miguel Benijofar – 784 San Javier (Sur)-Acceso aeropuerto,754 Carretera San Miguel Benijofar,784 San Javier (Sur)-Acceso aeropuerto
Peaje,Estatal,AP-7,2025-04-06 23:03:41,LIGEROS,"2,75 €",IVA incluido,Efectivo,PASO-37C7A7FB,EMP002,Transporte_02 S.L.,EMP002-U13,VALENCIA / VALÈNCIA,754 Carretera San Miguel Benijofar – 780 San Javier (Norte)-Sucina,754 Carretera San Miguel Benijofar,780 San Javier (Norte)-Sucina
Peaje,Estatal,AP-7,2025-05-31 01:05:53,LIGEROS,"2,75 €",IVA incluido,Tarjeta de empresa,PASO-13F8DE47,EMP002,Transporte_02 S.L.,EMP002-U13,BARCELONA,754 Carretera San Miguel Benijofar – 800 Los Beatos-El Algar,754 Carretera San Miguel Benijofar,800 Los Beatos-El Algar
Peaje,Estatal,AP-7,2025-05-27 02:41:07,LIGEROS,"3,70 €",IVA incluido,Tarjeta de empresa,PASO-5073296C,EMP002,Transporte_02 S.L.,EMP002-U13,VALENCIA / VALÈNCIA,Troncal de San Pedro de Alcantara – ,Troncal de San Pedro de Alcantara,
Peaje,Estatal,AP-7,2025-06-19 01:30:47,LIGEROS,"5,50 €",IVA incluido,Tarjeta de empresa,PASO-9963C317,EMP002,Transporte_02 S.L.,EMP002-U13,CASTELLÓN / CASTELLÓ,737 Almoradí-Dolores – 768 Campoamor-Urbanizaciones,737 Almoradí-Dolores,768 Campoamor-Urbanizaciones
Peaje,Estatal,AP-7,2025-05-20 17:14:47,LIGEROS,"2,40 €",IVA incluido,Tarjeta de empresa,PASO-4505290C,EMP002,Transporte_02 S.L.,EMP002-U13,VALENCIA / VALÈNCIA,Troncal de Manilva – ,Troncal de Manilva,
Peaje,Estatal,AP-7,2025-03-19 02:23:33,LIGEROS,"2,75 €",IVA incluido,Tarjeta de empresa,PASO-02042A03,EMP002,Transporte_02 S.L.,EMP002-U13,MÁLAGA,763 La Zenia Urbanizaciones – 794 Los Alcazares (Sur),763 La Zenia Urbanizaciones,794 Los Alcazares (Sur)
Peaje,Estatal,AP-7,2025-06-24 23:55:00,LIGEROS,"2,75 €",IVA incluido,Tarjeta de empresa,PASO-5C7F1376,EMP002,Transporte_02 S.L.,EMP002-U13,BARCELONA,763 La Zenia Urbanizaciones – 790 Los Alcazares (Centro)-Torre Pacheco,763 La Zenia Urbanizaciones,790 Los Alcazares (Centro)-Torre Pacheco
Peaje,Estatal,AP-7,2025-02-02 00:36:36,LIGEROS,"5,50 €",IVA incluido,Tarjeta de empresa,PASO-749AD522,EMP002,Transporte_02 S.L.,EMP002-U13,BARCELONA,758 San Miguel de Salinas-Torrevieja – 782 Balsicas,758 San Miguel de Salinas-Torrevieja,782 Balsicas
Peaje,Estatal,AP-7,2025-01-26 16:16:09,LIGEROS,"5,50 €",IVA incluido,Tarjeta de empresa,PASO-E099BC5C,EMP002,Transporte_02 S.L.,EMP002-U13,BARCELONA,740 Almoradí-Formentera – 770 El Pilar de la Horadada (Norte),740 Almoradí-Formentera,770 El Pilar de la Horadada (Norte)
Peaje,Estatal,AP-7,2025-01-24 23:55:00,LIGEROS,"2,75 €",IVA incluido,Tarjeta de empresa,PASO-ADA81AC3,EMP002,Transporte_02 S.L.,EMP002-U13,CÁDIZ,754 Carretera San Miguel Benijofar – 777 El Mirador-Colonia Ruiz de Alda,754 Carretera San Miguel Benijofar,777 El Mirador-Colonia Ruiz de Alda
Peaje,Estatal,AP-68,2025-05-13 10:44:34,LIGEROS,"14,95 €",IVA incluido,Tarjeta de empresa,PASO-46134F71,EMP002,Transporte_02 S.L.,EMP002-U13,BIZKAIA,Zambrana – Autop. Navarra,Zambrana,Autop. Navarra
Peaje,Estatal,AP-66,2025-04-12 21:53:37,LIGEROS,"9,80 €",IVA incluido,Tarjeta de empresa,PASO-7943DBED,EMP002,Transporte_02 S.L.,EMP002-U14,LEÓN,Campomanes – La Magdalena,Campomanes,La Magdalena
Peaje,Estatal,AP-7,2025-05-02 01:36:56,LIGEROS,"2,75 €",IVA incluido,Tarjeta de empresa,PASO-F5C02D51,EMP002,Transporte_02 S.L.,EMP002-U14,CASTELLÓN / CASTELLÓ,754 Carretera San Miguel Benijofar – 794 Los Alcazares (Sur),754 Carretera San Miguel Benijofar,794 Los Alcazares (Sur)
Peaje,Estatal,AP-7,2025-02-03 17:54:47,LIGEROS,"2,75 €",IVA incluido,Tarjeta de empresa,PASO-67418332,EMP002,Transporte_02 S.L.,EMP002-U14,BARCELONA,754 Carretera San Miguel Benijofar – 775 Los Tárragas,754 Carretera San Miguel Benijofar,775 Los Tárragas
Peaje,Estatal,AP-61,2025-05-11 19:57:29,LIGEROS,"2,95 €",IVA incluido,Tarjeta de empresa,PASO-69FC8E58,EMP002,Transporte_02 S.L.,EMP002-U14,MADRID,San Rafael – El Hontoria,San Rafael,El Hontoria
Peaje,Estatal,AP-61,2025-07-08 12:59:04,LIGEROS,"0,70 €",IVA incluido,Tarjeta de empresa,PASO-8B7B3B83,EMP002,Transporte_02 S.L.,EMP002-U14,MADRID,Otero de Herreros – Ortigosa,Otero de Herreros,Ortigosa
Peaje,Estatal,AP-7,2025-03-01 11:43:49,LIGEROS,"5,50 €",IVA incluido,Tarjeta de empresa,PASO-390D9F0F,EMP002,Transporte_02 S.L.,EMP002-U14,ALICANTE,775 Los Tárragas – 797 Torre del Negro,775 Los Tárragas,797 Torre del Negro
Peaje,Estatal,AP-61,2025-04-17 11:37:13,LIGEROS,"2,95 €",IVA incluido,Tarjeta de empresa,PASO-1723091A,EMP002,Transporte_02 S.L.,EMP002-U14,MADRID,San Rafael – Segovia,San Rafael,Segovia
Peaje,Estatal,AP-61,2025-06-12 04:46:18,LIGEROS,"1,50 €",IVA incluido,Tarjeta de empresa,PASO-6D4D66D6,EMP002,Transporte_02 S.L.,EMP002-U14,MADRID,San Rafael – Ortigosa,San Rafael,Ortigosa
Peaje,Estatal,AP-66,2025-02-04 08:03:41,LIGEROS,"15,60 €",IVA incluido,Tarjeta de empresa,PASO-1265A38D,EMP002,Transporte_02 S.L.,EMP002-U14,ASTURIAS,Campomanes – León,Campomanes,León
Peaje,Estatal,AP-7,2025-05-15 13:07:05,LIGEROS,"2,75 €",IVA incluido,Tarjeta de empresa,PASO-1876C629,EMP002,Transporte_02 S.L.,EMP002-U14,MÁLAGA,754 Carretera San Miguel Benijofar – 800 Los Beatos-El Algar,754 Carretera San Miguel Benijofar,800 Los Beatos-El Algar
Peaje,Estatal,AP-7,2025-02-06 08:12:01,LIGEROS,"2,75 €",IVA incluido,Tarjeta de empresa,PASO-69FF9074,EMP002,Transporte_02 S.L.,EMP002-U14,BARCELONA,754 Carretera San Miguel Benijofar – 794 Los Alcazares (Sur),754 Carretera San Miguel Benijofar,794 Los Alcazares (Sur)
Peaje,Estatal,AP-6,2025-05-12 12:27:48,LIGEROS,"8,75 €",IVA incluido,Tarjeta de empresa,PASO-26F4893C,EMP002,Transporte_02 S.L.,EMP002-U14,MADRID,San Rafael – Adanero,San Rafael,Adanero
Peaje,Estatal,AP-7,2025-06-04 14:28:54,LIGEROS,"2,75 €",IVA incluido,Tarjeta de empresa,PASO-720FC1C5,EMP002,Transporte_02 S.L.,EMP002-U14,MÁLAGA,754 Carretera San Miguel Benijofar – 790 Los Alcazares (Centro)-Torre Pacheco,754 Carretera San Miguel Benijofar,790 Los Alcazares (Centro)-Torre Pacheco
Peaje,Estatal,AP-61,2025-03-17 03:05:55,LIGEROS,"0,80 €",IVA incluido,Tarjeta de empresa,PASO-009D11BE,EMP002,Transporte_02 S.L.,EMP002-U14,MADRID,Conexión AP-6 (El Espinar) – Otero de H.,Conexión AP-6 (El Espinar),Otero de H.
Peaje,Estatal,AP-7,2025-06-17 22:15:25,LIGEROS,"5,50 €",IVA incluido,Tarjeta de empresa,PASO-1A0190D0,EMP002,Transporte_02 S.L.,EMP002-U14,BARCELONA,737 Almoradí-Dolores – 768 Campoamor-Urbanizaciones,737 Almoradí-Dolores,768 Campoamor-Urbanizaciones
Peaje,Estatal,AP-68,2025-05-19 14:30:24,LIGEROS,"11,85 €",IVA incluido,Tarjeta de empresa,PASO-D8DE51BD,EMP002,Transporte_02 S.L.,EMP002-U14,ZARAGOZA,Alfaro – Zaragoza,Alfaro,Zaragoza
Peaje,Estatal,AP-7,2025-07-29 17:51:20,LIGEROS,"2,75 €",IVA incluido,Tarjeta de empresa,PASO-3649C523,EMP002,Transporte_02 S.L.,EMP002-U14,ALICANTE,784 San Javier (Sur)-Acceso aeropuerto – 790 Los Alcazares (Centro)-Torre Pacheco,784 San Javier (Sur)-Acceso aeropuerto,790 Los Alcazares (Centro)-Torre Pacheco
Peaje,Estatal,AP-7,2025-04-09 17:55:18,LIGEROS,"2,75 €",IVA incluido,Tarjeta de empresa,PASO-6FF45375,EMP002,Transporte_02 S.L.,EMP002-U14,CÁDIZ,Acceso de La Zenia – ,Acceso de La Zenia,
Peaje,Estatal,AP-7,2025-02-06 14:06:54,LIGEROS,"5,50 €",IVA incluido,Efectivo,PASO-4E0E575F,EMP002,Transporte_02 S.L.,EMP002-U14,ALICANTE,754 Carretera San Miguel Benijofar – 780 San Javier (Norte)-Sucina,754 Carretera San Miguel Benijofar,780 San Javier (Norte)-Sucina
Peaje,Estatal,AP-61,2025-02-24 00:15:51,LIGEROS,"2,15 €",IVA incluido,Tarjeta de empresa,PASO-34E66DEE,EMP002,Transporte_02 S.L.,EMP002-U14,MADRID,Otero de Herreros – Hontoria,Otero de Herreros,Hontoria
Peaje,Estatal,AP-61,2025-05-19 01:02:02,LIGEROS,"0,90 €",IVA incluido,Tarjeta de empresa,PASO-3B0A369D,EMP002,Transporte_02 S.L.,EMP002-U14,MADRID,San Rafael – Otero de Herreros,San Rafael,Otero de Herreros
Peaje,Estatal,AP-7,2025-02-17 20:09:30,LIGEROS,"2,75 €",IVA incluido,Tarjeta de empresa,PASO-89AAB7EA,EMP002,Transporte_02 S.L.,EMP002-U14,ALICANTE,754 Carretera San Miguel Benijofar – 780 San Javier (Norte)-Sucina,754 Carretera San Miguel Benijofar,780 San Javier (Norte)-Sucina
Peaje,Estatal,AP-7,2025-03-27 05:09:48,LIGEROS,"2,75 €",IVA incluido,Tarjeta de empresa,PASO-422A99AE,EMP002,Transporte_02 S.L.,EMP002-U14,CÁDIZ,758 San Miguel de Salinas-Torrevieja – 770 El Pilar de la Horadada (Norte),758 San Miguel de Salinas-Torrevieja,770 El Pilar de la Horadada (Norte)
Peaje,Estatal,AP-7,2025-07-15 00:45:08,LIGEROS,"2,75 €",IVA incluido,Tarjeta de empresa,PASO-3C046F52,EMP002,Transporte_02 S.L.,EMP002-U14,VALENCIA / VALÈNCIA,758 San Miguel de Salinas-Torrevieja – 768 Campoamor-Urbanizaciones,758 San Miguel de Salinas-Torrevieja,768 Campoamor-Urbanizaciones
Peaje,Estatal,AP-7,2025-05-14 01:25:02,LIGEROS,"2,75 €",IVA incluido,Tarjeta de empresa,PASO-9DCAD2B3,EMP002,Transporte_02 S.L.,EMP002-U15,BARCELONA,754 Carretera San Miguel Benijofar – 782 Balsicas,754 Carretera San Miguel Benijofar,782 Balsicas
Peaje,Estatal,AP-61,2025-06-11 09:33:52,LIGEROS,"1,50 €",IVA incluido,Tarjeta de empresa,PASO-5DEE3701,EMP002,Transporte_02 S.L.,EMP002-U15,MADRID,San Rafael – Ortigosa,San Rafael,Ortigosa
Peaje,Estatal,AP-7,2025-02-11 22:02:07,LIGEROS,"5,50 €",IVA incluido,Tarjeta de empresa,PASO-C0AA3903,EMP002,Transporte_02 S.L.,EMP002-U15,VALENCIA / VALÈNCIA,740 Almoradí-Formentera – 770 El Pilar de la Horadada (Norte),740 Almoradí-Formentera,770 El Pilar de la Horadada (Norte)
Peaje,Estatal,AP-7,2025-03-18 19:48:35,LIGEROS,"2,75 €",IVA incluido,Tarjeta de empresa,PASO-8A1EFDF8,EMP002,Transporte_02 S.L.,EMP002-U15,BARCELONA,754 Carretera San Miguel Benijofar – 768 Campoamor-Urbanizaciones,754 Carretera San Miguel Benijofar,768 Campoamor-Urbanizaciones
Peaje,Estatal,AP-7,2025-03-27 13:12:26,LIGEROS,"2,75 €",IVA incluido,Tarjeta de empresa,PASO-13142189,EMP002,Transporte_02 S.L.,EMP002-U15,ALICANTE,754 Carretera San Miguel Benijofar – 770 El Pilar de la Horadada (Norte),754 Carretera San Miguel Benijofar,770 El Pilar de la Horadada (Norte)
Peaje,Estatal,AP-7,2025-06-14 07:58:35,LIGEROS,"2,75 €",IVA incluido,Efectivo,PASO-C1F15899,EMP002,Transporte_02 S.L.,EMP002-U15,TARRAGONA,Troncal de Los Montesinos – ,Troncal de Los Montesinos,
Peaje,Estatal,AP-7,2025-04-16 15:22:50,LIGEROS,"2,75 €",IVA incluido,Efectivo,PASO-521A01F5,EMP002,Transporte_02 S.L.,EMP002-U15,BARCELONA,754 Carretera San Miguel Benijofar – 774 San Pedro del Pinatar (Norte),754 Carretera San Miguel Benijofar,774 San Pedro del Pinatar (Norte)
Peaje,Estatal,AP-7,2025-06-03 17:24:05,LIGEROS,"2,75 €",IVA incluido,Efectivo,PASO-4F539FC3,EMP002,Transporte_02 S.L.,EMP002-U15,CÁDIZ,754 Carretera San Miguel Benijofar – 800 Los Beatos-El Algar,754 Carretera San Miguel Benijofar,800 Los Beatos-El Algar
Peaje,Estatal,AP-7,2025-07-06 09:23:27,LIGEROS,"5,55 €",IVA incluido,Tarjeta de empresa,PASO-ABAE0B32,EMP002,Transporte_02 S.L.,EMP002-U15,VALENCIA / VALÈNCIA,Calahonda – San Pedro de Alcantara,Calahonda,San Pedro de Alcantara
Peaje,Estatal,AP-61,2025-07-24 11:39:14,LIGEROS,"2,15 €",IVA incluido,Tarjeta de empresa,PASO-13618071,EMP002,Transporte_02 S.L.,EMP002-U15,SEGOVIA,Otero de Herreros – Hontoria,Otero de Herreros,Hontoria
Peaje,Estatal,AP-7,2025-05-27 15:36:54,LIGEROS,"2,75 €",IVA incluido,Tarjeta de empresa,PASO-1303C9B3,EMP002,Transporte_02 S.L.,EMP002-U15,TARRAGONA,758 San Miguel de Salinas-Torrevieja – 770 El Pilar de la Horadada (Norte),758 San Miguel de Salinas-Torrevieja,770 El Pilar de la Horadada (Norte)
Peaje,Estatal,AP-61,2025-02-09 00:26:31,LIGEROS,"2,95 €",IVA incluido,Tarjeta de empresa,PASO-2C92FDEB,EMP002,Transporte_02 S.L.,EMP002-U15,MADRID,San Rafael – Segovia,San Rafael,Segovia
Peaje,Estatal,AP-68,2025-07-30 00:57:52,LIGEROS,"3,60 €",IVA incluido,Tarjeta de empresa,PASO-81505F19,EMP002,Transporte_02 S.L.,EMP002-U15,BIZKAIA,Agoncillo – Calahorra,Agoncillo,Calahorra
Peaje,Estatal,AP-7,2025-05-16 04:04:47,LIGEROS,"2,75 €",IVA incluido,Tarjeta de empresa,PASO-C714C849,EMP002,Transporte_02 S.L.,EMP002-U15,BARCELONA,763 La Zenia Urbanizaciones – 797 Torre del Negro,763 La Zenia Urbanizaciones,797 Torre del Negro
Peaje,Estatal,AP-7,2025-06-09 16:12:56,LIGEROS,"5,50 €",IVA incluido,Tarjeta de empresa,PASO-5BA93207,EMP002,Transporte_02 S.L.,EMP002-U15,BARCELONA,Troncal de Calahonda – ,Troncal de Calahonda,
Peaje,Estatal,AP-9,2025-06-12 03:54:38,LIGEROS,"1,35 €",IVA incluido,Tarjeta de empresa,PASO-C52C12EF,EMP002,Transporte_02 S.L.,EMP002-U15,PONTEVEDRA,Pontevedra – Vilaboa,Pontevedra,Vilaboa
Peaje,Estatal,AP-61,2025-01-29 08:26:09,LIGEROS,"2,85 €",IVA incluido,Tarjeta de empresa,PASO-173B964A,EMP002,Transporte_02 S.L.,EMP002-U15,MADRID,Conexión AP-6 (El Espinar) – Segovia,Conexión AP-6 (El Espinar),Segovia
Peaje,Estatal,AP-7,2025-07-22 04:54:05,LIGEROS,"2,75 €",IVA incluido,Tarjeta de empresa,PASO-2FB898F5,EMP002,Transporte_02 S.L.,EMP002-U15,VALENCIA / VALÈNCIA,754 Carretera San Miguel Benijofar – 775 Los Tárragas,754 Carretera San Miguel Benijofar,775 Los Tárragas
Peaje,Estatal,AP-61,2025-01-31 05:13:34,LIGEROS,"1,55 €",IVA incluido,Tarjeta de empresa,PASO-59673929,EMP002,Transporte_02 S.L.,EMP002-U15,MADRID,Ortigosa del Monte – Segovia,Ortigosa del Monte,Segovia
Peaje,Estatal,AP-7,2025-03-28 13:37:08,LIGEROS,"2,75 €",IVA incluido,Tarjeta de empresa,PASO-2ED60529,EMP002,Transporte_02 S.L.,EMP002-U15,MÁLAGA,754 Carretera San Miguel Benijofar – 782 Balsicas,754 Carretera San Miguel Benijofar,782 Balsicas
Peaje,Estatal,AP-66,2025-05-21 08:24:19,LIGEROS,"5,65 €",IVA incluido,Tarjeta de empresa,PASO-38A7CD1F,EMP002,Transporte_02 S.L.,EMP002-U15,ASTURIAS,Campomanes – Oblanca,Campomanes,Oblanca
Peaje,Estatal,AP-6,2025-02-09 13:01:12,LIGEROS,"3,10 €",IVA incluido,Tarjeta de empresa,PASO-BB4F3822,EMP002,Transporte_02 S.L.,EMP002-U15,MADRID,San Rafael – Villacastín,San Rafael,Villacastín
Peaje,Estatal,AP-7,2025-05-24 07:33:50,LIGEROS,"3,40 €",IVA incluido,Tarjeta de empresa,PASO-7FB0D375,EMP002,Transporte_02 S.L.,EMP002-U15,BARCELONA,Málaga – Calahonda,Málaga,Calahonda
Peaje,Estatal,AP-7,2025-06-15 09:53:31,LIGEROS,"2,75 €",IVA incluido,Tarjeta de empresa,PASO-EDEEDA14,EMP002,Transporte_02 S.L.,EMP002-U15,GIRONA,758 San Miguel de Salinas-Torrevieja – 780 San Javier (Norte)-Sucina,758 San Miguel de Salinas-Torrevieja,780 San Javier (Norte)-Sucina
Peaje,Estatal,AP-7,2025-05-16 01:31:46,LIGEROS,"5,50 €",IVA incluido,Tarjeta de empresa,PASO-F96B0479,EMP002,Transporte_02 S.L.,EMP002-U15,VALENCIA / VALÈNCIA,740 Almoradí-Formentera – 770 El Pilar de la Horadada (Norte),740 Almoradí-Formentera,770 El Pilar de la Horadada (Norte)
Peaje,Estatal,AP-7,2025-07-09 06:19:38,LIGEROS,"5,50 €",IVA incluido,Tarjeta de empresa,PASO-65B0C9C2,EMP002,Transporte_02 S.L.,EMP002-U15,BARCELONA,737 Almoradí-Dolores – 768 Campoamor-Urbanizaciones,737 Almoradí-Dolores,768 Campoamor-Urbanizaciones
Peaje,Estatal,AP-61,2025-03-05 05:45:43,LIGEROS,"2,15 €",IVA incluido,Tarjeta de empresa,PASO-58C53693,EMP002,Transporte_02 S.L.,EMP002-U16,MADRID,Otero de Herreros – Segovia,Otero de Herreros,Segovia
Peaje,Estatal,AP-7,2025-02-07 11:30:12,LIGEROS,"2,75 €",IVA incluido,Tarjeta de empresa,PASO-7C145336,EMP002,Transporte_02 S.L.,EMP002-U16,GIRONA,758 San Miguel de Salinas-Torrevieja – 775 Los Tárragas,758 San Miguel de Salinas-Torrevieja,775 Los Tárragas
Peaje,Estatal,AP-61,2025-07-05 12:16:03,LIGEROS,"0,00 €",IVA incluido,Efectivo,PASO-A3B258D8,EMP002,Transporte_02 S.L.,EMP002-U16,MADRID,Hontoria – Segovia,Hontoria,Segovia
Peaje,Estatal,AP-7,2025-01-07 04:10:56,LIGEROS,"2,75 €",IVA incluido,Efectivo,PASO-202F1438,EMP002,Transporte_02 S.L.,EMP002-U16,ALICANTE,754 Carretera San Miguel Benijofar – 763 La Zenia Urbanizaciones,754 Carretera San Miguel Benijofar,763 La Zenia Urbanizaciones
Peaje,Estatal,AP-7,2025-01-17 09:08:05,LIGEROS,"5,50 €",IVA incluido,Tarjeta de empresa,PASO-A0CF4975,EMP002,Transporte_02 S.L.,EMP002-U16,VALENCIA / VALÈNCIA,740 Almoradí-Formentera – 770 El Pilar de la Horadada (Norte),740 Almoradí-Formentera,770 El Pilar de la Horadada (Norte)
Peaje,Estatal,AP-7,2025-06-29 23:55:00,LIGEROS,"2,75 €",IVA incluido,Tarjeta de empresa,PASO-F75977D1,EMP002,Transporte_02 S.L.,EMP002-U16,MÁLAGA,758 San Miguel de Salinas-Torrevieja – 777 El Mirador-Colonia Ruiz de Alda,758 San Miguel de Salinas-Torrevieja,777 El Mirador-Colonia Ruiz de Alda
Peaje,Estatal,AP-7,2025-07-13 18:40:37,LIGEROS,"5,50 €",IVA incluido,Tarjeta de empresa,PASO-FE8CCC42,EMP002,Transporte_02 S.L.,EMP002-U16,VALENCIA / VALÈNCIA,751 Los Montesinos – 777 El Mirador-Colonia Ruiz de Alda,751 Los Montesinos,777 El Mirador-Colonia Ruiz de Alda
Peaje,Estatal,AP-7,2025-04-03 09:39:32,LIGEROS,"2,75 €",IVA incluido,Efectivo,PASO-9B85A493,EMP002,Transporte_02 S.L.,EMP002-U16,MÁLAGA,754 Carretera San Miguel Benijofar – 774 San Pedro del Pinatar (Norte),754 Carretera San Miguel Benijofar,774 San Pedro del Pinatar (Norte)
Peaje,Estatal,AP-7,2025-05-05 06:52:17,LIGEROS,"5,50 €",IVA incluido,Tarjeta de empresa,PASO-85856105,EMP002,Transporte_02 S.L.,EMP002-U16,CASTELLÓN / CASTELLÓ,743 Algorfa-Benijofar – 774 San Pedro del Pinatar (Norte),743 Algorfa-Benijofar,774 San Pedro del Pinatar (Norte)
Peaje,Estatal,AP-7,2025-07-28 18:05:59,LIGEROS,"2,75 €",IVA incluido,Tarjeta de empresa,PASO-84A68F9C,EMP002,Transporte_02 S.L.,EMP002-U16,BARCELONA,763 La Zenia Urbanizaciones – 775 Los Tárragas,763 La Zenia Urbanizaciones,775 Los Tárragas
Peaje,Estatal,AP-6,2025-06-15 21:07:03,LIGEROS,"5,45 €",IVA incluido,Tarjeta de empresa,PASO-24A53732,EMP002,Transporte_02 S.L.,EMP002-U16,ÁVILA,Villalba – San Rafael,Villalba,San Rafael
Peaje,Estatal,AP-9,2025-01-01 11:27:08,LIGEROS,"7,60 €",IVA incluido,Tarjeta de empresa,PASO-1126CA28,EMP002,Transporte_02 S.L.,EMP002-U16,PONTEVEDRA,A Coruña o A Barcala – Sigüeiro,A Coruña o A Barcala,Sigüeiro
Peaje,Estatal,AP-68,2025-07-07 08:00:39,LIGEROS,"26,55 €",IVA incluido,Tarjeta de empresa,PASO-3B3CF72E,EMP002,Transporte_02 S.L.,EMP002-U16,BIZKAIA,Subijana – Alagón pk 272,Subijana,Alagón pk 272
Peaje,Estatal,AP-61,2025-02-18 10:16:52,LIGEROS,"1,50 €",IVA incluido,Tarjeta de empresa,PASO-EC0F2F46,EMP002,Transporte_02 S.L.,EMP002-U16,SEGOVIA,San Rafael – Ortigosa,San Rafael,Ortigosa
Peaje,Estatal,AP-68,2025-03-24 03:08:13,LIGEROS,"5,85 €",IVA incluido,Tarjeta de empresa,PASO-489BF239,EMP002,Transporte_02 S.L.,EMP002-U16,ZARAGOZA,Altube – Autop. Burgos,Altube,Autop. Burgos
Peaje,Estatal,AP-7,2025-02-11 07:24:53,LIGEROS,"2,75 €",IVA incluido,Tarjeta de empresa,PASO-DD6B1329,EMP002,Transporte_02 S.L.,EMP002-U16,GIRONA,784 San Javier (Sur)-Acceso aeropuerto – 800 Los Beatos-El Algar,784 San Javier (Sur)-Acceso aeropuerto,800 Los Beatos-El Algar
Peaje,Estatal,AP-7,2025-01-19 07:28:58,LIGEROS,"2,75 €",IVA incluido,Tarjeta de empresa,PASO-EBFECF6B,EMP002,Transporte_02 S.L.,EMP002-U16,CASTELLÓN / CASTELLÓ,754 Carretera San Miguel Benijofar – 794 Los Alcazares (Sur),754 Carretera San Miguel Benijofar,794 Los Alcazares (Sur)
Peaje,Estatal,AP-7,2025-02-18 05:11:21,LIGEROS,"2,75 €",IVA incluido,Tarjeta de empresa,PASO-81A8CFFF,EMP002,Transporte_02 S.L.,EMP002-U16,TARRAGONA,763 La Zenia Urbanizaciones – 770 El Pilar de la Horadada,763 La Zenia Urbanizaciones,770 El Pilar de la Horadada
Peaje,Estatal,AP-7,2025-03-06 15:17:48,LIGEROS,"2,75 €",IVA incluido,Tarjeta de empresa,PASO-7EDCD9E1,EMP002,Transporte_02 S.L.,EMP002-U16,ALICANTE,763 La Zenia Urbanizaciones – 775 Los Tárragas,763 La Zenia Urbanizaciones,775 Los Tárragas
Peaje,Estatal,AP-53,2025-05-18 13:21:55,LIGEROS,"7,00 €",IVA incluido,Tarjeta de empresa,PASO-7FC67D31,EMP002,Transporte_02 S.L.,EMP002-U16,PONTEVEDRA,Santiago – Lalín Este,Santiago,Lalín Este
Peaje,Estatal,AP-6,2025-03-12 03:46:41,LIGEROS,"4,50 €",IVA incluido,Tarjeta de empresa,PASO-91B96B32,EMP002,Transporte_02 S.L.,EMP002-U16,MADRID,Villacastín – Adanero,Villacastín,Adanero
Peaje,Estatal,AP-61,2025-04-18 13:26:50,LIGEROS,"2,95 €",IVA incluido,Tarjeta de empresa,PASO-351C9698,EMP002,Transporte_02 S.L.,EMP002-U16,SEGOVIA,San Rafael – El Hontoria,San Rafael,El Hontoria
Peaje,Estatal,AP-7,2025-04-02 21:05:27,LIGEROS,"2,75 €",IVA incluido,Tarjeta de empresa,PASO-A900ED2D,EMP002,Transporte_02 S.L.,EMP002-U17,ALICANTE,763 La Zenia Urbanizaciones – 797 Torre del Negro,763 La Zenia Urbanizaciones,797 Torre del Negro
Peaje,Estatal,AP-68,2025-06-24 07:23:43,LIGEROS,"1,30 €",IVA incluido,Tarjeta de empresa,PASO-D7250F0E,EMP002,Transporte_02 S.L.,EMP002-U17,ZARAGOZA,Lodosa – Calahorra,Lodosa,Calahorra
Peaje,Estatal,AP-7,2025-06-25 11:33:18,LIGEROS,"2,75 €",IVA incluido,Tarjeta de empresa,PASO-41E97AB8,EMP002,Transporte_02 S.L.,EMP002-U17,BARCELONA,784 San Javier (Sur)-Acceso aeropuerto – 800 Los Beatos-El Algar,784 San Javier (Sur)-Acceso aeropuerto,800 Los Beatos-El Algar
Peaje,Estatal,AP-7,2025-03-01 05:58:11,LIGEROS,"2,75 €",IVA incluido,Tarjeta de empresa,PASO-ABA1D624,EMP002,Transporte_02 S.L.,EMP002-U17,VALENCIA / VALÈNCIA,758 San Miguel de Salinas-Torrevieja – 780 San Javier (Norte)-Sucina,758 San Miguel de Salinas-Torrevieja,780 San Javier (Norte)-Sucina
Peaje,Estatal,AP-68,2025-04-20 18:36:44,LIGEROS,"6,25 €",IVA incluido,Tarjeta de empresa,PASO-2D1FE23C,EMP002,Transporte_02 S.L.,EMP002-U17,ZARAGOZA,Zambrana – Logroño,Zambrana,Logroño
Peaje,Estatal,AP-61,2025-01-03 02:07:51,LIGEROS,"2,15 €",IVA incluido,Tarjeta de empresa,PASO-50700A10,EMP002,Transporte_02 S.L.,EMP002-U17,MADRID,Otero de Herreros – Segovia,Otero de Herreros,Segovia
Peaje,Estatal,AP-61,2025-04-18 03:28:51,LIGEROS,"2,95 €",IVA incluido,Efectivo,PASO-9C0A2EE0,EMP002,Transporte_02 S.L.,EMP002-U17,MADRID,San Rafael – Segovia,San Rafael,Segovia
Peaje,Estatal,AP-7,2025-04-08 23:23:19,LIGEROS,"2,75 €",IVA incluido,Efectivo,PASO-1F6C4613,EMP002,Transporte_02 S.L.,EMP002-U17,CASTELLÓN / CASTELLÓ,763 La Zenia Urbanizaciones – 800 Los Beatos-El Algar,763 La Zenia Urbanizaciones,800 Los Beatos-El Algar
Peaje,Estatal,AP-7,2025-07-10 15:36:36,LIGEROS,"5,50 €",IVA incluido,Tarjeta de empresa,PASO-AC95BE51,EMP002,Transporte_02 S.L.,EMP002-U17,VALENCIA / VALÈNCIA,Troncal de Calahonda – ,Troncal de Calahonda,
Peaje,Estatal,AP-7,2025-07-23 08:41:35,LIGEROS,"2,75 €",IVA incluido,Tarjeta de empresa,PASO-C951C038,EMP002,Transporte_02 S.L.,EMP002-U17,VALENCIA / VALÈNCIA,758 San Miguel de Salinas-Torrevieja – 780 San Javier (Norte)-Sucina,758 San Miguel de Salinas-Torrevieja,780 San Javier (Norte)-Sucina
Peaje,Estatal,AP-61,2025-01-26 17:33:41,LIGEROS,"2,15 €",IVA incluido,Tarjeta de empresa,PASO-635215BC,EMP002,Transporte_02 S.L.,EMP002-U17,MADRID,Otero de Herreros – Hontoria,Otero de Herreros,Hontoria
Peaje,Estatal,AP-7,2025-06-11 01:41:29,LIGEROS,"2,75 €",IVA incluido,Tarjeta de empresa,PASO-81ED4369,EMP002,Transporte_02 S.L.,EMP002-U17,BARCELONA,754 Carretera San Miguel Benijofar – 800 Los Beatos-El Algar,754 Carretera San Miguel Benijofar,800 Los Beatos-El Algar
Peaje,Estatal,AP-61,2025-02-26 13:47:11,LIGEROS,"1,50 €",IVA incluido,Efectivo,PASO-8FD22D44,EMP002,Transporte_02 S.L.,EMP002-U17,MADRID,San Rafael – Ortigosa,San Rafael,Ortigosa
Peaje,Estatal,AP-7,2025-06-22 19:16:55,LIGEROS,"5,50 €",IVA incluido,Tarjeta de empresa,PASO-6CEED15C,EMP002,Transporte_02 S.L.,EMP002-U17,MÁLAGA,774 San Pedro del Pinatar (Norte) – 794 Los Alcazares (Sur),774 San Pedro del Pinatar (Norte),794 Los Alcazares (Sur)
Peaje,Estatal,AP-61,2025-03-13 15:34:47,LIGEROS,"0,00 €",IVA incluido,Tarjeta de empresa,PASO-194AA903,EMP002,Transporte_02 S.L.,EMP002-U17,MADRID,Hontoria – Segovia,Hontoria,Segovia
Peaje,Estatal,AP-71,2025-05-29 14:44:19,LIGEROS,"2,72 €",IVA incluido,Tarjeta de empresa,PASO-FACFD3BF,EMP002,Transporte_02 S.L.,EMP002-U17,LEÓN,León – Hospital de Órbigo,León,Hospital de Órbigo
Peaje,Estatal,AP-7,2025-07-16 00:30:09,LIGEROS,"2,75 €",IVA incluido,Tarjeta de empresa,PASO-DC5C3B94,EMP002,Transporte_02 S.L.,EMP002-U17,BARCELONA,758 San Miguel de Salinas-Torrevieja – 780 San Javier (Norte)-Sucina,758 San Miguel de Salinas-Torrevieja,780 San Javier (Norte)-Sucina
Peaje,Estatal,AP-7,2025-04-24 16:59:58,LIGEROS,"5,50 €",IVA incluido,Tarjeta de empresa,PASO-44246516,EMP002,Transporte_02 S.L.,EMP002-U17,BARCELONA,Málaga – Marbella,Málaga,Marbella
Peaje,Estatal,AP-7,2025-05-30 23:55:00,LIGEROS,"5,50 €",IVA incluido,Tarjeta de empresa,PASO-F739B36A,EMP002,Transporte_02 S.L.,EMP002-U17,VALENCIA / VALÈNCIA,745 CV90-Torrevieja – 775 Los Tárragas,745 CV90-Torrevieja,775 Los Tárragas
Peaje,Estatal,AP-7,2025-03-19 12:24:47,LIGEROS,"2,75 €",IVA incluido,Tarjeta de empresa,PASO-E4952EAD,EMP002,Transporte_02 S.L.,EMP002-U17,VALENCIA / VALÈNCIA,Acceso de La Zenia – ,Acceso de La Zenia,
Peaje,Estatal,AP-7,2025-05-04 01:00:36,LIGEROS,"2,75 €",IVA incluido,Tarjeta de empresa,PASO-3BCD8B97,EMP002,Transporte_02 S.L.,EMP002-U17,GIRONA,754 Carretera San Miguel Benijofar – 797 Torre del Negro,754 Carretera San Miguel Benijofar,797 Torre del Negro
Peaje,Estatal,AP-66,2025-01-01 04:39:10,LIGEROS,"9,95 €",IVA incluido,Tarjeta de empresa,PASO-0CB643FC,EMP002,Transporte_02 S.L.,EMP002-U17,ASTURIAS,Oblanca – León,Oblanca,León
Peaje,Estatal,AP-7,2025-05-14 10:17:45,LIGEROS,"2,75 €",IVA incluido,Tarjeta de empresa,PASO-1108DF89,EMP002,Transporte_02 S.L.,EMP002-U17,BARCELONA,784 San Javier (Sur)-Acceso aeropuerto – 800 Los Beatos-El Algar,784 San Javier (Sur)-Acceso aeropuerto,800 Los Beatos-El Algar
Peaje,Estatal,AP-7,2025-07-24 05:57:37,LIGEROS,"5,50 €",IVA incluido,Tarjeta de empresa,PASO-1E2C5E9D,EMP002,Transporte_02 S.L.,EMP002-U17,VALENCIA / VALÈNCIA,758 San Miguel de Salinas-Torrevieja – 782 Balsicas,758 San Miguel de Salinas-Torrevieja,782 Balsicas
Peaje,Estatal,AP-7,2025-01-19 16:12:51,LIGEROS,"5,50 €",IVA incluido,Tarjeta de empresa,PASO-3B57EAE1,EMP002,Transporte_02 S.L.,EMP002-U18,ALICANTE,745 CV90-Torrevieja – 775 Los Tárragas,745 CV90-Torrevieja,775 Los Tárragas
Peaje,Estatal,AP-7,2025-04-26 00:19:18,LIGEROS,"2,75 €",IVA incluido,Tarjeta de empresa,PASO-3431C90E,EMP002,Transporte_02 S.L.,EMP002-U18,ALICANTE,784 San Javier (Sur)-Acceso aeropuerto – 786 Los Alcazares (Norte),784 San Javier (Sur)-Acceso aeropuerto,786 Los Alcazares (Norte)
Peaje,Estatal,AP-6,2025-07-01 04:36:56,LIGEROS,"9,75 €",IVA incluido,Tarjeta de empresa,PASO-11AE787A,EMP002,Transporte_02 S.L.,EMP002-U18,ÁVILA,Villalba – Villacastín,Villalba,Villacastín
Peaje,Estatal,AP-61,2025-05-13 20:21:05,LIGEROS,"1,55 €",IVA incluido,Tarjeta de empresa,PASO-5E5F0F7E,EMP002,Transporte_02 S.L.,EMP002-U18,MADRID,Ortigosa del Monte – Segovia,Ortigosa del Monte,Segovia
Peaje,Estatal,AP-7,2025-07-03 14:52:52,LIGEROS,"2,75 €",IVA incluido,Tarjeta de empresa,PASO-3CD46331,EMP002,Transporte_02 S.L.,EMP002-U18,BARCELONA,754 Carretera San Miguel Benijofar – 800 Los Beatos-El Algar,754 Carretera San Miguel Benijofar,800 Los Beatos-El Algar
Peaje,Estatal,AP-68,2025-02-15 03:02:52,LIGEROS,"10,80 €",IVA incluido,Efectivo,PASO-061D97E2,EMP002,Transporte_02 S.L.,EMP002-U18,ZARAGOZA,Altube – Cenicero,Altube,Cenicero
Peaje,Estatal,AP-7,2025-04-01 14:51:23,LIGEROS,"2,75 €",IVA incluido,Tarjeta de empresa,PASO-B7EFC171,EMP002,Transporte_02 S.L.,EMP002-U18,BARCELONA,Troncal de La Zenia – ,Troncal de La Zenia,
Peaje,Estatal,AP-7,2025-07-24 23:55:00,LIGEROS,"5,50 €",IVA incluido,Tarjeta de empresa,PASO-6993C172,EMP002,Transporte_02 S.L.,EMP002-U18,VALENCIA / VALÈNCIA,743 Algorfa-Benijofar – 774 San Pedro del Pinatar (Norte),743 Algorfa-Benijofar,774 San Pedro del Pinatar (Norte)
Peaje,Estatal,AP-66,2025-02-06 15:59:36,LIGEROS,"4,15 €",IVA incluido,Tarjeta de empresa,PASO-B252CF00,EMP002,Transporte_02 S.L.,EMP002-U18,LEÓN,Oblanca – La Magdalena,Oblanca,La Magdalena
Peaje,Estatal,AP-68,2025-05-02 23:44:34,LIGEROS,"7,10 €",IVA incluido,Tarjeta de empresa,PASO-2A6D95F8,EMP002,Transporte_02 S.L.,EMP002-U18,ZARAGOZA,Recajo – Alfaro,Recajo,Alfaro
Peaje,Estatal,AP-68,2025-05-05 05:23:05,LIGEROS,"15,45 €",IVA incluido,Efectivo,PASO-1F554C69,EMP002,Transporte_02 S.L.,EMP002-U18,ZARAGOZA,Autop. Burgos – Autop. Navarra,Autop. Burgos,Autop. Navarra
Peaje,Estatal,AP-7,2025-07-22 23:07:22,LIGEROS,"2,75 €",IVA incluido,Tarjeta de empresa,PASO-92954F64,EMP002,Transporte_02 S.L.,EMP002-U18,BARCELONA,754 Carretera San Miguel Benijofar – 763 La Zenia Urbanizaciones,754 Carretera San Miguel Benijofar,763 La Zenia Urbanizaciones
Peaje,Estatal,AP-7,2025-05-07 19:06:10,LIGEROS,"2,75 €",IVA incluido,Tarjeta de empresa,PASO-BD457842,EMP002,Transporte_02 S.L.,EMP002-U18,VALENCIA / VALÈNCIA,754 Carretera San Miguel Benijofar – 790 Los Alcazares (Centro)-Torre Pacheco,754 Carretera San Miguel Benijofar,790 Los Alcazares (Centro)-Torre Pacheco
Peaje,Estatal,AP-61,2025-01-19 19:26:47,LIGEROS,"0,00 €",IVA incluido,Tarjeta de empresa,PASO-A8FC7144,EMP002,Transporte_02 S.L.,EMP002-U18,MADRID,Hontoria – Segovia,Hontoria,Segovia
Peaje,Estatal,AP-61,2025-03-26 14:22:54,LIGEROS,"0,00 €",IVA incluido,Tarjeta de empresa,PASO-D007A5F3,EMP002,Transporte_02 S.L.,EMP002-U18,MADRID,Hontoria – Segovia,Hontoria,Segovia
Peaje,Estatal,AP-6,2025-03-04 19:16:01,LIGEROS,"5,45 €",IVA incluido,Tarjeta de empresa,PASO-35F2BECE,EMP002,Transporte_02 S.L.,EMP002-U18,MADRID,Villalba – San Rafael,Villalba,San Rafael
Peaje,Estatal,AP-7,2025-01-03 09:50:50,LIGEROS,"2,75 €",IVA incluido,Tarjeta de empresa,PASO-BC57283C,EMP002,Transporte_02 S.L.,EMP002-U18,CÁDIZ,763 La Zenia Urbanizaciones – 800 Los Beatos-El Algar,763 La Zenia Urbanizaciones,800 Los Beatos-El Algar
Peaje,Estatal,AP-9,2025-04-22 08:36:57,LIGEROS,"2,10 €",IVA incluido,Tarjeta de empresa,PASO-E6B26DE8,EMP002,Transporte_02 S.L.,EMP002-U18,PONTEVEDRA,Carracedo – Curro,Carracedo,Curro
Peaje,Estatal,AP-7,2025-06-20 18:09:57,LIGEROS,"2,75 €",IVA incluido,Tarjeta de empresa,PASO-F3CD0F60,EMP002,Transporte_02 S.L.,EMP002-U18,VALENCIA / VALÈNCIA,784 San Javier (Sur)-Acceso aeropuerto – 794 Los Alcazares (Sur),784 San Javier (Sur)-Acceso aeropuerto,794 Los Alcazares (Sur)
Peaje,Estatal,AP-66,2025-02-10 09:10:50,LIGEROS,"15,60 €",IVA incluido,Tarjeta de empresa,PASO-3047A351,EMP002,Transporte_02 S.L.,EMP002-U18,ASTURIAS,Campomanes – León,Campomanes,León
Peaje,Estatal,AP-7,2025-03-31 21:04:08,LIGEROS,"2,75 €",IVA incluido,Tarjeta de empresa,PASO-EA1B61DF,EMP002,Transporte_02 S.L.,EMP002-U18,ALICANTE,763 La Zenia Urbanizaciones – 797 Torre del Negro,763 La Zenia Urbanizaciones,797 Torre del Negro
Peaje,Estatal,AP-7,2025-04-22 19:51:05,LIGEROS,"5,50 €",IVA incluido,Efectivo,PASO-F2B59BD4,EMP002,Transporte_02 S.L.,EMP002-U18,CÁDIZ,763 La Zenia Urbanizaciones – 784 San Javier (Sur)-Acceso aeropuerto,763 La Zenia Urbanizaciones,784 San Javier (Sur)-Acceso aeropuerto
Peaje,Estatal,AP-7,2025-04-26 14:54:48,LIGEROS,"5,50 €",IVA incluido,Tarjeta de empresa,PASO-B4FFA339,EMP002,Transporte_02 S.L.,EMP002-U18,BARCELONA,775 Los Tárragas – 797 Torre del Negro,775 Los Tárragas,797 Torre del Negro
Peaje,Estatal,AP-7,2025-06-25 16:15:04,LIGEROS,"2,75 €",IVA incluido,Efectivo,PASO-5A74F1D4,EMP003,Transporte_03 S.L.,EMP003-U19,TARRAGONA,754 Carretera San Miguel Benijofar – 800 Los Beatos-El Algar,754 Carretera San Miguel Benijofar,800 Los Beatos-El Algar
Peaje,Estatal,AP-7,2025-07-13 19:52:48,LIGEROS,"5,50 €",IVA incluido,Tarjeta de empresa,PASO-BDF76480,EMP003,Transporte_03 S.L.,EMP003-U19,VALENCIA / VALÈNCIA,768 Campoamor-Urbanizaciones – 786 Los Alcazares (Norte),768 Campoamor-Urbanizaciones,786 Los Alcazares (Norte)
Peaje,Estatal,AP-61,2025-01-09 03:47:41,LIGEROS,"0,80 €",IVA incluido,Tarjeta de empresa,PASO-8BEB6AD8,EMP003,Transporte_03 S.L.,EMP003-U19,MADRID,Conexión AP-6 (El Espinar) – Otero de H.,Conexión AP-6 (El Espinar),Otero de H.
Peaje,Estatal,AP-7,2025-03-15 10:41:56,LIGEROS,"3,40 €",IVA incluido,Tarjeta de empresa,PASO-44DA7CF0,EMP003,Transporte_03 S.L.,EMP003-U19,VALENCIA / VALÈNCIA,Málaga – Calahonda,Málaga,Calahonda
Peaje,Estatal,AP-61,2025-05-06 13:08:34,LIGEROS,"2,85 €",IVA incluido,Efectivo,PASO-B119B3C2,EMP003,Transporte_03 S.L.,EMP003-U19,MADRID,Conexión AP-6 (El Espinar) – Segovia,Conexión AP-6 (El Espinar),Segovia
Peaje,Estatal,AP-7,2025-01-22 17:10:17,LIGEROS,"2,75 €",IVA incluido,Efectivo,PASO-BB1E819F,EMP003,Transporte_03 S.L.,EMP003-U19,ALICANTE,758 San Miguel de Salinas-Torrevieja – 763 La Zenia Urbanizaciones,758 San Miguel de Salinas-Torrevieja,763 La Zenia Urbanizaciones
Peaje,Estatal,AP-7,2025-05-22 21:04:10,LIGEROS,"2,75 €",IVA incluido,Tarjeta de empresa,PASO-148DED5C,EMP003,Transporte_03 S.L.,EMP003-U19,ALICANTE,758 San Miguel de Salinas-Torrevieja – 770 El Pilar de la Horadada (Norte),758 San Miguel de Salinas-Torrevieja,770 El Pilar de la Horadada (Norte)
Peaje,Estatal,AP-66,2025-06-04 20:29:21,LIGEROS,"9,95 €",IVA incluido,Tarjeta de empresa,PASO-64F91081,EMP003,Transporte_03 S.L.,EMP003-U19,ASTURIAS,Oblanca – León,Oblanca,León
Peaje,Estatal,AP-7,2025-05-01 00:05:00,LIGEROS,"2,75 €",IVA incluido,Efectivo,PASO-0080FB48,EMP003,Transporte_03 S.L.,EMP003-U19,BARCELONA,754 Carretera San Miguel Benijofar – 780 San Javier (Norte)-Sucina,754 Carretera San Miguel Benijofar,780 San Javier (Norte)-Sucina
Peaje,Estatal,AP-61,2025-07-28 06:26:15,LIGEROS,"1,40 €",IVA incluido,Tarjeta de empresa,PASO-B71C10E1,EMP003,Transporte_03 S.L.,EMP003-U19,MADRID,Conexión AP-6 (El Espinar) – Ortigosa,Conexión AP-6 (El Espinar),Ortigosa
Peaje,Estatal,AP-7,2025-07-19 13:18:17,LIGEROS,"2,75 €",IVA incluido,Tarjeta de empresa,PASO-1C0B149D,EMP003,Transporte_03 S.L.,EMP003-U19,MÁLAGA,754 Carretera San Miguel Benijofar – 780 San Javier (Norte)-Sucina,754 Carretera San Miguel Benijofar,780 San Javier (Norte)-Sucina
Peaje,Estatal,AP-7,2025-07-06 16:29:13,LIGEROS,"1,15 €",IVA incluido,Tarjeta de empresa,PASO-E3E2CF42,EMP003,Transporte_03 S.L.,EMP003-U19,CASTELLÓN / CASTELLÓ,Acceso de Manilva – ,Acceso de Manilva,
Peaje,Estatal,AP-7,2025-02-23 21:29:28,LIGEROS,"2,75 €",IVA incluido,Tarjeta de empresa,PASO-79B9B48C,EMP003,Transporte_03 S.L.,EMP003-U19,BARCELONA,763 La Zenia Urbanizaciones – 786 Los Alcazares (Norte),763 La Zenia Urbanizaciones,786 Los Alcazares (Norte)
Peaje,Estatal,AP-7,2025-06-09 13:23:21,LIGEROS,"2,75 €",IVA incluido,Efectivo,PASO-E13696A3,EMP003,Transporte_03 S.L.,EMP003-U19,TARRAGONA,754 Carretera San Miguel Benijofar – 800 Los Beatos-El Algar,754 Carretera San Miguel Benijofar,800 Los Beatos-El Algar
Peaje,Estatal,AP-7,2025-06-28 03:37:47,LIGEROS,"2,75 €",IVA incluido,Tarjeta de empresa,PASO-C5198DC9,EMP003,Transporte_03 S.L.,EMP003-U19,MÁLAGA,758 San Miguel de Salinas-Torrevieja – 775 Los Tárragas,758 San Miguel de Salinas-Torrevieja,775 Los Tárragas
Peaje,Estatal,AP-7,2025-05-01 18:17:39,LIGEROS,"2,75 €",IVA incluido,Efectivo,PASO-5B713F49,EMP003,Transporte_03 S.L.,EMP003-U19,ALICANTE,758 San Miguel de Salinas-Torrevieja – 770 El Pilar de la Horadada (Norte),758 San Miguel de Salinas-Torrevieja,770 El Pilar de la Horadada (Norte)
Peaje,Estatal,AP-7,2025-06-25 19:51:05,LIGEROS,"2,75 €",IVA incluido,Efectivo,PASO-5A108B27,EMP003,Transporte_03 S.L.,EMP003-U19,VALENCIA / VALÈNCIA,754 Carretera San Miguel Benijofar – 797 Torre del Negro,754 Carretera San Miguel Benijofar,797 Torre del Negro
Peaje,Estatal,AP-7,2025-01-04 05:40:51,LIGEROS,"5,50 €",IVA incluido,Tarjeta de empresa,PASO-8CAC8C51,EMP003,Transporte_03 S.L.,EMP003-U19,ALICANTE,737 Almoradí-Dolores – 768 Campoamor-Urbanizaciones,737 Almoradí-Dolores,768 Campoamor-Urbanizaciones
Peaje,Estatal,AP-7,2025-05-13 13:24:01,LIGEROS,"5,50 €",IVA incluido,Tarjeta de empresa,PASO-26CBE2AA,EMP003,Transporte_03 S.L.,EMP003-U19,CASTELLÓN / CASTELLÓ,754 Carretera San Miguel Benijofar – 780 San Javier (Norte)-Sucina,754 Carretera San Miguel Benijofar,780 San Javier (Norte)-Sucina
Peaje,Estatal,AP-61,2025-04-16 06:53:24,LIGEROS,"2,95 €",IVA incluido,Tarjeta de empresa,PASO-7D6A46DC,EMP003,Transporte_03 S.L.,EMP003-U19,MADRID,San Rafael – Segovia,San Rafael,Segovia
Peaje,Estatal,AP-7,2025-05-17 08:29:05,LIGEROS,"2,75 €",IVA incluido,Tarjeta de empresa,PASO-D4A62DCB,EMP003,Transporte_03 S.L.,EMP003-U20,ALICANTE,758 San Miguel de Salinas-Torrevieja – 768 Campoamor-Urbanizaciones,758 San Miguel de Salinas-Torrevieja,768 Campoamor-Urbanizaciones
Peaje,Estatal,AP-7,2025-01-06 08:08:35,LIGEROS,"5,50 €",IVA incluido,Tarjeta de empresa,PASO-834FFA1D,EMP003,Transporte_03 S.L.,EMP003-U20,ALICANTE,733 Catral-Albatera – 763 La Zenia Urbanizaciones,733 Catral-Albatera,763 La Zenia Urbanizaciones
Peaje,Estatal,AP-6,2025-06-02 18:30:37,LIGEROS,"5,45 €",IVA incluido,Efectivo,PASO-E64C85E7,EMP003,Transporte_03 S.L.,EMP003-U20,MADRID,Villalba – San Rafael,Villalba,San Rafael
Peaje,Estatal,AP-7,2025-01-13 12:14:49,LIGEROS,"2,75 €",IVA incluido,Tarjeta de empresa,PASO-CA06E491,EMP003,Transporte_03 S.L.,EMP003-U20,CÁDIZ,Troncal de Los Montesinos – ,Troncal de Los Montesinos,
Peaje,Estatal,AP-7,2025-04-02 22:17:01,LIGEROS,"9,20 €",IVA incluido,Tarjeta de empresa,PASO-7E452E08,EMP003,Transporte_03 S.L.,EMP003-U20,VALENCIA / VALÈNCIA,Málaga – Estepona,Málaga,Estepona
Peaje,Estatal,AP-61,2025-01-17 00:05:00,LIGEROS,"2,85 €",IVA incluido,Tarjeta de empresa,PASO-6B32044E,EMP003,Transporte_03 S.L.,EMP003-U20,MADRID,Conexión AP-6 (El Espinar) – Hontoria,Conexión AP-6 (El Espinar),Hontoria
Peaje,Estatal,AP-7,2025-01-27 13:09:41,LIGEROS,"2,75 €",IVA incluido,Tarjeta de empresa,PASO-41BC3202,EMP003,Transporte_03 S.L.,EMP003-U20,VALENCIA / VALÈNCIA,763 La Zenia Urbanizaciones – 786 Los Alcazares (Norte),763 La Zenia Urbanizaciones,786 Los Alcazares (Norte)
Peaje,Estatal,AP-7,2025-02-17 14:35:08,LIGEROS,"2,75 €",IVA incluido,Tarjeta de empresa,PASO-0EC9DD73,EMP003,Transporte_03 S.L.,EMP003-U20,CASTELLÓN / CASTELLÓ,754 Carretera San Miguel Benijofar – 800 Los Beatos-El Algar,754 Carretera San Miguel Benijofar,800 Los Beatos-El Algar
Peaje,Estatal,AP-68,2025-03-27 23:55:00,LIGEROS,"21,25 €",IVA incluido,Efectivo,PASO-AE09E923,EMP003,Transporte_03 S.L.,EMP003-U20,ZARAGOZA,Altube – Autop. Navarra,Altube,Autop. Navarra
Peaje,Estatal,AP-68,2025-07-21 03:01:09,LIGEROS,"13,30 €",IVA incluido,Tarjeta de empresa,PASO-B27DE2A3,EMP003,Transporte_03 S.L.,EMP003-U20,ZARAGOZA,Lodosa – Alagón pk 272,Lodosa,Alagón pk 272
Peaje,Estatal,AP-7,2025-04-06 16:22:27,LIGEROS,"2,75 €",IVA incluido,Tarjeta de empresa,PASO-5F4A8026,EMP003,Transporte_03 S.L.,EMP003-U20,ALICANTE,784 San Javier (Sur)-Acceso aeropuerto – 794 Los Alcazares (Sur),784 San Javier (Sur)-Acceso aeropuerto,794 Los Alcazares (Sur)
Peaje,Estatal,AP-7,2025-03-31 21:23:24,LIGEROS,"1,15 €",IVA incluido,Tarjeta de empresa,PASO-0C79EEB4,EMP003,Transporte_03 S.L.,EMP003-U20,MÁLAGA,Manilva – Guadiaro,Manilva,Guadiaro
Peaje,Estatal,AP-7,2025-01-03 09:17:01,LIGEROS,"2,75 €",IVA incluido,Efectivo,PASO-EE43A333,EMP003,Transporte_03 S.L.,EMP003-U20,BARCELONA,754 Carretera San Miguel Benijofar – 784 San Javier (Sur)-Acceso aeropuerto,754 Carretera San Miguel Benijofar,784 San Javier (Sur)-Acceso aeropuerto
Peaje,Estatal,AP-66,2025-02-16 18:43:57,LIGEROS,"9,95 €",IVA incluido,Tarjeta de empresa,PASO-8B452205,EMP003,Transporte_03 S.L.,EMP003-U20,ASTURIAS,Oblanca – León,Oblanca,León
Peaje,Estatal,AP-68,2025-02-23 00:05:00,LIGEROS,"18,30 €",IVA incluido,Tarjeta de empresa,PASO-47661827,EMP003,Transporte_03 S.L.,EMP003-U20,BIZKAIA,Llodio – Agoncillo,Llodio,Agoncillo
Peaje,Estatal,AP-7,2025-01-21 01:18:56,LIGEROS,"5,50 €",IVA incluido,Tarjeta de empresa,PASO-3C61FDCE,EMP003,Transporte_03 S.L.,EMP003-U20,CASTELLÓN / CASTELLÓ,768 Campoamor-Urbanizaciones – 786 Los Alcazares (Norte),768 Campoamor-Urbanizaciones,786 Los Alcazares (Norte)
Peaje,Estatal,AP-6,2025-03-01 11:01:51,LIGEROS,"8,75 €",IVA incluido,Tarjeta de empresa,PASO-92AFE44C,EMP003,Transporte_03 S.L.,EMP003-U20,SEGOVIA,San Rafael – Adanero,San Rafael,Adanero
Peaje,Estatal,AP-7,2025-04-18 05:24:16,LIGEROS,"1,15 €",IVA incluido,Tarjeta de empresa,PASO-7B00FCF8,EMP003,Transporte_03 S.L.,EMP003-U20,GIRONA,Estepona – Manilva,Estepona,Manilva
Peaje,Estatal,AP-68,2025-06-26 16:55:19,LIGEROS,"16,55 €",IVA incluido,Tarjeta de empresa,PASO-EC8DD24B,EMP003,Transporte_03 S.L.,EMP003-U20,ZARAGOZA,Altube – Lodosa,Altube,Lodosa
Peaje,Estatal,AP-68,2025-01-06 20:34:54,LIGEROS,"16,10 €",IVA incluido,Tarjeta de empresa,PASO-71374674,EMP003,Transporte_03 S.L.,EMP003-U20,BIZKAIA,Recajo – Alagón pk 272,Recajo,Alagón pk 272
Peaje,Estatal,AP-7,2025-07-15 20:51:47,LIGEROS,"2,75 €",IVA incluido,Tarjeta de empresa,PASO-4138CED3,EMP003,Transporte_03 S.L.,EMP003-U20,BARCELONA,730 Catral – 758 San Miguel de Salinas-Torrevieja,730 Catral,758 San Miguel de Salinas-Torrevieja
Peaje,Estatal,AP-7,2025-03-12 19:38:58,LIGEROS,"2,75 €",IVA incluido,Tarjeta de empresa,PASO-A8524BAD,EMP003,Transporte_03 S.L.,EMP003-U20,VALENCIA / VALÈNCIA,754 Carretera San Miguel Benijofar – 768 Campoamor-Urbanizaciones,754 Carretera San Miguel Benijofar,768 Campoamor-Urbanizaciones
Peaje,Estatal,AP-68,2025-02-12 21:41:41,LIGEROS,"1,30 €",IVA incluido,Tarjeta de empresa,PASO-591EEBAF,EMP003,Transporte_03 S.L.,EMP003-U20,ZARAGOZA,Lodosa – Calahorra,Lodosa,Calahorra
Peaje,Estatal,AP-7,2025-07-18 04:43:51,LIGEROS,"2,75 €",IVA incluido,Tarjeta de empresa,PASO-7F7EB501,EMP003,Transporte_03 S.L.,EMP003-U20,CASTELLÓN / CASTELLÓ,784 San Javier (Sur)-Acceso aeropuerto – 794 Los Alcazares (Sur),784 San Javier (Sur)-Acceso aeropuerto,794 Los Alcazares (Sur)
Peaje,Estatal,AP-66,2025-01-22 13:06:55,LIGEROS,"9,80 €",IVA incluido,Tarjeta de empresa,PASO-B5F2168D,EMP003,Transporte_03 S.L.,EMP003-U20,ASTURIAS,Campomanes – La Magdalena,Campomanes,La Magdalena
Peaje,Estatal,AP-61,2025-01-23 08:30:18,LIGEROS,"2,95 €",IVA incluido,Tarjeta de empresa,PASO-A25B9337,EMP003,Transporte_03 S.L.,EMP003-U20,MADRID,San Rafael – Segovia,San Rafael,Segovia
Peaje,Estatal,AP-61,2025-03-17 20:38:52,LIGEROS,"2,85 €",IVA incluido,Tarjeta de empresa,PASO-28DEC8E1,EMP003,Transporte_03 S.L.,EMP003-U20,SEGOVIA,Conexión AP-6 (El Espinar) – Hontoria,Conexión AP-6 (El Espinar),Hontoria
Peaje,Estatal,AP-7,2025-02-16 23:18:45,LIGEROS,"5,50 €",IVA incluido,Tarjeta de empresa,PASO-ABEF28A5,EMP003,Transporte_03 S.L.,EMP003-U20,GIRONA,733 Catral-Albatera – 763 La Zenia Urbanizaciones,733 Catral-Albatera,763 La Zenia Urbanizaciones
Peaje,Estatal,AP-61,2025-06-03 06:27:54,LIGEROS,"0,00 €",IVA incluido,Tarjeta de empresa,PASO-AF086BBC,EMP003,Transporte_03 S.L.,EMP003-U20,MADRID,Hontoria – Segovia,Hontoria,Segovia
Peaje,Estatal,AP-61,2025-05-31 04:17:25,LIGEROS,"2,85 €",IVA incluido,Tarjeta de empresa,PASO-8B9D47EB,EMP003,Transporte_03 S.L.,EMP003-U20,MADRID,Conexión AP-6 (El Espinar) – Segovia,Conexión AP-6 (El Espinar),Segovia
Peaje,Estatal,AP-7,2025-02-01 06:54:29,LIGEROS,"7,10 €",IVA incluido,Tarjeta de empresa,PASO-5EBC1027,EMP003,Transporte_03 S.L.,EMP003-U20,CÁDIZ,Calahonda – Estepona,Calahonda,Estepona
Peaje,Estatal,AP-7,2025-03-03 05:20:48,LIGEROS,"5,50 €",IVA incluido,Tarjeta de empresa,PASO-F05CCF87,EMP003,Transporte_03 S.L.,EMP003-U20,TARRAGONA,733 Catral-Albatera – 763 La Zenia Urbanizaciones,733 Catral-Albatera,763 La Zenia Urbanizaciones
Peaje,Estatal,AP-66,2025-04-17 16:06:26,LIGEROS,"6,10 €",IVA incluido,Tarjeta de empresa,PASO-1C6EC1AB,EMP003,Transporte_03 S.L.,EMP003-U20,LEÓN,La Magdalena – León,La Magdalena,León
Peaje,Estatal,AP-7,2025-04-29 20:48:32,LIGEROS,"2,75 €",IVA incluido,Tarjeta de empresa,PASO-43403D60,EMP003,Transporte_03 S.L.,EMP003-U20,VALENCIA / VALÈNCIA,754 Carretera San Miguel Benijofar – 780 San Javier (Norte)-Sucina,754 Carretera San Miguel Benijofar,780 San Javier (Norte)-Sucina
Peaje,Estatal,AP-7,2025-07-12 08:50:16,LIGEROS,"1,15 €",IVA incluido,Tarjeta de empresa,PASO-9E3622DB,EMP003,Transporte_03 S.L.,EMP003-U20,BARCELONA,Acceso de Manilva – ,Acceso de Manilva,
Peaje,Estatal,AP-7,2025-04-01 01:35:24,LIGEROS,"2,75 €",IVA incluido,Tarjeta de empresa,PASO-D3F62AB3,EMP003,Transporte_03 S.L.,EMP003-U21,VALENCIA / VALÈNCIA,754 Carretera San Miguel Benijofar – 794 Los Alcazares (Sur),754 Carretera San Miguel Benijofar,794 Los Alcazares (Sur)
Peaje,Estatal,AP-7,2025-07-31 20:46:16,LIGEROS,"2,75 €",IVA incluido,Efectivo,PASO-230DEEE9,EMP003,Transporte_03 S.L.,EMP003-U21,VALENCIA / VALÈNCIA,763 La Zenia Urbanizaciones – 800 Los Beatos-El Algar,763 La Zenia Urbanizaciones,800 Los Beatos-El Algar
Peaje,Estatal,AP-61,2025-05-29 10:18:41,LIGEROS,"0,80 €",IVA incluido,Tarjeta de empresa,PASO-AE836968,EMP003,Transporte_03 S.L.,EMP003-U21,MADRID,Conexión AP-6 (El Espinar) – Otero de H.,Conexión AP-6 (El Espinar),Otero de H.
Peaje,Estatal,AP-61,2025-01-29 12:59:36,LIGEROS,"2,85 €",IVA incluido,Tarjeta de empresa,PASO-0D98D966,EMP003,Transporte_03 S.L.,EMP003-U21,MADRID,Conexión AP-6 (El Espinar) – Hontoria,Conexión AP-6 (El Espinar),Hontoria
Peaje,Estatal,AP-7,2025-07-10 13:10:55,LIGEROS,"3,40 €",IVA incluido,Efectivo,PASO-635DE94A,EMP003,Transporte_03 S.L.,EMP003-U21,BARCELONA,Calahonda – Marbella,Calahonda,Marbella
Peaje,Estatal,AP-7,2025-07-24 15:21:18,LIGEROS,"2,75 €",IVA incluido,Tarjeta de empresa,PASO-E9251444,EMP003,Transporte_03 S.L.,EMP003-U21,MÁLAGA,784 San Javier (Sur)-Acceso aeropuerto – 797 Torre del Negro,784 San Javier (Sur)-Acceso aeropuerto,797 Torre del Negro
Peaje,Estatal,AP-66,2025-01-15 22:05:00,LIGEROS,"4,15 €",IVA incluido,Efectivo,PASO-E23C8921,EMP003,Transporte_03 S.L.,EMP003-U21,ASTURIAS,Oblanca – La Magdalena,Oblanca,La Magdalena
Peaje,Estatal,AP-7,2025-03-17 17:02:05,LIGEROS,"2,75 €",IVA incluido,Tarjeta de empresa,PASO-22581FF3,EMP003,Transporte_03 S.L.,EMP003-U21,CASTELLÓN / CASTELLÓ,763 La Zenia Urbanizaciones – 782 Balsicas,763 La Zenia Urbanizaciones,782 Balsicas
Peaje,Estatal,AP-7,2025-01-31 09:07:19,LIGEROS,"3,40 €",IVA incluido,Tarjeta de empresa,PASO-C2F53F9C,EMP003,Transporte_03 S.L.,EMP003-U21,CÁDIZ,Málaga – Calahonda,Málaga,Calahonda
Peaje,Estatal,AP-61,2025-05-18 22:32:46,LIGEROS,"2,85 €",IVA incluido,Tarjeta de empresa,PASO-E47479CA,EMP003,Transporte_03 S.L.,EMP003-U21,MADRID,Conexión AP-6 (El Espinar) – Segovia,Conexión AP-6 (El Espinar),Segovia
Peaje,Estatal,AP-7,2025-06-18 01:05:20,LIGEROS,"2,75 €",IVA incluido,Tarjeta de empresa,PASO-9B2EC785,EMP003,Transporte_03 S.L.,EMP003-U21,VALENCIA / VALÈNCIA,754 Carretera San Miguel Benijofar – 790 Los Alcazares (Centro)-Torre Pacheco,754 Carretera San Miguel Benijofar,790 Los Alcazares (Centro)-Torre Pacheco
Peaje,Estatal,AP-68,2025-06-18 20:02:21,LIGEROS,"21,25 €",IVA incluido,Tarjeta de empresa,PASO-9E41502F,EMP003,Transporte_03 S.L.,EMP003-U21,BIZKAIA,Altube – Autop. Navarra,Altube,Autop. Navarra
Peaje,Estatal,AP-7,2025-07-16 05:46:17,LIGEROS,"2,15 €",IVA incluido,Tarjeta de empresa,PASO-5BA26C82,EMP003,Transporte_03 S.L.,EMP003-U21,MÁLAGA,Marbella – San Pedro de Alcantara,Marbella,San Pedro de Alcantara
Peaje,Estatal,AP-7,2025-07-04 19:15:28,LIGEROS,"3,70 €",IVA incluido,Tarjeta de empresa,PASO-46EA185F,EMP003,Transporte_03 S.L.,EMP003-U21,VALENCIA / VALÈNCIA,Marbella – Estepona,Marbella,Estepona
Peaje,Estatal,AP-7,2025-04-17 23:16:09,LIGEROS,"2,75 €",IVA incluido,Tarjeta de empresa,PASO-82CFF5AE,EMP003,Transporte_03 S.L.,EMP003-U21,VALENCIA / VALÈNCIA,754 Carretera San Miguel Benijofar – 770 El Pilar de la Horadada (Norte),754 Carretera San Miguel Benijofar,770 El Pilar de la Horadada (Norte)
Peaje,Estatal,AP-61,2025-05-19 23:46:16,LIGEROS,"2,95 €",IVA incluido,Tarjeta de empresa,PASO-95C971F5,EMP003,Transporte_03 S.L.,EMP003-U21,MADRID,San Rafael – El Hontoria,San Rafael,El Hontoria
Peaje,Estatal,AP-7,2025-07-07 03:24:25,LIGEROS,"2,75 €",IVA incluido,Tarjeta de empresa,PASO-887F32BF,EMP003,Transporte_03 S.L.,EMP003-U21,VALENCIA / VALÈNCIA,724 Entronque A-7 – 754 Carretera San Miguel Benijofar,724 Entronque A-7,754 Carretera San Miguel Benijofar
Peaje,Estatal,AP-7,2025-07-25 20:03:34,LIGEROS,"2,75 €",IVA incluido,Tarjeta de empresa,PASO-3F285EB8,EMP003,Transporte_03 S.L.,EMP003-U21,GIRONA,754 Carretera San Miguel Benijofar – 770 El Pilar de la Horadada (Norte),754 Carretera San Miguel Benijofar,770 El Pilar de la Horadada (Norte)
Peaje,Estatal,AP-68,2025-05-24 04:21:24,LIGEROS,"14,30 €",IVA incluido,Tarjeta de empresa,PASO-BFC7D7C1,EMP003,Transporte_03 S.L.,EMP003-U21,BIZKAIA,Zambrana – Alfaro,Zambrana,Alfaro
Peaje,Estatal,AP-68,2025-05-17 08:35:23,LIGEROS,"12,45 €",IVA incluido,Tarjeta de empresa,PASO-BFB92149,EMP003,Transporte_03 S.L.,EMP003-U21,BIZKAIA,Agoncillo – Gallur,Agoncillo,Gallur
Peaje,Estatal,AP-7,2025-01-16 06:32:41,LIGEROS,"2,15 €",IVA incluido,Tarjeta de empresa,PASO-71548A6D,EMP003,Transporte_03 S.L.,EMP003-U21,BARCELONA,Marbella – San Pedro de Alcantara,Marbella,San Pedro de Alcantara
Peaje,Estatal,AP-61,2025-03-17 19:10:41,LIGEROS,"2,15 €",IVA incluido,Tarjeta de empresa,PASO-C3493B5E,EMP003,Transporte_03 S.L.,EMP003-U21,MADRID,Otero de Herreros – Hontoria,Otero de Herreros,Hontoria
Peaje,Estatal,AP-7,2025-06-15 18:05:19,LIGEROS,"2,75 €",IVA incluido,Efectivo,PASO-4EFE5260,EMP003,Transporte_03 S.L.,EMP003-U21,BARCELONA,758 San Miguel de Salinas-Torrevieja – 763 La Zenia Urbanizaciones,758 San Miguel de Salinas-Torrevieja,763 La Zenia Urbanizaciones
Peaje,Estatal,AP-68,2025-02-02 06:05:56,LIGEROS,"20,80 €",IVA incluido,Tarjeta de empresa,PASO-97C05534,EMP003,Transporte_03 S.L.,EMP003-U21,ZARAGOZA,Altube – Alfaro,Altube,Alfaro
Peaje,Estatal,AP-68,2025-06-22 13:05:49,LIGEROS,"30,95 €",IVA incluido,Tarjeta de empresa,PASO-4008BEED,EMP003,Transporte_03 S.L.,EMP003-U21,ZARAGOZA,Ziorraga – Alagón pk 272,Ziorraga,Alagón pk 272
Peaje,Estatal,AP-9,2025-06-27 07:30:23,LIGEROS,"4,35 €",IVA incluido,Tarjeta de empresa,PASO-CEEE60E7,EMP003,Transporte_03 S.L.,EMP003-U22,PONTEVEDRA,Santiago – Santiago,Santiago,Santiago
Peaje,Estatal,AP-7,2025-06-16 14:12:26,LIGEROS,"2,75 €",IVA incluido,Tarjeta de empresa,PASO-3C2FBD35,EMP003,Transporte_03 S.L.,EMP003-U22,BARCELONA,730 Catral – 758 San Miguel de Salinas-Torrevieja,730 Catral,758 San Miguel de Salinas-Torrevieja
Peaje,Estatal,AP-61,2025-02-19 23:55:00,LIGEROS,"2,15 €",IVA incluido,Tarjeta de empresa,PASO-41DF0EA1,EMP003,Transporte_03 S.L.,EMP003-U22,MADRID,Otero de Herreros – Segovia,Otero de Herreros,Segovia
Peaje,Estatal,AP-7,2025-07-14 05:57:49,LIGEROS,"2,75 €",IVA incluido,Tarjeta de empresa,PASO-417EBADC,EMP003,Transporte_03 S.L.,EMP003-U22,GIRONA,754 Carretera San Miguel Benijofar – 784 San Javier (Sur)-Acceso aeropuerto,754 Carretera San Miguel Benijofar,784 San Javier (Sur)-Acceso aeropuerto
Peaje,Estatal,AP-7,2025-02-08 14:33:17,LIGEROS,"2,75 €",IVA incluido,Tarjeta de empresa,PASO-D797B906,EMP003,Transporte_03 S.L.,EMP003-U22,VALENCIA / VALÈNCIA,754 Carretera San Miguel Benijofar – 777 El Mirador-Colonia Ruiz de Alda,754 Carretera San Miguel Benijofar,777 El Mirador-Colonia Ruiz de Alda
Peaje,Estatal,AP-7,2025-04-15 20:44:55,LIGEROS,"2,15 €",IVA incluido,Tarjeta de empresa,PASO-8033F285,EMP003,Transporte_03 S.L.,EMP003-U22,ALICANTE,San Pedro de Alcantara – Estepona,San Pedro de Alcantara,Estepona
Peaje,Estatal,AP-61,2025-03-17 15:42:24,LIGEROS,"2,15 €",IVA incluido,Tarjeta de empresa,PASO-BF912E0A,EMP003,Transporte_03 S.L.,EMP003-U22,SEGOVIA,Otero de Herreros – Hontoria,Otero de Herreros,Hontoria
Peaje,Estatal,AP-7,2025-03-13 14:32:47,LIGEROS,"2,75 €",IVA incluido,Tarjeta de empresa,PASO-9612C751,EMP003,Transporte_03 S.L.,EMP003-U22,GIRONA,Troncal de La Zenia – ,Troncal de La Zenia,
Peaje,Estatal,AP-68,2025-04-12 16:19:24,LIGEROS,"4,35 €",IVA incluido,Tarjeta de empresa,PASO-A41E4790,EMP003,Transporte_03 S.L.,EMP003-U22,BIZKAIA,Zambrana – Cenicero,Zambrana,Cenicero
Peaje,Estatal,AP-7,2025-02-06 03:49:04,LIGEROS,"7,10 €",IVA incluido,Tarjeta de empresa,PASO-5E3D2B20,EMP003,Transporte_03 S.L.,EMP003-U22,ALICANTE,Calahonda – Estepona,Calahonda,Estepona
Peaje,Estatal,AP-61,2025-04-30 08:22:06,LIGEROS,"0,70 €",IVA incluido,Tarjeta de empresa,PASO-FA6E7C5E,EMP003,Transporte_03 S.L.,EMP003-U22,MADRID,Otero de Herreros – Ortigosa,Otero de Herreros,Ortigosa
Peaje,Estatal,AP-7,2025-03-30 05:47:20,LIGEROS,"2,75 €",IVA incluido,Tarjeta de empresa,PASO-E0A66AD9,EMP003,Transporte_03 S.L.,EMP003-U22,BARCELONA,754 Carretera San Miguel Benijofar – 784 San Javier (Sur)-Acceso aeropuerto,754 Carretera San Miguel Benijofar,784 San Javier (Sur)-Acceso aeropuerto
Peaje,Estatal,AP-68,2025-02-07 15:25:06,LIGEROS,"25,40 €",IVA incluido,Efectivo,PASO-CBDEF578,EMP003,Transporte_03 S.L.,EMP003-U22,BIZKAIA,Llodio – Autop. Navarra,Llodio,Autop. Navarra
Peaje,Estatal,AP-7,2025-02-18 14:14:14,LIGEROS,"2,75 €",IVA incluido,Tarjeta de empresa,PASO-129607C9,EMP003,Transporte_03 S.L.,EMP003-U22,CÁDIZ,763 La Zenia Urbanizaciones – 797 Torre del Negro,763 La Zenia Urbanizaciones,797 Torre del Negro
Peaje,Estatal,AP-61,2025-07-16 09:31:03,LIGEROS,"2,95 €",IVA incluido,Tarjeta de empresa,PASO-C0761710,EMP003,Transporte_03 S.L.,EMP003-U22,SEGOVIA,San Rafael – El Hontoria,San Rafael,El Hontoria
Peaje,Estatal,AP-7,2025-05-18 15:16:13,LIGEROS,"2,75 €",IVA incluido,Tarjeta de empresa,PASO-F39F6F51,EMP003,Transporte_03 S.L.,EMP003-U22,VALENCIA / VALÈNCIA,754 Carretera San Miguel Benijofar – 777 El Mirador-Colonia Ruiz de Alda,754 Carretera San Miguel Benijofar,777 El Mirador-Colonia Ruiz de Alda
Peaje,Estatal,AP-7,2025-07-15 14:09:05,LIGEROS,"2,75 €",IVA incluido,Efectivo,PASO-39A2CCBB,EMP003,Transporte_03 S.L.,EMP003-U22,GIRONA,Troncal de Los Montesinos – ,Troncal de Los Montesinos,
Peaje,Estatal,AP-7,2025-01-21 01:05:58,LIGEROS,"2,75 €",IVA incluido,Tarjeta de empresa,PASO-83476194,EMP003,Transporte_03 S.L.,EMP003-U22,BARCELONA,758 San Miguel de Salinas-Torrevieja – 768 Campoamor-Urbanizaciones,758 San Miguel de Salinas-Torrevieja,768 Campoamor-Urbanizaciones
Peaje,Estatal,AP-7,2025-05-30 05:10:07,LIGEROS,"5,50 €",IVA incluido,Tarjeta de empresa,PASO-D6E6DD49,EMP003,Transporte_03 S.L.,EMP003-U22,BARCELONA,743 Algorfa-Benijofar – 774 San Pedro del Pinatar (Norte),743 Algorfa-Benijofar,774 San Pedro del Pinatar (Norte)
Peaje,Estatal,AP-61,2025-01-06 06:28:52,LIGEROS,"1,55 €",IVA incluido,Tarjeta de empresa,PASO-FFE932AC,EMP003,Transporte_03 S.L.,EMP003-U22,MADRID,Ortigosa del Monte – Hontoria,Ortigosa del Monte,Hontoria
Peaje,Estatal,AP-7,2025-07-24 18:21:16,LIGEROS,"2,75 €",IVA incluido,Tarjeta de empresa,PASO-4E4CBC16,EMP003,Transporte_03 S.L.,EMP003-U22,ALICANTE,Troncal de La Zenia – ,Troncal de La Zenia,
Peaje,Estatal,AP-7,2025-02-28 23:55:00,LIGEROS,"2,75 €",IVA incluido,Tarjeta de empresa,PASO-981B7ABF,EMP003,Transporte_03 S.L.,EMP003-U22,CASTELLÓN / CASTELLÓ,763 La Zenia Urbanizaciones – 790 Los Alcazares (Centro)-Torre Pacheco,763 La Zenia Urbanizaciones,790 Los Alcazares (Centro)-Torre Pacheco
Peaje,Estatal,AP-7,2025-06-29 21:24:29,LIGEROS,"2,75 €",IVA incluido,Tarjeta de empresa,PASO-03B89CE4,EMP003,Transporte_03 S.L.,EMP003-U22,MÁLAGA,758 San Miguel de Salinas-Torrevieja – 777 El Mirador-Colonia Ruiz de Alda,758 San Miguel de Salinas-Torrevieja,777 El Mirador-Colonia Ruiz de Alda
Peaje,Estatal,AP-7,2025-04-21 15:47:36,LIGEROS,"2,75 €",IVA incluido,Tarjeta de empresa,PASO-675BCC41,EMP003,Transporte_03 S.L.,EMP003-U22,TARRAGONA,754 Carretera San Miguel Benijofar – 777 El Mirador-Colonia Ruiz de Alda,754 Carretera San Miguel Benijofar,777 El Mirador-Colonia Ruiz de Alda
Peaje,Estatal,AP-61,2025-01-25 02:51:30,LIGEROS,"1,40 €",IVA incluido,Efectivo,PASO-80DC021D,EMP003,Transporte_03 S.L.,EMP003-U22,MADRID,Conexión AP-6 (El Espinar) – Ortigosa,Conexión AP-6 (El Espinar),Ortigosa
Peaje,Estatal,AP-66,2025-07-15 09:59:08,LIGEROS,"5,65 €",IVA incluido,Efectivo,PASO-2F3E5A72,EMP003,Transporte_03 S.L.,EMP003-U22,ASTURIAS,Campomanes – Oblanca,Campomanes,Oblanca
Peaje,Estatal,AP-7,2025-04-18 19:20:32,LIGEROS,"5,50 €",IVA incluido,Tarjeta de empresa,PASO-E0796B1E,EMP003,Transporte_03 S.L.,EMP003-U23,MÁLAGA,768 Campoamor-Urbanizaciones – 786 Los Alcazares (Norte),768 Campoamor-Urbanizaciones,786 Los Alcazares (Norte)
Peaje,Estatal,AP-7,2025-04-10 02:06:49,LIGEROS,"2,75 €",IVA incluido,Tarjeta de empresa,PASO-2C1F1AE9,EMP003,Transporte_03 S.L.,EMP003-U23,VALENCIA / VALÈNCIA,754 Carretera San Miguel Benijofar – 800 Los Beatos-El Algar,754 Carretera San Miguel Benijofar,800 Los Beatos-El Algar
Peaje,Estatal,AP-7,2025-03-28 05:43:33,LIGEROS,"2,75 €",IVA incluido,Tarjeta de empresa,PASO-8FF89210,EMP003,Transporte_03 S.L.,EMP003-U23,BARCELONA,754 Carretera San Miguel Benijofar – 770 El Pilar de la Horadada (Norte),754 Carretera San Miguel Benijofar,770 El Pilar de la Horadada (Norte)
Peaje,Estatal,AP-7,2025-03-23 13:19:00,LIGEROS,"2,75 €",IVA incluido,Tarjeta de empresa,PASO-ACA2620D,EMP003,Transporte_03 S.L.,EMP003-U23,MÁLAGA,763 La Zenia Urbanizaciones – 770 El Pilar de la Horadada,763 La Zenia Urbanizaciones,770 El Pilar de la Horadada
Peaje,Estatal,AP-7,2025-04-16 10:22:08,LIGEROS,"2,75 €",IVA incluido,Tarjeta de empresa,PASO-283CFC52,EMP003,Transporte_03 S.L.,EMP003-U23,ALICANTE,754 Carretera San Miguel Benijofar – 800 Los Beatos-El Algar,754 Carretera San Miguel Benijofar,800 Los Beatos-El Algar
Peaje,Estatal,AP-53,2025-06-26 18:30:36,LIGEROS,"7,00 €",IVA incluido,Tarjeta de empresa,PASO-0B407386,EMP003,Transporte_03 S.L.,EMP003-U23,PONTEVEDRA,Santiago – Lalín Centro,Santiago,Lalín Centro
Peaje,Estatal,AP-61,2025-02-20 07:05:08,LIGEROS,"0,80 €",IVA incluido,Tarjeta de empresa,PASO-3CB2ABC0,EMP003,Transporte_03 S.L.,EMP003-U23,MADRID,Conexión AP-6 (El Espinar) – Otero de H.,Conexión AP-6 (El Espinar),Otero de H.
Peaje,Estatal,AP-7,2025-01-18 21:43:07,LIGEROS,"2,75 €",IVA incluido,Tarjeta de empresa,PASO-ED025EA5,EMP003,Transporte_03 S.L.,EMP003-U23,ALICANTE,763 La Zenia Urbanizaciones – 775 Los Tárragas,763 La Zenia Urbanizaciones,775 Los Tárragas
Peaje,Estatal,AP-7,2025-04-01 16:29:56,LIGEROS,"2,75 €",IVA incluido,Tarjeta de empresa,PASO-299C173F,EMP003,Transporte_03 S.L.,EMP003-U23,GIRONA,754 Carretera San Miguel Benijofar – 786 Los Alcazares (Norte),754 Carretera San Miguel Benijofar,786 Los Alcazares (Norte)
Peaje,Estatal,AP-61,2025-04-02 23:55:00,LIGEROS,"2,85 €",IVA incluido,Tarjeta de empresa,PASO-34337121,EMP003,Transporte_03 S.L.,EMP003-U23,MADRID,Conexión AP-6 (El Espinar) – Hontoria,Conexión AP-6 (El Espinar),Hontoria
Peaje,Estatal,AP-61,2025-02-18 13:21:46,LIGEROS,"0,80 €",IVA incluido,Tarjeta de empresa,PASO-0AEEA869,EMP003,Transporte_03 S.L.,EMP003-U23,SEGOVIA,Conexión AP-6 (El Espinar) – Otero de Herreros,Conexión AP-6 (El Espinar),Otero de Herreros
Peaje,Estatal,AP-61,2025-01-24 23:05:36,LIGEROS,"2,95 €",IVA incluido,Efectivo,PASO-B7508D24,EMP003,Transporte_03 S.L.,EMP003-U23,MADRID,San Rafael – Segovia,San Rafael,Segovia
Peaje,Estatal,AP-68,2025-05-19 16:44:25,LIGEROS,"15,85 €",IVA incluido,Tarjeta de empresa,PASO-377B55E7,EMP003,Transporte_03 S.L.,EMP003-U23,BIZKAIA,Lodosa – Zaragoza,Lodosa,Zaragoza
Peaje,Estatal,AP-7,2025-02-09 09:04:40,LIGEROS,"2,75 €",IVA incluido,Tarjeta de empresa,PASO-1B6AC34D,EMP003,Transporte_03 S.L.,EMP003-U23,VALENCIA / VALÈNCIA,758 San Miguel de Salinas-Torrevieja – 777 El Mirador-Colonia Ruiz de Alda,758 San Miguel de Salinas-Torrevieja,777 El Mirador-Colonia Ruiz de Alda
Peaje,Estatal,AP-7,2025-04-11 03:30:54,LIGEROS,"5,50 €",IVA incluido,Efectivo,PASO-AFA91C45,EMP003,Transporte_03 S.L.,EMP003-U23,CASTELLÓN / CASTELLÓ,768 Campoamor-Urbanizaciones – 786 Los Alcazares (Norte),768 Campoamor-Urbanizaciones,786 Los Alcazares (Norte)
Peaje,Estatal,AP-68,2025-03-01 09:58:46,LIGEROS,"16,10 €",IVA incluido,Tarjeta de empresa,PASO-C8DEE308,EMP003,Transporte_03 S.L.,EMP003-U23,ZARAGOZA,Recajo – Alagón pk 272,Recajo,Alagón pk 272
Peaje,Estatal,AP-7,2025-06-25 09:30:36,LIGEROS,"2,75 €",IVA incluido,Tarjeta de empresa,PASO-3F9C32E5,EMP003,Transporte_03 S.L.,EMP003-U23,VALENCIA / VALÈNCIA,763 La Zenia Urbanizaciones – 768 Campoamor-Urbanizaciones,763 La Zenia Urbanizaciones,768 Campoamor-Urbanizaciones
Peaje,Estatal,AP-7,2025-07-20 23:30:30,LIGEROS,"2,75 €",IVA incluido,Tarjeta de empresa,PASO-9C694201,EMP003,Transporte_03 S.L.,EMP003-U23,BARCELONA,754 Carretera San Miguel Benijofar – 775 Los Tárragas,754 Carretera San Miguel Benijofar,775 Los Tárragas
Peaje,Estatal,AP-7,2025-06-14 04:45:22,LIGEROS,"2,75 €",IVA incluido,Tarjeta de empresa,PASO-B5B88E75,EMP003,Transporte_03 S.L.,EMP003-U23,MÁLAGA,754 Carretera San Miguel Benijofar – 797 Torre del Negro,754 Carretera San Miguel Benijofar,797 Torre del Negro
Peaje,Estatal,AP-7,2025-04-07 02:01:49,LIGEROS,"5,50 €",IVA incluido,Tarjeta de empresa,PASO-48BB966A,EMP003,Transporte_03 S.L.,EMP003-U23,MÁLAGA,733 Catral-Albatera – 763 La Zenia Urbanizaciones,733 Catral-Albatera,763 La Zenia Urbanizaciones
Peaje,Estatal,AP-7,2025-05-02 03:01:10,LIGEROS,"1,15 €",IVA incluido,Tarjeta de empresa,PASO-49CB7081,EMP003,Transporte_03 S.L.,EMP003-U23,VALENCIA / VALÈNCIA,Manilva – Guadiaro,Manilva,Guadiaro
Peaje,Estatal,AP-7,2025-02-15 12:42:59,LIGEROS,"2,75 €",IVA incluido,Tarjeta de empresa,PASO-CD138C34,EMP003,Transporte_03 S.L.,EMP003-U23,MÁLAGA,754 Carretera San Miguel Benijofar – 786 Los Alcazares (Norte),754 Carretera San Miguel Benijofar,786 Los Alcazares (Norte)
Peaje,Estatal,AP-7,2025-05-25 09:24:59,LIGEROS,"2,75 €",IVA incluido,Tarjeta de empresa,PASO-D7338964,EMP003,Transporte_03 S.L.,EMP003-U23,ALICANTE,Troncal de Los Montesinos – ,Troncal de Los Montesinos,
Peaje,Estatal,AP-7,2025-03-17 18:13:52,LIGEROS,"2,75 €",IVA incluido,Tarjeta de empresa,PASO-549AD6D1,EMP003,Transporte_03 S.L.,EMP003-U23,ALICANTE,758 San Miguel de Salinas-Torrevieja – 780 San Javier (Norte)-Sucina,758 San Miguel de Salinas-Torrevieja,780 San Javier (Norte)-Sucina
Peaje,Estatal,AP-7,2025-02-04 10:07:56,LIGEROS,"3,70 €",IVA incluido,Efectivo,PASO-CC54ECD2,EMP003,Transporte_03 S.L.,EMP003-U23,MÁLAGA,Marbella – Estepona,Marbella,Estepona
Peaje,Estatal,AP-7,2025-01-31 23:55:00,LIGEROS,"2,75 €",IVA incluido,Tarjeta de empresa,PASO-EE1D87DA,EMP003,Transporte_03 S.L.,EMP003-U24,VALENCIA / VALÈNCIA,784 San Javier (Sur)-Acceso aeropuerto – 786 Los Alcazares (Norte),784 San Javier (Sur)-Acceso aeropuerto,786 Los Alcazares (Norte)
Peaje,Estatal,AP-68,2025-06-13 15:38:01,LIGEROS,"5,95 €",IVA incluido,Tarjeta de empresa,PASO-CF811335,EMP003,Transporte_03 S.L.,EMP003-U24,ZARAGOZA,Gallur – Zaragoza,Gallur,Zaragoza
Peaje,Estatal,AP-61,2025-03-21 13:34:20,LIGEROS,"2,95 €",IVA incluido,Tarjeta de empresa,PASO-36DC3EB8,EMP003,Transporte_03 S.L.,EMP003-U24,MADRID,San Rafael – El Hontoria,San Rafael,El Hontoria
Peaje,Estatal,AP-7,2025-07-29 10:01:35,LIGEROS,"2,75 €",IVA incluido,Efectivo,PASO-F6F7E76C,EMP003,Transporte_03 S.L.,EMP003-U24,MÁLAGA,754 Carretera San Miguel Benijofar – 763 La Zenia Urbanizaciones,754 Carretera San Miguel Benijofar,763 La Zenia Urbanizaciones
Peaje,Estatal,AP-7,2025-02-28 02:06:04,LIGEROS,"2,75 €",IVA incluido,Tarjeta de empresa,PASO-C45DDAF9,EMP003,Transporte_03 S.L.,EMP003-U24,VALENCIA / VALÈNCIA,754 Carretera San Miguel Benijofar – 786 Los Alcazares (Norte),754 Carretera San Miguel Benijofar,786 Los Alcazares (Norte)
Peaje,Estatal,AP-7,2025-06-15 13:27:00,LIGEROS,"5,50 €",IVA incluido,Tarjeta de empresa,PASO-75DB1C4B,EMP003,Transporte_03 S.L.,EMP003-U24,GIRONA,743 Algorfa-Benijofar – 774 San Pedro del Pinatar (Norte),743 Algorfa-Benijofar,774 San Pedro del Pinatar (Norte)
Peaje,Estatal,AP-68,2025-02-09 20:07:24,LIGEROS,"11,20 €",IVA incluido,Tarjeta de empresa,PASO-BE5BFA4A,EMP003,Transporte_03 S.L.,EMP003-U24,BIZKAIA,Autop. Navarra – Zaragoza,Autop. Navarra,Zaragoza
Peaje,Estatal,AP-68,2025-04-30 12:46:22,LIGEROS,"11,30 €",IVA incluido,Tarjeta de empresa,PASO-DBD405E4,EMP003,Transporte_03 S.L.,EMP003-U24,BIZKAIA,Zambrana – Calahorra,Zambrana,Calahorra
Peaje,Estatal,AP-7,2025-03-25 05:19:02,LIGEROS,"2,75 €",IVA incluido,Tarjeta de empresa,PASO-53B0E55B,EMP003,Transporte_03 S.L.,EMP003-U24,TARRAGONA,763 La Zenia Urbanizaciones – 782 Balsicas,763 La Zenia Urbanizaciones,782 Balsicas
Peaje,Estatal,AP-7,2025-04-26 13:17:46,LIGEROS,"2,75 €",IVA incluido,Tarjeta de empresa,PASO-EB09C170,EMP003,Transporte_03 S.L.,EMP003-U24,GIRONA,758 San Miguel de Salinas-Torrevieja – 780 San Javier (Norte)-Sucina,758 San Miguel de Salinas-Torrevieja,780 San Javier (Norte)-Sucina
Peaje,Estatal,AP-7,2025-06-04 07:32:59,LIGEROS,"2,75 €",IVA incluido,Tarjeta de empresa,PASO-BD838A52,EMP003,Transporte_03 S.L.,EMP003-U24,GIRONA,763 La Zenia Urbanizaciones – 797 Torre del Negro,763 La Zenia Urbanizaciones,797 Torre del Negro
Peaje,Estatal,AP-7,2025-03-03 13:45:49,LIGEROS,"5,50 €",IVA incluido,Tarjeta de empresa,PASO-FE9E58DA,EMP003,Transporte_03 S.L.,EMP003-U24,BARCELONA,770 El Pilar de la Horadada (Norte) – 790 Los Alcazares (Centro)-Torre Pacheco,770 El Pilar de la Horadada (Norte),790 Los Alcazares (Centro)-Torre Pacheco
Peaje,Estatal,AP-7,2025-04-25 02:39:01,LIGEROS,"3,40 €",IVA incluido,Tarjeta de empresa,PASO-3F7BB5A9,EMP003,Transporte_03 S.L.,EMP003-U24,CASTELLÓN / CASTELLÓ,Acceso de Calahonda – ,Acceso de Calahonda,
Peaje,Estatal,AP-61,2025-06-05 18:40:21,LIGEROS,"0,00 €",IVA incluido,Tarjeta de empresa,PASO-C209D21E,EMP003,Transporte_03 S.L.,EMP003-U24,MADRID,Hontoria – Segovia,Hontoria,Segovia
Peaje,Estatal,AP-7,2025-05-24 12:46:16,LIGEROS,"2,75 €",IVA incluido,Tarjeta de empresa,PASO-88444975,EMP003,Transporte_03 S.L.,EMP003-U24,MÁLAGA,758 San Miguel de Salinas-Torrevieja – 775 Los Tárragas,758 San Miguel de Salinas-Torrevieja,775 Los Tárragas
Peaje,Estatal,AP-7,2025-04-22 03:30:22,LIGEROS,"2,75 €",IVA incluido,Tarjeta de empresa,PASO-45A71C1A,EMP003,Transporte_03 S.L.,EMP003-U24,VALENCIA / VALÈNCIA,758 San Miguel de Salinas-Torrevieja – 777 El Mirador-Colonia Ruiz de Alda,758 San Miguel de Salinas-Torrevieja,777 El Mirador-Colonia Ruiz de Alda
Peaje,Estatal,AP-61,2025-04-10 02:40:33,LIGEROS,"2,95 €",IVA incluido,Tarjeta de empresa,PASO-BE023030,EMP003,Transporte_03 S.L.,EMP003-U24,MADRID,San Rafael – El Hontoria,San Rafael,El Hontoria
Peaje,Estatal,AP-7,2025-03-21 17:21:06,LIGEROS,"2,75 €",IVA incluido,Tarjeta de empresa,PASO-32B43D2D,EMP003,Transporte_03 S.L.,EMP003-U24,BARCELONA,758 San Miguel de Salinas-Torrevieja – 782 Balsicas,758 San Miguel de Salinas-Torrevieja,782 Balsicas
Peaje,Estatal,AP-7,2025-06-25 00:05:00,LIGEROS,"2,75 €",IVA incluido,Tarjeta de empresa,PASO-8C1149A0,EMP003,Transporte_03 S.L.,EMP003-U25,TARRAGONA,754 Carretera San Miguel Benijofar – 777 El Mirador-Colonia Ruiz de Alda,754 Carretera San Miguel Benijofar,777 El Mirador-Colonia Ruiz de Alda
Peaje,Estatal,AP-7,2025-04-28 13:44:54,LIGEROS,"2,40 €",IVA incluido,Tarjeta de empresa,PASO-172AA5D8,EMP003,Transporte_03 S.L.,EMP003-U25,VALENCIA / VALÈNCIA,Estepona – Guadiaro,Estepona,Guadiaro
Peaje,Estatal,AP-7,2025-01-27 14:14:23,LIGEROS,"2,75 €",IVA incluido,Tarjeta de empresa,PASO-7EB51434,EMP003,Transporte_03 S.L.,EMP003-U25,CÁDIZ,758 San Miguel de Salinas-Torrevieja – 774 San Pedro del Pinatar (Norte),758 San Miguel de Salinas-Torrevieja,774 San Pedro del Pinatar (Norte)
Peaje,Estatal,AP-68,2025-02-25 09:35:27,LIGEROS,"2,35 €",IVA incluido,Tarjeta de empresa,PASO-75249E06,EMP003,Transporte_03 S.L.,EMP003-U25,ZARAGOZA,Agoncillo – Lodosa,Agoncillo,Lodosa
Peaje,Estatal,AP-61,2025-02-16 15:25:24,LIGEROS,"2,85 €",IVA incluido,Tarjeta de empresa,PASO-19B22BDC,EMP003,Transporte_03 S.L.,EMP003-U25,MADRID,Conexión AP-6 (El Espinar) – Hontoria,Conexión AP-6 (El Espinar),Hontoria
Peaje,Estatal,AP-7,2025-06-10 23:53:11,LIGEROS,"2,75 €",IVA incluido,Efectivo,PASO-6A0D49A4,EMP003,Transporte_03 S.L.,EMP003-U25,ALICANTE,754 Carretera San Miguel Benijofar – 775 Los Tárragas,754 Carretera San Miguel Benijofar,775 Los Tárragas
Peaje,Estatal,AP-7,2025-02-25 00:05:00,LIGEROS,"2,75 €",IVA incluido,Efectivo,PASO-754E9184,EMP003,Transporte_03 S.L.,EMP003-U25,ALICANTE,754 Carretera San Miguel Benijofar – 782 Balsicas,754 Carretera San Miguel Benijofar,782 Balsicas
Peaje,Estatal,AP-7,2025-05-23 18:28:47,LIGEROS,"2,75 €",IVA incluido,Efectivo,PASO-7B9E3744,EMP003,Transporte_03 S.L.,EMP003-U25,ALICANTE,763 La Zenia Urbanizaciones – 800 Los Beatos-El Algar,763 La Zenia Urbanizaciones,800 Los Beatos-El Algar
Peaje,Estatal,AP-9,2025-06-01 03:44:13,LIGEROS,"4,35 €",IVA incluido,Tarjeta de empresa,PASO-DE129041,EMP003,Transporte_03 S.L.,EMP003-U25,PONTEVEDRA,Santiago – Santiago,Santiago,Santiago
Peaje,Estatal,AP-7,2025-01-04 08:56:12,LIGEROS,"2,40 €",IVA incluido,Tarjeta de empresa,PASO-4570C996,EMP003,Transporte_03 S.L.,EMP003-U25,CASTELLÓN / CASTELLÓ,Troncal de Manilva – ,Troncal de Manilva,
Peaje,Estatal,AP-7,2025-05-15 17:43:17,LIGEROS,"3,40 €",IVA incluido,Tarjeta de empresa,PASO-A84F1948,EMP003,Transporte_03 S.L.,EMP003-U25,VALENCIA / VALÈNCIA,Málaga – Calahonda,Málaga,Calahonda
Peaje,Estatal,AP-7,2025-03-27 18:29:44,LIGEROS,"2,75 €",IVA incluido,Tarjeta de empresa,PASO-340BC810,EMP003,Transporte_03 S.L.,EMP003-U25,VALENCIA / VALÈNCIA,754 Carretera San Miguel Benijofar – 770 El Pilar de la Horadada (Norte),754 Carretera San Miguel Benijofar,770 El Pilar de la Horadada (Norte)
Peaje,Estatal,AP-7,2025-06-06 19:29:49,LIGEROS,"2,75 €",IVA incluido,Tarjeta de empresa,PASO-79B7BE6A,EMP003,Transporte_03 S.L.,EMP003-U25,BARCELONA,763 La Zenia Urbanizaciones – 780 San Javier (Norte)-Sucina,763 La Zenia Urbanizaciones,780 San Javier (Norte)-Sucina
Peaje,Estatal,AP-7,2025-05-04 12:07:26,LIGEROS,"2,75 €",IVA incluido,Tarjeta de empresa,PASO-C628E97E,EMP003,Transporte_03 S.L.,EMP003-U25,BARCELONA,784 San Javier (Sur)-Acceso aeropuerto – 800 Los Beatos-El Algar,784 San Javier (Sur)-Acceso aeropuerto,800 Los Beatos-El Algar
Peaje,Estatal,AP-7,2025-03-14 17:00:14,LIGEROS,"2,75 €",IVA incluido,Tarjeta de empresa,PASO-92C54134,EMP003,Transporte_03 S.L.,EMP003-U25,BARCELONA,758 San Miguel de Salinas-Torrevieja – 775 Los Tárragas,758 San Miguel de Salinas-Torrevieja,775 Los Tárragas
Peaje,Estatal,AP-7,2025-01-01 03:20:44,LIGEROS,"2,75 €",IVA incluido,Tarjeta de empresa,PASO-8EB6166B,EMP003,Transporte_03 S.L.,EMP003-U25,BARCELONA,754 Carretera San Miguel Benijofar – 777 El Mirador-Colonia Ruiz de Alda,754 Carretera San Miguel Benijofar,777 El Mirador-Colonia Ruiz de Alda
Peaje,Estatal,AP-6,2025-03-13 20:35:45,LIGEROS,"5,45 €",IVA incluido,Tarjeta de empresa,PASO-7C1AF65D,EMP003,Transporte_03 S.L.,EMP003-U25,MADRID,Villalba – San Rafael,Villalba,San Rafael
Peaje,Estatal,AP-7,2025-06-15 19:40:16,LIGEROS,"2,75 €",IVA incluido,Efectivo,PASO-696031B1,EMP003,Transporte_03 S.L.,EMP003-U25,VALENCIA / VALÈNCIA,758 San Miguel de Salinas-Torrevieja – 775 Los Tárragas,758 San Miguel de Salinas-Torrevieja,775 Los Tárragas
Peaje,Estatal,AP-7,2025-06-24 22:38:47,LIGEROS,"2,75 €",IVA incluido,Tarjeta de empresa,PASO-4B74349B,EMP003,Transporte_03 S.L.,EMP003-U25,VALENCIA / VALÈNCIA,758 San Miguel de Salinas-Torrevieja – 770 El Pilar de la Horadada (Norte),758 San Miguel de Salinas-Torrevieja,770 El Pilar de la Horadada (Norte)
Peaje,Estatal,AP-7,2025-06-26 07:19:38,LIGEROS,"2,75 €",IVA incluido,Tarjeta de empresa,PASO-AC7FFC2D,EMP003,Transporte_03 S.L.,EMP003-U25,TARRAGONA,754 Carretera San Miguel Benijofar – 780 San Javier (Norte)-Sucina,754 Carretera San Miguel Benijofar,780 San Javier (Norte)-Sucina
Peaje,Estatal,AP-68,2025-05-29 17:35:06,LIGEROS,"4,95 €",IVA incluido,Tarjeta de empresa,PASO-BE757F24,EMP003,Transporte_03 S.L.,EMP003-U25,BIZKAIA,Lodosa – Autop. Navarra,Lodosa,Autop. Navarra
Peaje,Estatal,AP-68,2025-01-27 09:48:45,LIGEROS,"18,15 €",IVA incluido,Efectivo,PASO-1AFB927C,EMP003,Transporte_03 S.L.,EMP003-U25,ZARAGOZA,Agoncillo – Zaragoza,Agoncillo,Zaragoza
Peaje,Estatal,AP-61,2025-04-07 22:22:31,LIGEROS,"0,80 €",IVA incluido,Tarjeta de empresa,PASO-9E3918D2,EMP003,Transporte_03 S.L.,EMP003-U25,MADRID,Conexión AP-6 (El Espinar) – Otero de Herreros,Conexión AP-6 (El Espinar),Otero de Herreros
Peaje,Estatal,AP-68,2025-03-21 11:13:39,LIGEROS,"12,15 €",IVA incluido,Tarjeta de empresa,PASO-9C8CFD75,EMP003,Transporte_03 S.L.,EMP003-U25,ZARAGOZA,Calahorra – Alagón pk 272,Calahorra,Alagón pk 272
Peaje,Estatal,AP-7,2025-02-06 23:22:15,LIGEROS,"2,75 €",IVA incluido,Tarjeta de empresa,PASO-E8C85813,EMP003,Transporte_03 S.L.,EMP003-U26,MÁLAGA,754 Carretera San Miguel Benijofar – 790 Los Alcazares (Centro)-Torre Pacheco,754 Carretera San Miguel Benijofar,790 Los Alcazares (Centro)-Torre Pacheco
Peaje,Estatal,AP-66,2025-05-08 02:40:05,LIGEROS,"4,15 €",IVA incluido,Tarjeta de empresa,PASO-D124BAB4,EMP003,Transporte_03 S.L.,EMP003-U26,ASTURIAS,Oblanca – La Magdalena,Oblanca,La Magdalena
Peaje,Estatal,AP-7,2025-06-21 09:51:23,LIGEROS,"2,40 €",IVA incluido,Tarjeta de empresa,PASO-A41FE073,EMP003,Transporte_03 S.L.,EMP003-U26,BARCELONA,Troncal de Manilva – ,Troncal de Manilva,
Peaje,Estatal,AP-66,2025-06-22 05:34:49,LIGEROS,"4,15 €",IVA incluido,Tarjeta de empresa,PASO-46AD1B2A,EMP003,Transporte_03 S.L.,EMP003-U26,LEÓN,Oblanca – La Magdalena,Oblanca,La Magdalena
Peaje,Estatal,AP-61,2025-02-22 00:48:35,LIGEROS,"1,55 €",IVA incluido,Tarjeta de empresa,PASO-62432287,EMP003,Transporte_03 S.L.,EMP003-U26,MADRID,Ortigosa del Monte – Segovia,Ortigosa del Monte,Segovia
Peaje,Estatal,AP-9,2025-03-28 04:55:13,LIGEROS,"2,75 €",IVA incluido,Efectivo,PASO-F68520A6,EMP003,Transporte_03 S.L.,EMP003-U26,PONTEVEDRA,Caldas de Reis – Pontevedra,Caldas de Reis,Pontevedra
Peaje,Estatal,AP-7,2025-05-16 20:43:30,LIGEROS,"7,10 €",IVA incluido,Tarjeta de empresa,PASO-9DF0C0D1,EMP003,Transporte_03 S.L.,EMP003-U26,MÁLAGA,Calahonda – Estepona,Calahonda,Estepona
Peaje,Estatal,AP-7,2025-05-14 01:53:40,LIGEROS,"7,10 €",IVA incluido,Tarjeta de empresa,PASO-FB8E4E58,EMP003,Transporte_03 S.L.,EMP003-U26,BARCELONA,Calahonda – Estepona,Calahonda,Estepona
Peaje,Estatal,AP-6,2025-01-29 23:55:00,LIGEROS,"4,50 €",IVA incluido,Tarjeta de empresa,PASO-0B7285B3,EMP003,Transporte_03 S.L.,EMP003-U26,ÁVILA,Villacastín – Adanero,Villacastín,Adanero
Peaje,Estatal,AP-7,2025-02-02 11:38:36,LIGEROS,"2,75 €",IVA incluido,Tarjeta de empresa,PASO-C04A0550,EMP003,Transporte_03 S.L.,EMP003-U26,BARCELONA,754 Carretera San Miguel Benijofar – 768 Campoamor-Urbanizaciones,754 Carretera San Miguel Benijofar,768 Campoamor-Urbanizaciones
Peaje,Estatal,AP-7,2025-02-21 00:05:00,LIGEROS,"2,75 €",IVA incluido,Tarjeta de empresa,PASO-89C88ECA,EMP003,Transporte_03 S.L.,EMP003-U26,TARRAGONA,763 La Zenia Urbanizaciones – 797 Torre del Negro,763 La Zenia Urbanizaciones,797 Torre del Negro
Peaje,Estatal,AP-7,2025-07-30 04:33:32,LIGEROS,"5,50 €",IVA incluido,Tarjeta de empresa,PASO-3A307A85,EMP003,Transporte_03 S.L.,EMP003-U26,MÁLAGA,751 Los Montesinos – 777 El Mirador-Colonia Ruiz de Alda,751 Los Montesinos,777 El Mirador-Colonia Ruiz de Alda
Peaje,Estatal,AP-7,2025-02-03 06:40:27,LIGEROS,"2,75 €",IVA incluido,Efectivo,PASO-9D1D3FAE,EMP003,Transporte_03 S.L.,EMP003-U26,BARCELONA,758 San Miguel de Salinas-Torrevieja – 770 El Pilar de la Horadada (Norte),758 San Miguel de Salinas-Torrevieja,770 El Pilar de la Horadada (Norte)
Peaje,Estatal,AP-68,2025-02-03 06:37:47,LIGEROS,"7,25 €",IVA incluido,Efectivo,PASO-F794F7F8,EMP003,Transporte_03 S.L.,EMP003-U26,ZARAGOZA,Tudela – Alagón pk 272,Tudela,Alagón pk 272
Peaje,Estatal,AP-7,2025-06-25 16:19:49,LIGEROS,"2,75 €",IVA incluido,Tarjeta de empresa,PASO-48C6B831,EMP003,Transporte_03 S.L.,EMP003-U26,CÁDIZ,763 La Zenia Urbanizaciones – 797 Torre del Negro,763 La Zenia Urbanizaciones,797 Torre del Negro
Peaje,Estatal,AP-61,2025-02-08 07:40:15,LIGEROS,"1,40 €",IVA incluido,Tarjeta de empresa,PASO-7751CADD,EMP003,Transporte_03 S.L.,EMP003-U26,MADRID,Conexión AP-6 (El Espinar) – Ortigosa,Conexión AP-6 (El Espinar),Ortigosa
Peaje,Estatal,AP-66,2025-07-21 08:54:46,LIGEROS,"5,65 €",IVA incluido,Tarjeta de empresa,PASO-55CC989D,EMP003,Transporte_03 S.L.,EMP003-U26,ASTURIAS,Campomanes – Oblanca,Campomanes,Oblanca
Peaje,Estatal,AP-7,2025-02-24 03:09:55,LIGEROS,"2,15 €",IVA incluido,Tarjeta de empresa,PASO-8B7FB491,EMP003,Transporte_03 S.L.,EMP003-U26,MÁLAGA,San Pedro de Alcantara – Estepona,San Pedro de Alcantara,Estepona
Peaje,Estatal,AP-68,2025-01-28 16:42:41,LIGEROS,"26,55 €",IVA incluido,Efectivo,PASO-88A84C20,EMP003,Transporte_03 S.L.,EMP003-U26,ZARAGOZA,Subijana – Alagón pk 272,Subijana,Alagón pk 272
Peaje,Estatal,AP-7,2025-01-23 11:06:48,LIGEROS,"2,40 €",IVA incluido,Tarjeta de empresa,PASO-372795B7,EMP003,Transporte_03 S.L.,EMP003-U26,ALICANTE,Troncal de Manilva – ,Troncal de Manilva,
Peaje,Estatal,AP-68,2025-06-20 06:09:45,LIGEROS,"5,25 €",IVA incluido,Efectivo,PASO-414ED63C,EMP003,Transporte_03 S.L.,EMP003-U26,ZARAGOZA,Zambrana – Fuenmayor,Zambrana,Fuenmayor
Peaje,Estatal,AP-66,2025-04-27 16:09:13,LIGEROS,"9,80 €",IVA incluido,Tarjeta de empresa,PASO-B225401E,EMP003,Transporte_03 S.L.,EMP003-U26,ASTURIAS,Campomanes – La Magdalena,Campomanes,La Magdalena
Peaje,Estatal,AP-7,2025-03-31 19:53:39,LIGEROS,"3,70 €",IVA incluido,Tarjeta de empresa,PASO-1CC6B89D,EMP003,Transporte_03 S.L.,EMP003-U27,BARCELONA,Marbella – Estepona,Marbella,Estepona
Peaje,Estatal,AP-66,2025-04-30 23:24:09,LIGEROS,"9,80 €",IVA incluido,Tarjeta de empresa,PASO-F77A7465,EMP003,Transporte_03 S.L.,EMP003-U27,ASTURIAS,Campomanes – La Magdalena,Campomanes,La Magdalena
Peaje,Estatal,AP-7,2025-03-04 13:17:32,LIGEROS,"5,50 €",IVA incluido,Tarjeta de empresa,PASO-FC02EABE,EMP003,Transporte_03 S.L.,EMP003-U27,CÁDIZ,777 El Mirador-Colonia Ruiz de Alda – 800 Los Beatos-El Algar,777 El Mirador-Colonia Ruiz de Alda,800 Los Beatos-El Algar
Peaje,Estatal,AP-7,2025-03-15 11:42:27,LIGEROS,"2,75 €",IVA incluido,Tarjeta de empresa,PASO-2539FC38,EMP003,Transporte_03 S.L.,EMP003-U27,ALICANTE,724 Entronque A-7 – 754 Carretera San Miguel Benijofar,724 Entronque A-7,754 Carretera San Miguel Benijofar
Peaje,Estatal,AP-6,2025-05-02 06:33:38,LIGEROS,"15,15 €",IVA incluido,Tarjeta de empresa,PASO-F04219D9,EMP003,Transporte_03 S.L.,EMP003-U27,SEGOVIA,Villalba – Adanero,Villalba,Adanero
Peaje,Estatal,AP-7,2025-03-15 10:04:58,LIGEROS,"2,75 €",IVA incluido,Efectivo,PASO-C280A3E4,EMP003,Transporte_03 S.L.,EMP003-U27,MÁLAGA,754 Carretera San Miguel Benijofar – 794 Los Alcazares (Sur),754 Carretera San Miguel Benijofar,794 Los Alcazares (Sur)
Peaje,Estatal,AP-7,2025-07-10 08:19:50,LIGEROS,"2,75 €",IVA incluido,Tarjeta de empresa,PASO-AB1A7940,EMP003,Transporte_03 S.L.,EMP003-U27,BARCELONA,758 San Miguel de Salinas-Torrevieja – 763 La Zenia Urbanizaciones,758 San Miguel de Salinas-Torrevieja,763 La Zenia Urbanizaciones
Peaje,Estatal,AP-6,2025-05-16 08:45:48,LIGEROS,"8,75 €",IVA incluido,Tarjeta de empresa,PASO-9746633B,EMP003,Transporte_03 S.L.,EMP003-U27,MADRID,San Rafael – Adanero,San Rafael,Adanero
Peaje,Estatal,AP-61,2025-05-25 05:53:42,LIGEROS,"2,15 €",IVA incluido,Tarjeta de empresa,PASO-8322BFB3,EMP003,Transporte_03 S.L.,EMP003-U27,MADRID,Otero de Herreros – Hontoria,Otero de Herreros,Hontoria
Peaje,Estatal,AP-7,2025-05-05 12:42:01,LIGEROS,"2,75 €",IVA incluido,Tarjeta de empresa,PASO-B2B2C7B5,EMP003,Transporte_03 S.L.,EMP003-U27,BARCELONA,754 Carretera San Miguel Benijofar – 782 Balsicas,754 Carretera San Miguel Benijofar,782 Balsicas
Peaje,Estatal,AP-66,2025-04-26 18:29:07,LIGEROS,"6,10 €",IVA incluido,Tarjeta de empresa,PASO-9C6B8B94,EMP003,Transporte_03 S.L.,EMP003-U27,ASTURIAS,La Magdalena – León,La Magdalena,León
Peaje,Estatal,AP-68,2025-02-13 22:20:03,LIGEROS,"15,60 €",IVA incluido,Tarjeta de empresa,PASO-DFF85AB5,EMP003,Transporte_03 S.L.,EMP003-U27,ZARAGOZA,Agoncillo – Alagón pk 272,Agoncillo,Alagón pk 272
Peaje,Estatal,AP-61,2025-02-20 09:58:01,LIGEROS,"2,95 €",IVA incluido,Tarjeta de empresa,PASO-08798935,EMP003,Transporte_03 S.L.,EMP003-U27,MADRID,San Rafael – El Hontoria,San Rafael,El Hontoria
Peaje,Estatal,AP-7,2025-04-13 11:56:47,LIGEROS,"5,50 €",IVA incluido,Tarjeta de empresa,PASO-171CBA4B,EMP003,Transporte_03 S.L.,EMP003-U27,ALICANTE,Troncal de Calahonda – ,Troncal de Calahonda,
Peaje,Estatal,AP-61,2025-01-08 02:57:19,LIGEROS,"0,90 €",IVA incluido,Efectivo,PASO-995C7920,EMP003,Transporte_03 S.L.,EMP003-U27,MADRID,San Rafael – Otero de Herreros,San Rafael,Otero de Herreros
Peaje,Estatal,AP-7,2025-07-14 10:27:52,LIGEROS,"2,75 €",IVA incluido,Efectivo,PASO-E4BC4547,EMP003,Transporte_03 S.L.,EMP003-U27,BARCELONA,758 San Miguel de Salinas-Torrevieja – 774 San Pedro del Pinatar (Norte),758 San Miguel de Salinas-Torrevieja,774 San Pedro del Pinatar (Norte)
Peaje,Estatal,AP-7,2025-02-21 00:56:35,LIGEROS,"2,75 €",IVA incluido,Tarjeta de empresa,PASO-4B9C7F7C,EMP003,Transporte_03 S.L.,EMP003-U27,CÁDIZ,754 Carretera San Miguel Benijofar – 777 El Mirador-Colonia Ruiz de Alda,754 Carretera San Miguel Benijofar,777 El Mirador-Colonia Ruiz de Alda
Peaje,Estatal,AP-61,2025-06-17 06:25:07,LIGEROS,"2,15 €",IVA incluido,Tarjeta de empresa,PASO-79975B74,EMP003,Transporte_03 S.L.,EMP003-U27,MADRID,Otero de Herreros – Hontoria,Otero de Herreros,Hontoria
Peaje,Estatal,AP-61,2025-03-23 16:42:14,LIGEROS,"2,85 €",IVA incluido,Tarjeta de empresa,PASO-E52C0DA5,EMP003,Transporte_03 S.L.,EMP003-U27,MADRID,Conexión AP-6 (El Espinar) – Segovia,Conexión AP-6 (El Espinar),Segovia
Peaje,Estatal,AP-66,2025-04-29 22:20:50,LIGEROS,"6,10 €",IVA incluido,Efectivo,PASO-8F7DB016,EMP003,Transporte_03 S.L.,EMP003-U27,ASTURIAS,La Magdalena – León,La Magdalena,León
Peaje,Estatal,AP-6,2025-02-20 07:58:28,LIGEROS,"5,45 €",IVA incluido,Tarjeta de empresa,PASO-DC5D3CEE,EMP003,Transporte_03 S.L.,EMP003-U27,MADRID,Villalba – San Rafael,Villalba,San Rafael
Peaje,Estatal,AP-68,2025-04-03 20:01:31,LIGEROS,"30,95 €",IVA incluido,Tarjeta de empresa,PASO-7448C4E3,EMP003,Transporte_03 S.L.,EMP003-U27,ZARAGOZA,Ziorraga – Alagón pk 272,Ziorraga,Alagón pk 272
Peaje,Estatal,AP-7,2025-02-06 01:11:02,LIGEROS,"3,40 €",IVA incluido,Tarjeta de empresa,PASO-EB1C49E4,EMP003,Transporte_03 S.L.,EMP003-U27,CASTELLÓN / CASTELLÓ,Calahonda – Marbella,Calahonda,Marbella
Peaje,Estatal,AP-66,2025-03-30 02:28:15,LIGEROS,"4,15 €",IVA incluido,Tarjeta de empresa,PASO-10F15148,EMP003,Transporte_03 S.L.,EMP003-U27,ASTURIAS,Oblanca – La Magdalena,Oblanca,La Magdalena
